scenario_id,scenario_name,factory_id,part_category,part_label,requested_quantity,capacity_units_30d,adjusted_capacity_units_30d,capacity_tier,capacity_index,capacity_confidence,grid_zone_id,grid_dependency_score,outage_output_multiplier,hub_id,hub_name,destination_type,destination_factory_id,destination_name,destination_site_label,route_distance_km,duration_min,fuel_liters_per_trip,driver_hours_per_trip,estimated_trip_cost_krw,routing_provider,routing_status,route_geometry_source,route_geometry_points,route_road_summary,routing_note,risk,risk_reason,status
baseline,Baseline Production Plan,fac_priority_d8652de781,drone_assembly,Drone / Final Assembly,834,1450,1435,A,0.78,0.86,grid_zone_e6011691,0.487,0.698,fac_priority_d8652de781,본AI · 상주 생산공장,priority_final_assembly_factory,fac_priority_d8652de781,본AI · 상주 생산공장,상주 생산공장,0,0,0,0,0,onsite_final_assembly_assignment,onsite,,2,,Final assembly is assigned directly to this priority drone manufacturer site; no synthetic assembly hub leg.,0.12,normal public-data uncertainty,final-assembly
baseline,Baseline Production Plan,fac_priority_a2d8939ba2,drone_assembly,Drone / Final Assembly,834,1200,1188,A,0.78,0.84,grid_zone_bfcc2516,0.727,0.549,fac_priority_a2d8939ba2,유비파이 / UVify · 의왕 연구소 / 생산기지,priority_final_assembly_factory,fac_priority_a2d8939ba2,유비파이 / UVify · 의왕 연구소 / 생산기지,의왕 연구소 / 생산기지,0,0,0,0,0,onsite_final_assembly_assignment,onsite,,2,,Final assembly is assigned directly to this priority drone manufacturer site; no synthetic assembly hub leg.,0.12,normal public-data uncertainty,final-assembly
baseline,Baseline Production Plan,fac_priority_d14c61f1b0,drone_assembly,Drone / Final Assembly,834,1350,1336,A,0.78,0.85,grid_zone_4f20da2a,0.454,0.719,fac_priority_d14c61f1b0,파블로항공 / PABLO AIR · 송도 제조센터,priority_final_assembly_factory,fac_priority_d14c61f1b0,파블로항공 / PABLO AIR · 송도 제조센터,송도 제조센터,0,0,0,0,0,onsite_final_assembly_assignment,onsite,,2,,Final assembly is assigned directly to this priority drone manufacturer site; no synthetic assembly hub leg.,0.12,normal public-data uncertainty,final-assembly
baseline,Baseline Production Plan,fac_priority_ee105ea137,drone_assembly,Drone / Final Assembly,834,860,851,B,0.78,0.7,grid_zone_3964bd52,0.488,0.697,fac_priority_ee105ea137,에이럭스 / ALUX · 도봉 공식 사업장 / 제조 인프라 확인 필요,priority_final_assembly_factory,fac_priority_ee105ea137,에이럭스 / ALUX · 도봉 공식 사업장 / 제조 인프라 확인 필요,도봉 공식 사업장 / 제조 인프라 확인 필요,0,0,0,0,0,onsite_final_assembly_assignment,onsite,,2,,Final assembly is assigned directly to this priority drone manufacturer site; no synthetic assembly hub leg.,0.12,normal public-data uncertainty,final-assembly
baseline,Baseline Production Plan,fac_priority_7660b03367,drone_assembly,Drone / Final Assembly,833,2100,2079,A,0.78,0.87,grid_zone_c6caac65,0.423,0.738,fac_priority_7660b03367,대한항공 항공우주사업본부 · 대한항공 테크센터,priority_final_assembly_factory,fac_priority_7660b03367,대한항공 항공우주사업본부 · 대한항공 테크센터,대한항공 테크센터,0,0,0,0,0,onsite_final_assembly_assignment,onsite,,2,,Final assembly is assigned directly to this priority drone manufacturer site; no synthetic assembly hub leg.,0.12,normal public-data uncertainty,final-assembly
baseline,Baseline Production Plan,fac_priority_f1709ef7e1,drone_assembly,Drone / Final Assembly,833,1280,1267,A,0.78,0.84,grid_zone_bfcc2516,0.727,0.549,fac_priority_f1709ef7e1,프리뉴 / PRENEU · 안산 Manufacturing Center,priority_final_assembly_factory,fac_priority_f1709ef7e1,프리뉴 / PRENEU · 안산 Manufacturing Center,안산 Manufacturing Center,0,0,0,0,0,onsite_final_assembly_assignment,onsite,,2,,Final assembly is assigned directly to this priority drone manufacturer site; no synthetic assembly hub leg.,0.12,normal public-data uncertainty,final-assembly
baseline,Baseline Production Plan,fac_priority_ffb4309405,drone_assembly,Drone / Final Assembly,833,980,970,B,0.78,0.82,grid_zone_c6caac65,0.416,0.742,fac_priority_ffb4309405,피앤유드론 / PNU Drone · 부산 제1공장,priority_final_assembly_factory,fac_priority_ffb4309405,피앤유드론 / PNU Drone · 부산 제1공장,부산 제1공장,0,0,0,0,0,onsite_final_assembly_assignment,onsite,,2,,Final assembly is assigned directly to this priority drone manufacturer site; no synthetic assembly hub leg.,0.12,normal public-data uncertainty,final-assembly
baseline,Baseline Production Plan,fac_priority_38de94e360,drone_assembly,Drone / Final Assembly,833,1350,1336,A,0.78,0.82,grid_zone_ed9208b5,0.405,0.749,fac_priority_38de94e360,유콘시스템 / UCONSYSTEM · 대전 본사 / 생산기지 가정,priority_final_assembly_factory,fac_priority_38de94e360,유콘시스템 / UCONSYSTEM · 대전 본사 / 생산기지 가정,대전 본사 / 생산기지 가정,0,0,0,0,0,onsite_final_assembly_assignment,onsite,,2,,Final assembly is assigned directly to this priority drone manufacturer site; no synthetic assembly hub leg.,0.12,normal public-data uncertainty,final-assembly
baseline,Baseline Production Plan,fac_priority_115bd4ae5d,drone_assembly,Drone / Final Assembly,833,980,970,B,0.78,0.76,grid_zone_bfcc2516,0.72,0.554,fac_priority_115bd4ae5d,두산모빌리티이노베이션 / DMI · 두산기술원,priority_final_assembly_factory,fac_priority_115bd4ae5d,두산모빌리티이노베이션 / DMI · 두산기술원,두산기술원,0,0,0,0,0,onsite_final_assembly_assignment,onsite,,2,,Final assembly is assigned directly to this priority drone manufacturer site; no synthetic assembly hub leg.,0.12,normal public-data uncertainty,final-assembly
baseline,Baseline Production Plan,fac_priority_3872d4e82a,drone_assembly,Drone / Final Assembly,833,900,891,B,0.78,0.76,grid_zone_4f20da2a,0.445,0.724,fac_priority_3872d4e82a,숨비 / SOOMVI · 인천 본사 / 연구소,priority_final_assembly_factory,fac_priority_3872d4e82a,숨비 / SOOMVI · 인천 본사 / 연구소,인천 본사 / 연구소,0,0,0,0,0,onsite_final_assembly_assignment,onsite,,2,,Final assembly is assigned directly to this priority drone manufacturer site; no synthetic assembly hub leg.,0.12,normal public-data uncertainty,final-assembly
baseline,Baseline Production Plan,fac_priority_5daa57ca08,drone_assembly,Drone / Final Assembly,833,980,970,B,0.78,0.82,grid_zone_4f20da2a,0.45,0.721,fac_priority_5daa57ca08,아쎄따 / ASSETTA · 인천 연구소/공장,priority_final_assembly_factory,fac_priority_5daa57ca08,아쎄따 / ASSETTA · 인천 연구소/공장,인천 연구소/공장,0,0,0,0,0,onsite_final_assembly_assignment,onsite,,2,,Final assembly is assigned directly to this priority drone manufacturer site; no synthetic assembly hub leg.,0.12,normal public-data uncertainty,final-assembly
baseline,Baseline Production Plan,fac_priority_4bcce541d9,drone_assembly,Drone / Final Assembly,833,780,772,B,0.78,0.72,grid_zone_4f20da2a,0.442,0.726,fac_priority_4bcce541d9,아스트로엑스 / AstroX · 인천 로봇타워 R&D·제조거점,priority_final_assembly_factory,fac_priority_4bcce541d9,아스트로엑스 / AstroX · 인천 로봇타워 R&D·제조거점,인천 로봇타워 R&D·제조거점,0,0,0,0,0,onsite_final_assembly_assignment,onsite,,2,,Final assembly is assigned directly to this priority drone manufacturer site; no synthetic assembly hub leg.,0.12,normal public-data uncertainty,final-assembly
baseline,Baseline Production Plan,fac_0469d3cc51,flight_stack,Flight Stack / Electronics,2128,2150,2128,B,0.689,0.872,grid_zone_bfcc2516,0.741,0.541,fac_priority_f1709ef7e1,프리뉴 / PRENEU · 안산 Manufacturing Center,priority_final_assembly_factory,fac_priority_f1709ef7e1,프리뉴 / PRENEU · 안산 Manufacturing Center,안산 Manufacturing Center,9.4,13.6,1.4,0.23,8800,OSRM public demo server,routed,,32,6 / 경강로 6.0km → 45 0.5km → 16 / 북한강로 0.8km → 다산로 1.4km,Prototype route from OpenStreetMap road graph. Production should use approved provider or self-hosted OSRM.,0.12,normal public-data uncertainty,primary
baseline,Baseline Production Plan,fac_2efdf8c1a1,flight_stack,Flight Stack / Electronics,1881,1900,1881,B,0.672,0.862,grid_zone_bfcc2516,0.74,0.541,fac_priority_f1709ef7e1,프리뉴 / PRENEU · 안산 Manufacturing Center,priority_final_assembly_factory,fac_priority_f1709ef7e1,프리뉴 / PRENEU · 안산 Manufacturing Center,안산 Manufacturing Center,12.9,18.9,2.0,0.32,12200,OSRM public demo server,routed,,33,unnamed road 0.5km → 고래산로451번길 1.1km → 8 / 재재기로 1.9km → 45 / 북한강로 7.7km → 다산로 1.4km,Prototype route from OpenStreetMap road graph. Production should use approved provider or self-hosted OSRM.,0.12,normal public-data uncertainty,primary
baseline,Baseline Production Plan,fac_9b86d99440,flight_stack,Flight Stack / Electronics,1782,1800,1782,B,0.658,0.862,grid_zone_bfcc2516,0.74,0.541,fac_priority_a2d8939ba2,유비파이 / UVify · 의왕 연구소 / 생산기지,priority_final_assembly_factory,fac_priority_a2d8939ba2,유비파이 / UVify · 의왕 연구소 / 생산기지,의왕 연구소 / 생산기지,21.3,22.1,3.3,0.37,15900,OSRM public demo server,routed,,40,345 / 여양2로 5.3km → 88 / 고달사로 0.8km → unnamed road 2.1km → 52: 동서울 0.5km → 52 / 광주원주고속도로 8.3km,Prototype route from OpenStreetMap road graph. Production should use approved provider or self-hosted OSRM.,0.12,normal public-data uncertainty,primary
baseline,Baseline Production Plan,fac_6bedc85f6e,flight_stack,Flight Stack / Electronics,1757,1775,1757,B,0.636,0.862,grid_zone_bfcc2516,0.74,0.541,fac_priority_a2d8939ba2,유비파이 / UVify · 의왕 연구소 / 생산기지,priority_final_assembly_factory,fac_priority_a2d8939ba2,유비파이 / UVify · 의왕 연구소 / 생산기지,의왕 연구소 / 생산기지,17.4,40.3,2.7,0.67,23400,OSRM public demo server,routed,,45,unnamed road 1.7km → 345 / 여양2로 2.4km → 341 / 대평로 6.3km → 70 / 지평로 0.8km → 70 / 여양1로 6.0km,Prototype route from OpenStreetMap road graph. Production should use approved provider or self-hosted OSRM.,0.12,normal public-data uncertainty,primary
baseline,Baseline Production Plan,fac_42e82c2139,flight_stack,Flight Stack / Electronics,1856,1875,1856,B,0.642,0.842,grid_zone_bfcc2516,0.74,0.541,fac_priority_ee105ea137,에이럭스 / ALUX · 도봉 공식 사업장 / 제조 인프라 확인 필요,priority_final_assembly_factory,fac_priority_ee105ea137,에이럭스 / ALUX · 도봉 공식 사업장 / 제조 인프라 확인 필요,도봉 공식 사업장 / 제조 인프라 확인 필요,38.3,37.2,5.9,0.62,27400,OSRM public demo server,routed,,20,unnamed road 0.5km → 3 / 신평화로 23.1km → 3 / 동일로 13.8km,Prototype route from OpenStreetMap road graph. Production should use approved provider or self-hosted OSRM.,0.12,normal public-data uncertainty,primary
baseline,Baseline Production Plan,fac_6e28ddc870,flight_stack,Flight Stack / Electronics,596,1800,1782,B,0.621,0.842,grid_zone_bfcc2516,0.74,0.541,fac_priority_115bd4ae5d,두산모빌리티이노베이션 / DMI · 두산기술원,priority_final_assembly_factory,fac_priority_115bd4ae5d,두산모빌리티이노베이션 / DMI · 두산기술원,두산기술원,24.7,29.2,3.8,0.49,20100,OSRM public demo server,routed,,57,탑선길 1.2km → 88 / 정영로 4.3km → 88 / 왕창로 1.0km → 88 / 강남로 7.0km → 342 / 강상로 5.6km,Prototype route from OpenStreetMap road graph. Production should use approved provider or self-hosted OSRM.,0.12,normal public-data uncertainty,primary
baseline,Baseline Production Plan,fac_c788629a58,power,Battery / Power,1559,1575,1559,B,0.72,0.892,grid_zone_2d0a6a6a,0.642,0.602,fac_priority_5daa57ca08,아쎄따 / ASSETTA · 인천 연구소/공장,priority_final_assembly_factory,fac_priority_5daa57ca08,아쎄따 / ASSETTA · 인천 연구소/공장,인천 연구소/공장,133.1,111.7,20.5,1.86,86900,OSRM public demo server,routed,,28,619 / 한천로 2.9km → 30 / 서산영덕고속도로 3.3km → 15 / 서해안고속도로 35.6km → 153 / 평택시흥고속도로 40.5km → 330 / 제3경인고속화도로 3.5km,Prototype route from OpenStreetMap road graph. Production should use approved provider or self-hosted OSRM.,0.12,normal public-data uncertainty,primary
baseline,Baseline Production Plan,fac_167cd638df,power,Battery / Power,1237,1250,1237,C,0.588,0.893,grid_zone_bfcc2516,0.77,0.523,fac_priority_ee105ea137,에이럭스 / ALUX · 도봉 공식 사업장 / 제조 인프라 확인 필요,priority_final_assembly_factory,fac_priority_ee105ea137,에이럭스 / ALUX · 도봉 공식 사업장 / 제조 인프라 확인 필요,도봉 공식 사업장 / 제조 인프라 확인 필요,1.2,2.5,0.2,0.04,1500,OSRM public demo server,routed,,9,road step summary unavailable,Prototype route from OpenStreetMap road graph. Production should use approved provider or self-hosted OSRM.,0.12,normal public-data uncertainty,primary
baseline,Baseline Production Plan,fac_1a38150c72,power,Battery / Power,1262,1275,1262,C,0.603,0.893,grid_zone_bfcc2516,0.77,0.523,fac_priority_a2d8939ba2,유비파이 / UVify · 의왕 연구소 / 생산기지,priority_final_assembly_factory,fac_priority_a2d8939ba2,유비파이 / UVify · 의왕 연구소 / 생산기지,의왕 연구소 / 생산기지,14.4,20.6,2.2,0.34,13400,OSRM public demo server,routed,,31,unnamed road 0.9km → 341; 342 / 지평의병로 0.6km → 지평로 0.7km → 70 / 지평로 6.1km → 70 / 여양1로 6.0km,Prototype route from OpenStreetMap road graph. Production should use approved provider or self-hosted OSRM.,0.12,normal public-data uncertainty,primary
baseline,Baseline Production Plan,fac_40abaf57ad,power,Battery / Power,1460,1475,1460,B,0.663,0.892,grid_zone_fabab736,0.493,0.694,fac_priority_38de94e360,유콘시스템 / UCONSYSTEM · 대전 본사 / 생산기지 가정,priority_final_assembly_factory,fac_priority_38de94e360,유콘시스템 / UCONSYSTEM · 대전 본사 / 생산기지 가정,대전 본사 / 생산기지 가정,92.7,81.1,14.3,1.35,62100,OSRM public demo server,routed,,37,"unnamed road 2.2km → 1; 21 / 선비로 3.9km → 25 / 호남고속도로 80.0km → 유성, 계룡산국립공원, 국립대전현충원 0.8km → 월드컵대로 0.5km",Prototype route from OpenStreetMap road graph. Production should use approved provider or self-hosted OSRM.,0.12,normal public-data uncertainty,primary
baseline,Baseline Production Plan,fac_20b0a23ce0,power,Battery / Power,1138,1150,1138,C,0.543,0.86,grid_zone_2d0a6a6a,0.642,0.602,fac_priority_5daa57ca08,아쎄따 / ASSETTA · 인천 연구소/공장,priority_final_assembly_factory,fac_priority_5daa57ca08,아쎄따 / ASSETTA · 인천 연구소/공장,인천 연구소/공장,142.8,113.8,22.0,1.9,90500,OSRM public demo server,routed,,30,647 / 해운로 2.9km → unnamed road 2.1km → 15 / 서해안고속도로 53.1km → 153 / 평택시흥고속도로 40.5km → 330 / 제3경인고속화도로 3.5km,Prototype route from OpenStreetMap road graph. Production should use approved provider or self-hosted OSRM.,0.12,normal public-data uncertainty,primary
baseline,Baseline Production Plan,fac_681c5ac79f,power,Battery / Power,1064,1075,1064,C,0.552,0.893,grid_zone_bfcc2516,0.77,0.523,fac_priority_a2d8939ba2,유비파이 / UVify · 의왕 연구소 / 생산기지,priority_final_assembly_factory,fac_priority_a2d8939ba2,유비파이 / UVify · 의왕 연구소 / 생산기지,의왕 연구소 / 생산기지,16.2,17.4,2.5,0.29,12400,OSRM public demo server,routed,,15,오빈길 0.7km → 6 / 경강로 2.9km → 양평로 8.3km → 37 / 개군로 0.8km → 37 / 여양로 2.3km,Prototype route from OpenStreetMap road graph. Production should use approved provider or self-hosted OSRM.,0.12,normal public-data uncertainty,primary
baseline,Baseline Production Plan,fac_083c0288da,propulsion,Motor / Propulsion,4653,4700,4653,B,0.634,0.862,grid_zone_bfcc2516,0.737,0.543,fac_priority_f1709ef7e1,프리뉴 / PRENEU · 안산 Manufacturing Center,priority_final_assembly_factory,fac_priority_f1709ef7e1,프리뉴 / PRENEU · 안산 Manufacturing Center,안산 Manufacturing Center,27.0,29.8,4.2,0.5,21000,OSRM public demo server,routed,,29,43; 45 / 회안대로 3.3km → unnamed road 1.7km → 35 / 중부고속도로 9.8km → 189 / 창우로 2.2km → 45 6.2km,Prototype route from OpenStreetMap road graph. Production should use approved provider or self-hosted OSRM.,0.12,normal public-data uncertainty,primary
baseline,Baseline Production Plan,fac_e67713f287,propulsion,Motor / Propulsion,4900,4950,4900,B,0.673,0.842,grid_zone_bfcc2516,0.737,0.543,fac_priority_a2d8939ba2,유비파이 / UVify · 의왕 연구소 / 생산기지,priority_final_assembly_factory,fac_priority_a2d8939ba2,유비파이 / UVify · 의왕 연구소 / 생산기지,의왕 연구소 / 생산기지,24.9,32.3,3.8,0.54,21600,OSRM public demo server,routed,,30,용천로 7.3km → 37 / 마유산로 3.4km → 6; 37; 44 / 경강로 1.1km → 양평로 8.3km → 37 / 개군로 0.8km,Prototype route from OpenStreetMap road graph. Production should use approved provider or self-hosted OSRM.,0.12,normal public-data uncertainty,primary
baseline,Baseline Production Plan,fac_6884b83922,propulsion,Motor / Propulsion,4826,4875,4826,B,0.646,0.862,grid_zone_bfcc2516,0.737,0.543,fac_priority_f1709ef7e1,프리뉴 / PRENEU · 안산 Manufacturing Center,priority_final_assembly_factory,fac_priority_f1709ef7e1,프리뉴 / PRENEU · 안산 Manufacturing Center,안산 Manufacturing Center,26.7,35.7,4.1,0.6,23600,OSRM public demo server,routed,,39,검복길 0.8km → 342 / 남한산성로 5.1km → 43 / 회안대로 2.1km → 43 / 하남대로 6.1km → 189 / 창우로 2.6km,Prototype route from OpenStreetMap road graph. Production should use approved provider or self-hosted OSRM.,0.12,normal public-data uncertainty,primary
baseline,Baseline Production Plan,fac_496dda5a33,propulsion,Motor / Propulsion,4405,4450,4405,B,0.621,0.842,grid_zone_4f20da2a,0.463,0.713,fac_priority_4bcce541d9,아스트로엑스 / AstroX · 인천 로봇타워 R&D·제조거점,priority_final_assembly_factory,fac_priority_4bcce541d9,아스트로엑스 / AstroX · 인천 로봇타워 R&D·제조거점,인천 로봇타워 R&D·제조거점,13.3,18.1,2.0,0.3,11900,OSRM public demo server,routed,,27,unnamed road 2.5km → 광명로 1.7km → 110 / 제2경인고속도로 2.7km → 100 / 수도권제1순환고속도로 1.9km → 소사로 2.9km,Prototype route from OpenStreetMap road graph. Production should use approved provider or self-hosted OSRM.,0.12,normal public-data uncertainty,primary
baseline,Baseline Production Plan,fac_b9b6abc2fa,propulsion,Motor / Propulsion,3910,3950,3910,C,0.601,0.842,grid_zone_bfcc2516,0.737,0.543,fac_priority_f1709ef7e1,프리뉴 / PRENEU · 안산 Manufacturing Center,priority_final_assembly_factory,fac_priority_f1709ef7e1,프리뉴 / PRENEU · 안산 Manufacturing Center,안산 Manufacturing Center,82.9,77.2,12.8,1.29,57700,OSRM public demo server,routed,,28,302 / 진안로 2.3km → 302 / 종합운동장로 2.2km → unnamed road 3.1km → 29 / 세종포천고속도로 38.4km → 43 / 포은대로 3.2km,Prototype route from OpenStreetMap road graph. Production should use approved provider or self-hosted OSRM.,0.12,normal public-data uncertainty,primary
baseline,Baseline Production Plan,fac_a4d3f730aa,propulsion,Motor / Propulsion,3019,3050,3019,C,0.471,0.873,grid_zone_3964bd52,0.517,0.679,fac_priority_4bcce541d9,아스트로엑스 / AstroX · 인천 로봇타워 R&D·제조거점,priority_final_assembly_factory,fac_priority_4bcce541d9,아스트로엑스 / AstroX · 인천 로봇타워 R&D·제조거점,인천 로봇타워 R&D·제조거점,15.3,18.0,2.4,0.3,12400,OSRM public demo server,routed,,25,서부간선도로 3.2km → 가산디지털2로 0.8km → 디지털로 0.8km → 오리로 3.7km → 46 / 경인로 4.0km,Prototype route from OpenStreetMap road graph. Production should use approved provider or self-hosted OSRM.,0.12,normal public-data uncertainty,primary
baseline,Baseline Production Plan,fac_39453d026e,sensor_payload,Sensor / Camera,2178,2200,2178,B,0.64,0.903,grid_zone_bfcc2516,0.729,0.548,fac_priority_f1709ef7e1,프리뉴 / PRENEU · 안산 Manufacturing Center,priority_final_assembly_factory,fac_priority_f1709ef7e1,프리뉴 / PRENEU · 안산 Manufacturing Center,안산 Manufacturing Center,31.0,31.2,4.8,0.52,22700,OSRM public demo server,routed,,32,35 / 중부고속도로 17.3km → unnamed road 2.4km → 189 / 창우로 2.2km → 45 6.2km → 16 / 북한강로 0.8km,Prototype route from OpenStreetMap road graph. Production should use approved provider or self-hosted OSRM.,0.12,normal public-data uncertainty,primary
baseline,Baseline Production Plan,fac_864caccf17,sensor_payload,Sensor / Camera,2054,2075,2054,B,0.639,0.893,grid_zone_49414766,0.454,0.719,fac_priority_38de94e360,유콘시스템 / UCONSYSTEM · 대전 본사 / 생산기지 가정,priority_final_assembly_factory,fac_priority_38de94e360,유콘시스템 / UCONSYSTEM · 대전 본사 / 생산기지 가정,대전 본사 / 생산기지 가정,52.9,46.0,8.1,0.77,35300,OSRM public demo server,routed,,20,17 / 공항로 1.4km → unnamed road 3.5km → 96; 540 / 오창대로 1.5km → 35 / 중부고속도로 14.4km → 1 / 경부고속도로 17.2km,Prototype route from OpenStreetMap road graph. Production should use approved provider or self-hosted OSRM.,0.12,normal public-data uncertainty,primary
baseline,Baseline Production Plan,fac_574770868e,sensor_payload,Sensor / Camera,2178,2200,2178,B,0.639,0.893,grid_zone_4f20da2a,0.448,0.722,fac_priority_d14c61f1b0,파블로항공 / PABLO AIR · 송도 제조센터,priority_final_assembly_factory,fac_priority_d14c61f1b0,파블로항공 / PABLO AIR · 송도 제조센터,송도 제조센터,27.2,27.6,4.2,0.46,20000,OSRM public demo server,routed,,27,"42 / 수인로 1.7km → unnamed road 1.6km → 마유로 2.2km → 100 / 수도권제1순환고속도로 10.3km → 120: 서울, 인천 0.8km",Prototype route from OpenStreetMap road graph. Production should use approved provider or self-hosted OSRM.,0.12,normal public-data uncertainty,primary
baseline,Baseline Production Plan,fac_5b9b5c4665,sensor_payload,Sensor / Camera,2301,2325,2301,B,0.662,0.873,grid_zone_a1097f3c,0.453,0.719,fac_priority_7660b03367,대한항공 항공우주사업본부 · 대한항공 테크센터,priority_final_assembly_factory,fac_priority_7660b03367,대한항공 항공우주사업본부 · 대한항공 테크센터,대한항공 테크센터,42.2,41.8,6.5,0.7,30500,OSRM public demo server,routed,,26,unnamed road 4.8km → 자여로 1.7km → 10 / 남해고속도로 12.4km → 104 / 남해고속도로제2지선 5.1km → 율하4로 1.1km,Prototype route from OpenStreetMap road graph. Production should use approved provider or self-hosted OSRM.,0.12,normal public-data uncertainty,primary
baseline,Baseline Production Plan,fac_700aec486e,sensor_payload,Sensor / Camera,1289,2225,2202,B,0.624,0.873,grid_zone_bfcc2516,0.722,0.552,fac_priority_a2d8939ba2,유비파이 / UVify · 의왕 연구소 / 생산기지,priority_final_assembly_factory,fac_priority_a2d8939ba2,유비파이 / UVify · 의왕 연구소 / 생산기지,의왕 연구소 / 생산기지,15.1,15.8,2.3,0.26,11300,OSRM public demo server,routed,,16,강변북로 1.5km → unnamed road 0.4km → 37 / 여주북로 7.6km → 37 / 여양로 4.7km → 70 / 여양1로 0.5km,Prototype route from OpenStreetMap road graph. Production should use approved provider or self-hosted OSRM.,0.12,normal public-data uncertainty,primary
baseline,Baseline Production Plan,fac_94c213e613,airframe,Airframe / Materials,2920,2950,2920,B,0.639,0.923,grid_zone_bfcc2516,0.717,0.555,fac_priority_a2d8939ba2,유비파이 / UVify · 의왕 연구소 / 생산기지,priority_final_assembly_factory,fac_priority_a2d8939ba2,유비파이 / UVify · 의왕 연구소 / 생산기지,의왕 연구소 / 생산기지,28.3,29.9,4.4,0.5,21400,OSRM public demo server,routed,,28,재안동길 0.5km → 봉상길 1.2km → 6; 44 / 경강로 12.7km → 88 1.8km → 37 / 양평로 7.6km,Prototype route from OpenStreetMap road graph. Production should use approved provider or self-hosted OSRM.,0.12,normal public-data uncertainty,primary
baseline,Baseline Production Plan,fac_82ab4f0707,airframe,Airframe / Materials,2400,2425,2400,C,0.603,0.923,grid_zone_e6011691,0.475,0.706,fac_priority_d8652de781,본AI · 상주 생산공장,priority_final_assembly_factory,fac_priority_d8652de781,본AI · 상주 생산공장,상주 생산공장,21.0,26.2,3.2,0.44,17700,OSRM public demo server,routed,,38,unnamed road 8.9km → 35 / 충효로 6.5km → 길안청송로 5.5km,Prototype route from OpenStreetMap road graph. Production should use approved provider or self-hosted OSRM.,0.12,normal public-data uncertainty,primary
baseline,Baseline Production Plan,fac_c647d0865d,airframe,Airframe / Materials,3341,3375,3341,B,0.7,0.873,grid_zone_bfcc2516,0.711,0.559,fac_priority_a2d8939ba2,유비파이 / UVify · 의왕 연구소 / 생산기지,priority_final_assembly_factory,fac_priority_a2d8939ba2,유비파이 / UVify · 의왕 연구소 / 생산기지,의왕 연구소 / 생산기지,25.0,30.1,3.8,0.5,20600,OSRM public demo server,routed,,36,unnamed road 0.9km → 37 / 마유산로 10.4km → 6; 37; 44 / 경강로 1.1km → 양평로 8.3km → 37 / 개군로 0.8km,Prototype route from OpenStreetMap road graph. Production should use approved provider or self-hosted OSRM.,0.12,normal public-data uncertainty,primary
baseline,Baseline Production Plan,fac_cc1c9e0bfe,airframe,Airframe / Materials,1339,2300,2277,C,0.567,0.923,grid_zone_eb82a68b,0.401,0.751,fac_priority_38de94e360,유콘시스템 / UCONSYSTEM · 대전 본사 / 생산기지 가정,priority_final_assembly_factory,fac_priority_38de94e360,유콘시스템 / UCONSYSTEM · 대전 본사 / 생산기지 가정,대전 본사 / 생산기지 가정,154.4,124.5,23.8,2.08,98500,OSRM public demo server,routed,,32,"1 / 하서대로 8.4km → unnamed road 0.6km → 25 / 호남고속도로 139.3km → 유성, 계룡산국립공원, 국립대전현충원 0.8km → 월드컵대로 0.5km",Prototype route from OpenStreetMap road graph. Production should use approved provider or self-hosted OSRM.,0.12,normal public-data uncertainty,primary
baseline,Baseline Production Plan,fac_3215491325,harness,Harness / Connector,3019,3050,3019,B,0.704,0.903,grid_zone_2d0a6a6a,0.55,0.659,fac_priority_38de94e360,유콘시스템 / UCONSYSTEM · 대전 본사 / 생산기지 가정,priority_final_assembly_factory,fac_priority_38de94e360,유콘시스템 / UCONSYSTEM · 대전 본사 / 생산기지 가정,대전 본사 / 생산기지 가정,84.7,79.2,13.0,1.32,59100,OSRM public demo server,routed,,53,unnamed road 4.5km → 봉수산로 4.2km → 604 / 용두장신길 2.9km → 604 / 장신신흥길 3.2km → 70; 645 / 청신로 1.9km,Prototype route from OpenStreetMap road graph. Production should use approved provider or self-hosted OSRM.,0.12,normal public-data uncertainty,primary
baseline,Baseline Production Plan,fac_18d73ec4e7,harness,Harness / Connector,2797,2825,2797,B,0.663,0.893,grid_zone_49414766,0.412,0.745,fac_priority_38de94e360,유콘시스템 / UCONSYSTEM · 대전 본사 / 생산기지 가정,priority_final_assembly_factory,fac_priority_38de94e360,유콘시스템 / UCONSYSTEM · 대전 본사 / 생산기지 가정,대전 본사 / 생산기지 가정,43.7,40.2,6.7,0.67,30200,OSRM public demo server,routed,,27,오송가락로 1.2km → 1 / 경부고속도로 25.9km → 신탄진 0.9km → 17 / 신탄진로 2.4km → unnamed road 1.0km,Prototype route from OpenStreetMap road graph. Production should use approved provider or self-hosted OSRM.,0.12,normal public-data uncertainty,primary
baseline,Baseline Production Plan,fac_e9184ea9bd,harness,Harness / Connector,2524,2550,2524,B,0.64,0.893,grid_zone_49414766,0.412,0.745,fac_priority_38de94e360,유콘시스템 / UCONSYSTEM · 대전 본사 / 생산기지 가정,priority_final_assembly_factory,fac_priority_38de94e360,유콘시스템 / UCONSYSTEM · 대전 본사 / 생산기지 가정,대전 본사 / 생산기지 가정,49.1,47.8,7.6,0.8,35100,OSRM public demo server,routed,,32,엘지로 4.5km → 대신로 1.5km → 직지대로 1.5km → unnamed road 1.5km → 35 / 중부고속도로 6.6km,Prototype route from OpenStreetMap road graph. Production should use approved provider or self-hosted OSRM.,0.12,normal public-data uncertainty,primary
baseline,Baseline Production Plan,fac_b0e7ca700a,harness,Harness / Connector,1660,2950,2920,B,0.685,0.877,grid_zone_bfcc2516,0.677,0.58,fac_priority_115bd4ae5d,두산모빌리티이노베이션 / DMI · 두산기술원,priority_final_assembly_factory,fac_priority_115bd4ae5d,두산모빌리티이노베이션 / DMI · 두산기술원,두산기술원,23.6,26.7,3.6,0.45,18600,OSRM public demo server,routed,,34,341 / 용문산로 1.4km → 6; 44 6.9km → 88 2.2km → 시민로 1.1km → 98 / 양평대교길 0.8km,Prototype route from OpenStreetMap road graph. Production should use approved provider or self-hosted OSRM.,0.12,normal public-data uncertainty,primary
baseline,Baseline Production Plan,fac_cb50eed1fd,qa_packaging,Test / Packaging,3415,3450,3415,C,0.603,0.893,grid_zone_bfcc2516,0.654,0.595,fac_priority_d14c61f1b0,파블로항공 / PABLO AIR · 송도 제조센터,priority_final_assembly_factory,fac_priority_d14c61f1b0,파블로항공 / PABLO AIR · 송도 제조센터,송도 제조센터,48.0,41.9,7.4,0.7,32100,OSRM public demo server,routed,,26,"39 / 신호국로 1.2km → unnamed road 2.3km → 39 / 가마골로 0.6km → 100 / 수도권제1순환고속도로 32.0km → 120: 서울, 인천 1.2km",Prototype route from OpenStreetMap road graph. Production should use approved provider or self-hosted OSRM.,0.12,normal public-data uncertainty,primary
baseline,Baseline Production Plan,fac_be98174b87,qa_packaging,Test / Packaging,3069,3100,3069,C,0.575,0.893,grid_zone_bfcc2516,0.654,0.595,fac_priority_f1709ef7e1,프리뉴 / PRENEU · 안산 Manufacturing Center,priority_final_assembly_factory,fac_priority_f1709ef7e1,프리뉴 / PRENEU · 안산 Manufacturing Center,안산 Manufacturing Center,55.5,57.2,8.5,0.95,41200,OSRM public demo server,routed,,22,unnamed road 2.5km → 56 / 청군로 0.9km → 87 / 포천로 14.0km → 98 2.1km → 400 / 수도권제2순환고속도로 23.7km,Prototype route from OpenStreetMap road graph. Production should use approved provider or self-hosted OSRM.,0.12,normal public-data uncertainty,primary
baseline,Baseline Production Plan,fac_ee30082ddc,qa_packaging,Test / Packaging,3391,3425,3391,C,0.607,0.893,grid_zone_bfcc2516,0.654,0.595,fac_priority_a2d8939ba2,유비파이 / UVify · 의왕 연구소 / 생산기지,priority_final_assembly_factory,fac_priority_a2d8939ba2,유비파이 / UVify · 의왕 연구소 / 생산기지,의왕 연구소 / 생산기지,9.7,14.6,1.5,0.24,9400,OSRM public demo server,routed,,27,unnamed road 3.1km → 수곡로 1.0km → 추읍로 1.2km → 계전길 2.0km → 70 / 여양1로 2.4km,Prototype route from OpenStreetMap road graph. Production should use approved provider or self-hosted OSRM.,0.12,normal public-data uncertainty,primary
baseline,Baseline Production Plan,fac_8fd2d14ece,qa_packaging,Test / Packaging,125,3225,3193,C,0.573,0.893,grid_zone_a1097f3c,0.384,0.762,fac_priority_7660b03367,대한항공 항공우주사업본부 · 대한항공 테크센터,priority_final_assembly_factory,fac_priority_7660b03367,대한항공 항공우주사업본부 · 대한항공 테크센터,대한항공 테크센터,22.1,20.0,3.4,0.33,15100,OSRM public demo server,routed,,24,104 / 남해고속도로제2지선 4.2km → 율하4로 1.1km → unnamed road 0.7km → 남해안대로 4.7km → 세산고가도로 0.8km,Prototype route from OpenStreetMap road graph. Production should use approved provider or self-hosted OSRM.,0.12,normal public-data uncertainty,primary
western_axis_threat,Western Axis Factory Strike Forecast,fac_priority_d8652de781,drone_assembly,Drone / Final Assembly,834,1450,1360,A,0.78,0.86,grid_zone_e6011691,0.487,0.698,fac_priority_d8652de781,본AI · 상주 생산공장,priority_final_assembly_factory,fac_priority_d8652de781,본AI · 상주 생산공장,상주 생산공장,0,0,0,0,0,onsite_final_assembly_assignment,onsite,,2,,Final assembly is assigned directly to this priority drone manufacturer site; no synthetic assembly hub leg.,0.16,192 km from predicted corridor,final-assembly
western_axis_threat,Western Axis Factory Strike Forecast,fac_priority_a2d8939ba2,drone_assembly,Drone / Final Assembly,834,1200,1033,A,0.78,0.84,grid_zone_bfcc2516,0.727,0.549,fac_priority_a2d8939ba2,유비파이 / UVify · 의왕 연구소 / 생산기지,priority_final_assembly_factory,fac_priority_a2d8939ba2,유비파이 / UVify · 의왕 연구소 / 생산기지,의왕 연구소 / 생산기지,0,0,0,0,0,onsite_final_assembly_assignment,onsite,,2,,Final assembly is assigned directly to this priority drone manufacturer site; no synthetic assembly hub leg.,0.36,77 km from predicted corridor,final-assembly
western_axis_threat,Western Axis Factory Strike Forecast,fac_priority_d14c61f1b0,drone_assembly,Drone / Final Assembly,834,1350,1079,A,0.78,0.85,grid_zone_4f20da2a,0.454,0.719,fac_priority_d14c61f1b0,파블로항공 / PABLO AIR · 송도 제조센터,priority_final_assembly_factory,fac_priority_d14c61f1b0,파블로항공 / PABLO AIR · 송도 제조센터,송도 제조센터,0,0,0,0,0,onsite_final_assembly_assignment,onsite,,2,,Final assembly is assigned directly to this priority drone manufacturer site; no synthetic assembly hub leg.,0.52,35 km from predicted corridor,final-assembly
western_axis_threat,Western Axis Factory Strike Forecast,fac_priority_ee105ea137,drone_assembly,Drone / Final Assembly,834,860,724,B,0.78,0.7,grid_zone_3964bd52,0.488,0.697,fac_priority_ee105ea137,에이럭스 / ALUX · 도봉 공식 사업장 / 제조 인프라 확인 필요,priority_final_assembly_factory,fac_priority_ee105ea137,에이럭스 / ALUX · 도봉 공식 사업장 / 제조 인프라 확인 필요,도봉 공식 사업장 / 제조 인프라 확인 필요,0,0,0,0,0,onsite_final_assembly_assignment,onsite,,2,,Final assembly is assigned directly to this priority drone manufacturer site; no synthetic assembly hub leg.,0.41,65 km from predicted corridor,final-assembly
western_axis_threat,Western Axis Factory Strike Forecast,fac_priority_7660b03367,drone_assembly,Drone / Final Assembly,833,2100,1970,A,0.78,0.87,grid_zone_c6caac65,0.423,0.738,fac_priority_7660b03367,대한항공 항공우주사업본부 · 대한항공 테크센터,priority_final_assembly_factory,fac_priority_7660b03367,대한항공 항공우주사업본부 · 대한항공 테크센터,대한항공 테크센터,0,0,0,0,0,onsite_final_assembly_assignment,onsite,,2,,Final assembly is assigned directly to this priority drone manufacturer site; no synthetic assembly hub leg.,0.16,281 km from predicted corridor,final-assembly
western_axis_threat,Western Axis Factory Strike Forecast,fac_priority_f1709ef7e1,drone_assembly,Drone / Final Assembly,833,1280,1087,A,0.78,0.84,grid_zone_bfcc2516,0.727,0.549,fac_priority_f1709ef7e1,프리뉴 / PRENEU · 안산 Manufacturing Center,priority_final_assembly_factory,fac_priority_f1709ef7e1,프리뉴 / PRENEU · 안산 Manufacturing Center,안산 Manufacturing Center,0,0,0,0,0,onsite_final_assembly_assignment,onsite,,2,,Final assembly is assigned directly to this priority drone manufacturer site; no synthetic assembly hub leg.,0.39,70 km from predicted corridor,final-assembly
western_axis_threat,Western Axis Factory Strike Forecast,fac_priority_ffb4309405,drone_assembly,Drone / Final Assembly,833,980,919,B,0.78,0.82,grid_zone_c6caac65,0.416,0.742,fac_priority_ffb4309405,피앤유드론 / PNU Drone · 부산 제1공장,priority_final_assembly_factory,fac_priority_ffb4309405,피앤유드론 / PNU Drone · 부산 제1공장,부산 제1공장,0,0,0,0,0,onsite_final_assembly_assignment,onsite,,2,,Final assembly is assigned directly to this priority drone manufacturer site; no synthetic assembly hub leg.,0.16,299 km from predicted corridor,final-assembly
western_axis_threat,Western Axis Factory Strike Forecast,fac_priority_38de94e360,drone_assembly,Drone / Final Assembly,833,1350,1173,A,0.78,0.82,grid_zone_ed9208b5,0.405,0.749,fac_priority_38de94e360,유콘시스템 / UCONSYSTEM · 대전 본사 / 생산기지 가정,priority_final_assembly_factory,fac_priority_38de94e360,유콘시스템 / UCONSYSTEM · 대전 본사 / 생산기지 가정,대전 본사 / 생산기지 가정,0,0,0,0,0,onsite_final_assembly_assignment,onsite,,2,,Final assembly is assigned directly to this priority drone manufacturer site; no synthetic assembly hub leg.,0.34,83 km from predicted corridor,final-assembly
western_axis_threat,Western Axis Factory Strike Forecast,fac_priority_115bd4ae5d,drone_assembly,Drone / Final Assembly,833,980,840,B,0.78,0.76,grid_zone_bfcc2516,0.72,0.554,fac_priority_115bd4ae5d,두산모빌리티이노베이션 / DMI · 두산기술원,priority_final_assembly_factory,fac_priority_115bd4ae5d,두산모빌리티이노베이션 / DMI · 두산기술원,두산기술원,0,0,0,0,0,onsite_final_assembly_assignment,onsite,,2,,Final assembly is assigned directly to this priority drone manufacturer site; no synthetic assembly hub leg.,0.37,74 km from predicted corridor,final-assembly
western_axis_threat,Western Axis Factory Strike Forecast,fac_priority_3872d4e82a,drone_assembly,Drone / Final Assembly,833,900,719,B,0.78,0.76,grid_zone_4f20da2a,0.445,0.724,fac_priority_3872d4e82a,숨비 / SOOMVI · 인천 본사 / 연구소,priority_final_assembly_factory,fac_priority_3872d4e82a,숨비 / SOOMVI · 인천 본사 / 연구소,인천 본사 / 연구소,0,0,0,0,0,onsite_final_assembly_assignment,onsite,,2,,Final assembly is assigned directly to this priority drone manufacturer site; no synthetic assembly hub leg.,0.52,35 km from predicted corridor,final-assembly
western_axis_threat,Western Axis Factory Strike Forecast,fac_priority_5daa57ca08,drone_assembly,Drone / Final Assembly,833,980,761,B,0.78,0.82,grid_zone_4f20da2a,0.45,0.721,fac_priority_5daa57ca08,아쎄따 / ASSETTA · 인천 연구소/공장,priority_final_assembly_factory,fac_priority_5daa57ca08,아쎄따 / ASSETTA · 인천 연구소/공장,인천 연구소/공장,0,0,0,0,0,onsite_final_assembly_assignment,onsite,,2,,Final assembly is assigned directly to this priority drone manufacturer site; no synthetic assembly hub leg.,0.58,20 km from predicted corridor,final-assembly
western_axis_threat,Western Axis Factory Strike Forecast,fac_priority_4bcce541d9,drone_assembly,Drone / Final Assembly,833,780,629,B,0.78,0.72,grid_zone_4f20da2a,0.442,0.726,fac_priority_4bcce541d9,아스트로엑스 / AstroX · 인천 로봇타워 R&D·제조거점,priority_final_assembly_factory,fac_priority_4bcce541d9,아스트로엑스 / AstroX · 인천 로봇타워 R&D·제조거점,인천 로봇타워 R&D·제조거점,0,0,0,0,0,onsite_final_assembly_assignment,onsite,,2,,Final assembly is assigned directly to this priority drone manufacturer site; no synthetic assembly hub leg.,0.5,39 km from predicted corridor,final-assembly
western_axis_threat,Western Axis Factory Strike Forecast,fac_d095f6a2a9,flight_stack,Flight Stack / Electronics,1876,2000,1876,B,0.639,0.862,grid_zone_fabab736,0.44,0.727,fac_priority_38de94e360,유콘시스템 / UCONSYSTEM · 대전 본사 / 생산기지 가정,priority_final_assembly_factory,fac_priority_38de94e360,유콘시스템 / UCONSYSTEM · 대전 본사 / 생산기지 가정,대전 본사 / 생산기지 가정,86.4,70.7,13.3,1.18,55600,OSRM public demo server,routed,,30,"20 / 새만금전주고속도로 1.5km → unnamed road 1.8km → 27 / 순천완주고속도로 9.1km → 204 / 익산장수고속도로 9.0km → 천안, 대전, 익산 0.8km",Prototype route from OpenStreetMap road graph. Production should use approved provider or self-hosted OSRM.,0.16,136 km from predicted corridor,primary
western_axis_threat,Western Axis Factory Strike Forecast,fac_1dc7d89a05,flight_stack,Flight Stack / Electronics,1477,1575,1477,C,0.587,0.862,grid_zone_e6011691,0.498,0.691,fac_priority_d8652de781,본AI · 상주 생산공장,priority_final_assembly_factory,fac_priority_d8652de781,본AI · 상주 생산공장,상주 생산공장,101.2,110.8,15.6,1.85,78200,OSRM public demo server,routed,,48,unnamed road 5.7km → 도락산로 2.7km → 도예로 4.8km → 69 / 도효자로 23.7km → 충효로 9.3km,Prototype route from OpenStreetMap road graph. Production should use approved provider or self-hosted OSRM.,0.16,130 km from predicted corridor,primary
western_axis_threat,Western Axis Factory Strike Forecast,fac_536d0d4da0,flight_stack,Flight Stack / Electronics,1149,1225,1149,C,0.497,0.873,grid_zone_a1097f3c,0.477,0.704,fac_priority_7660b03367,대한항공 항공우주사업본부 · 대한항공 테크센터,priority_final_assembly_factory,fac_priority_7660b03367,대한항공 항공우주사업본부 · 대한항공 테크센터,대한항공 테크센터,21.1,30.4,3.2,0.51,19700,OSRM public demo server,routed,,36,unnamed road 1.0km → 동선길 1.8km → 동선2길 0.4km → 58 / 거가대로 2.5km → 69 / 거가대로 0.5km,Prototype route from OpenStreetMap road graph. Production should use approved provider or self-hosted OSRM.,0.16,280 km from predicted corridor,primary
western_axis_threat,Western Axis Factory Strike Forecast,fac_e0e174d97d,flight_stack,Flight Stack / Electronics,1595,1700,1595,C,0.602,0.862,grid_zone_a1097f3c,0.47,0.709,fac_priority_7660b03367,대한항공 항공우주사업본부 · 대한항공 테크센터,priority_final_assembly_factory,fac_priority_7660b03367,대한항공 항공우주사업본부 · 대한항공 테크센터,대한항공 테크센터,33.4,32.6,5.1,0.54,23900,OSRM public demo server,routed,,36,속천로 0.5km → unnamed road 0.6km → 진희로 2.8km → 충장로 0.9km → 풍호로 0.5km,Prototype route from OpenStreetMap road graph. Production should use approved provider or self-hosted OSRM.,0.16,262 km from predicted corridor,primary
western_axis_threat,Western Axis Factory Strike Forecast,fac_352a3afb22,flight_stack,Flight Stack / Electronics,1900,2025,1900,B,0.669,0.832,grid_zone_e6011691,0.492,0.695,fac_priority_d8652de781,본AI · 상주 생산공장,priority_final_assembly_factory,fac_priority_d8652de781,본AI · 상주 생산공장,상주 생산공장,6.0,8.7,0.9,0.14,5600,OSRM public demo server,routed,,31,914 / 길안청송로 1.0km → unnamed road 4.9km,Prototype route from OpenStreetMap road graph. Production should use approved provider or self-hosted OSRM.,0.16,194 km from predicted corridor,primary
western_axis_threat,Western Axis Factory Strike Forecast,fac_bdab92bf13,flight_stack,Flight Stack / Electronics,1876,2000,1876,B,0.667,0.832,grid_zone_79012109,0.51,0.684,fac_priority_7660b03367,대한항공 항공우주사업본부 · 대한항공 테크센터,priority_final_assembly_factory,fac_priority_7660b03367,대한항공 항공우주사업본부 · 대한항공 테크센터,대한항공 테크센터,70.8,62.3,10.9,1.04,47600,OSRM public demo server,routed,,17,천전각석길 1.3km → 1080 / 인보구미로 2.3km → 35 / 반구대로 10.5km → 1 / 경부고속도로 26.8km → 551 / 중앙고속도로지선 8.1km,Prototype route from OpenStreetMap road graph. Production should use approved provider or self-hosted OSRM.,0.16,256 km from predicted corridor,primary
western_axis_threat,Western Axis Factory Strike Forecast,fac_40abaf57ad,power,Battery / Power,1384,1475,1384,B,0.663,0.892,grid_zone_fabab736,0.493,0.694,fac_priority_38de94e360,유콘시스템 / UCONSYSTEM · 대전 본사 / 생산기지 가정,priority_final_assembly_factory,fac_priority_38de94e360,유콘시스템 / UCONSYSTEM · 대전 본사 / 생산기지 가정,대전 본사 / 생산기지 가정,92.7,81.1,14.3,1.35,62100,OSRM public demo server,routed,,37,"unnamed road 2.2km → 1; 21 / 선비로 3.9km → 25 / 호남고속도로 80.0km → 유성, 계룡산국립공원, 국립대전현충원 0.8km → 월드컵대로 0.5km",Prototype route from OpenStreetMap road graph. Production should use approved provider or self-hosted OSRM.,0.16,139 km from predicted corridor,primary
western_axis_threat,Western Axis Factory Strike Forecast,fac_673f38594f,power,Battery / Power,1477,1575,1477,B,0.658,0.842,grid_zone_e6011691,0.522,0.676,fac_priority_d8652de781,본AI · 상주 생산공장,priority_final_assembly_factory,fac_priority_d8652de781,본AI · 상주 생산공장,상주 생산공장,20.3,34.7,3.1,0.58,21500,OSRM public demo server,routed,,48,가느래이설길 1.7km → 사월큰길 3.8km → 34 / 경동로 1.4km → 수곡용계로 13.3km,Prototype route from OpenStreetMap road graph. Production should use approved provider or self-hosted OSRM.,0.16,184 km from predicted corridor,primary
western_axis_threat,Western Axis Factory Strike Forecast,fac_f331d39f34,power,Battery / Power,1360,1450,1360,B,0.65,0.862,grid_zone_eb82a68b,0.448,0.722,fac_priority_38de94e360,유콘시스템 / UCONSYSTEM · 대전 본사 / 생산기지 가정,priority_final_assembly_factory,fac_priority_38de94e360,유콘시스템 / UCONSYSTEM · 대전 본사 / 생산기지 가정,대전 본사 / 생산기지 가정,161.7,135.1,24.9,2.25,105300,OSRM public demo server,routed,,35,"우치로 3.3km → 13 / 빛고을대로 0.8km → 253: 북광주IC 1.2km → 고창, 전주, 장성분기점 0.9km → 253 / 고창담양고속도로 10.9km",Prototype route from OpenStreetMap road graph. Production should use approved provider or self-hosted OSRM.,0.16,195 km from predicted corridor,primary
western_axis_threat,Western Axis Factory Strike Forecast,fac_cf822580e7,power,Battery / Power,1477,1575,1477,B,0.662,0.872,grid_zone_e6011691,0.522,0.676,fac_priority_d8652de781,본AI · 상주 생산공장,priority_final_assembly_factory,fac_priority_d8652de781,본AI · 상주 생산공장,상주 생산공장,81.5,83.4,12.5,1.39,60200,OSRM public demo server,routed,,35,unnamed road 6.6km → 오현로59번길 2.5km → 죽령로 8.2km → 경북대로 31.1km → 34 / 동서순환로 11.6km,Prototype route from OpenStreetMap road graph. Production should use approved provider or self-hosted OSRM.,0.16,146 km from predicted corridor,primary
western_axis_threat,Western Axis Factory Strike Forecast,fac_8faf03f243,power,Battery / Power,1313,1400,1313,B,0.647,0.892,grid_zone_e6011691,0.522,0.676,fac_priority_d8652de781,본AI · 상주 생산공장,priority_final_assembly_factory,fac_priority_d8652de781,본AI · 상주 생산공장,상주 생산공장,26.1,38.7,4.0,0.65,24900,OSRM public demo server,routed,,42,unnamed road 6.9km → 신감옥산로 1.6km → 914 / 의성길안로 11.0km → 충효로 0.7km → 길안청송로 5.5km,Prototype route from OpenStreetMap road graph. Production should use approved provider or self-hosted OSRM.,0.16,186 km from predicted corridor,primary
western_axis_threat,Western Axis Factory Strike Forecast,fac_297cb359e5,power,Battery / Power,1173,1250,1173,C,0.6,0.862,grid_zone_79012109,0.541,0.665,fac_priority_7660b03367,대한항공 항공우주사업본부 · 대한항공 테크센터,priority_final_assembly_factory,fac_priority_7660b03367,대한항공 항공우주사업본부 · 대한항공 테크센터,대한항공 테크센터,81.7,74.7,12.6,1.25,56200,OSRM public demo server,routed,,28,30 / 대송로 5.9km → 41 / 산업로 4.1km → 7 / 이예로 11.3km → 7 / 통신사로 12.8km → 웅상대로 3.8km,Prototype route from OpenStreetMap road graph. Production should use approved provider or self-hosted OSRM.,0.16,285 km from predicted corridor,primary
western_axis_threat,Western Axis Factory Strike Forecast,fac_91c24dafa3,propulsion,Motor / Propulsion,3565,3800,3565,C,0.558,0.862,grid_zone_c633d1f6,0.446,0.723,fac_priority_a2d8939ba2,유비파이 / UVify · 의왕 연구소 / 생산기지,priority_final_assembly_factory,fac_priority_a2d8939ba2,유비파이 / UVify · 의왕 연구소 / 생산기지,의왕 연구소 / 생산기지,91.4,102.2,14.1,1.7,71600,OSRM public demo server,routed,,37,unnamed road 2.2km → 408 / 광석로 5.5km → 451 / 아홉사리로 10.2km → 44 / 설악로 59.3km → 88 1.8km,Prototype route from OpenStreetMap road graph. Production should use approved provider or self-hosted OSRM.,0.16,149 km from predicted corridor,primary
western_axis_threat,Western Axis Factory Strike Forecast,fac_a361915069,propulsion,Motor / Propulsion,4246,4525,4246,B,0.625,0.827,grid_zone_a1097f3c,0.464,0.712,fac_priority_7660b03367,대한항공 항공우주사업본부 · 대한항공 테크센터,priority_final_assembly_factory,fac_priority_7660b03367,대한항공 항공우주사업본부 · 대한항공 테크센터,대한항공 테크센터,32.4,31.7,5.0,0.53,23300,OSRM public demo server,routed,,33,unnamed road 1.1km → 충장로 2.6km → 풍호로 0.5km → 2; 77 / 진해대로 15.4km → 2; 77 / 낙동남로 12.1km,Prototype route from OpenStreetMap road graph. Production should use approved provider or self-hosted OSRM.,0.16,261 km from predicted corridor,primary
western_axis_threat,Western Axis Factory Strike Forecast,fac_bc7e3d7431,propulsion,Motor / Propulsion,3472,3700,3472,C,0.575,0.862,grid_zone_e6011691,0.495,0.693,fac_priority_d8652de781,본AI · 상주 생산공장,priority_final_assembly_factory,fac_priority_d8652de781,본AI · 상주 생산공장,상주 생산공장,24.7,36.6,3.8,0.61,23500,OSRM public demo server,routed,,48,unnamed road 1.1km → 마령산해로 4.2km → 935 2.8km → 34 / 경동로 3.0km → 수곡용계로 13.3km,Prototype route from OpenStreetMap road graph. Production should use approved provider or self-hosted OSRM.,0.16,194 km from predicted corridor,primary
western_axis_threat,Western Axis Factory Strike Forecast,fac_7f2271c9dd,propulsion,Motor / Propulsion,4152,4425,4152,C,0.58,0.822,grid_zone_a1097f3c,0.468,0.71,fac_priority_7660b03367,대한항공 항공우주사업본부 · 대한항공 테크센터,priority_final_assembly_factory,fac_priority_7660b03367,대한항공 항공우주사업본부 · 대한항공 테크센터,대한항공 테크센터,27.5,36.4,4.2,0.61,24200,OSRM public demo server,routed,,34,unnamed road 2.9km → 서부로1295번길 1.0km → 장유로 2.8km → 1020 / 장유로 2.7km → 율하4로 1.4km,Prototype route from OpenStreetMap road graph. Production should use approved provider or self-hosted OSRM.,0.16,260 km from predicted corridor,primary
western_axis_threat,Western Axis Factory Strike Forecast,fac_af17d777fb,propulsion,Motor / Propulsion,3612,3850,3612,C,0.576,0.862,grid_zone_a1097f3c,0.468,0.71,fac_priority_7660b03367,대한항공 항공우주사업본부 · 대한항공 테크센터,priority_final_assembly_factory,fac_priority_7660b03367,대한항공 항공우주사업본부 · 대한항공 테크센터,대한항공 테크센터,108.4,98.3,16.7,1.64,74200,OSRM public demo server,routed,,37,24 / 동부로 14.6km → 20; 24 / 우포1대로 5.9km → 79 / 유어장마로 7.5km → 79 / 영산장마로 6.0km → 5 16.9km,Prototype route from OpenStreetMap road graph. Production should use approved provider or self-hosted OSRM.,0.16,201 km from predicted corridor,primary
western_axis_threat,Western Axis Factory Strike Forecast,fac_c9c7e34696,propulsion,Motor / Propulsion,4105,4375,4105,B,0.626,0.827,grid_zone_9392b593,0.422,0.738,fac_priority_7660b03367,대한항공 항공우주사업본부 · 대한항공 테크센터,priority_final_assembly_factory,fac_priority_7660b03367,대한항공 항공우주사업본부 · 대한항공 테크센터,대한항공 테크센터,101.6,93.6,15.6,1.56,70300,OSRM public demo server,routed,,33,가창로93길 7.8km → 30 / 가창로 3.9km → 30 / 이서로 4.7km → 이슬미로 3.9km → 25 / 새마을로 3.5km,Prototype route from OpenStreetMap road graph. Production should use approved provider or self-hosted OSRM.,0.16,207 km from predicted corridor,primary
western_axis_threat,Western Axis Factory Strike Forecast,fac_5b9b5c4665,sensor_payload,Sensor / Camera,2181,2325,2181,B,0.662,0.873,grid_zone_a1097f3c,0.453,0.719,fac_priority_7660b03367,대한항공 항공우주사업본부 · 대한항공 테크센터,priority_final_assembly_factory,fac_priority_7660b03367,대한항공 항공우주사업본부 · 대한항공 테크센터,대한항공 테크센터,42.2,41.8,6.5,0.7,30500,OSRM public demo server,routed,,26,unnamed road 4.8km → 자여로 1.7km → 10 / 남해고속도로 12.4km → 104 / 남해고속도로제2지선 5.1km → 율하4로 1.1km,Prototype route from OpenStreetMap road graph. Production should use approved provider or self-hosted OSRM.,0.16,254 km from predicted corridor,primary
western_axis_threat,Western Axis Factory Strike Forecast,fac_a0492a505b,sensor_payload,Sensor / Camera,1947,2075,1947,C,0.608,0.873,grid_zone_99e45246,0.458,0.716,fac_priority_7660b03367,대한항공 항공우주사업본부 · 대한항공 테크센터,priority_final_assembly_factory,fac_priority_7660b03367,대한항공 항공우주사업본부 · 대한항공 테크센터,대한항공 테크센터,214.5,178.9,33.0,2.98,139600,OSRM public demo server,routed,,40,822 / 김삿갓로 7.8km → 22 / 동주로 13.7km → 25 / 호남고속도로 21.6km → 25 / 남해고속도로 82.3km → 2 / 진마대로 20.5km,Prototype route from OpenStreetMap road graph. Production should use approved provider or self-hosted OSRM.,0.16,224 km from predicted corridor,primary
western_axis_threat,Western Axis Factory Strike Forecast,fac_b40c1bdfbc,sensor_payload,Sensor / Camera,1689,1800,1689,C,0.576,0.873,grid_zone_a1097f3c,0.453,0.719,fac_priority_7660b03367,대한항공 항공우주사업본부 · 대한항공 테크센터,priority_final_assembly_factory,fac_priority_7660b03367,대한항공 항공우주사업본부 · 대한항공 테크센터,대한항공 테크센터,28.6,26.3,4.4,0.44,19800,OSRM public demo server,routed,,30,14 / 동서대로 5.0km → 58 6.0km → 율하로 0.7km → unnamed road 0.7km → 남해안대로 4.7km,Prototype route from OpenStreetMap road graph. Production should use approved provider or self-hosted OSRM.,0.16,260 km from predicted corridor,primary
western_axis_threat,Western Axis Factory Strike Forecast,fac_ddcdfe1cc5,sensor_payload,Sensor / Camera,1806,1925,1806,C,0.576,0.893,grid_zone_a1097f3c,0.453,0.719,fac_priority_7660b03367,대한항공 항공우주사업본부 · 대한항공 테크센터,priority_final_assembly_factory,fac_priority_7660b03367,대한항공 항공우주사업본부 · 대한항공 테크센터,대한항공 테크센터,86.4,75.1,13.3,1.25,57600,OSRM public demo server,routed,,30,20 / 의령대로 13.2km → 10 / 남해고속도로 14.0km → 102 / 남해고속도로제1지선 9.0km → 봉양로 3.0km → 공단로 4.8km,Prototype route from OpenStreetMap road graph. Production should use approved provider or self-hosted OSRM.,0.16,216 km from predicted corridor,primary
western_axis_threat,Western Axis Factory Strike Forecast,fac_3b80fa9b93,sensor_payload,Sensor / Camera,1642,1750,1642,C,0.558,0.853,grid_zone_eb82a68b,0.406,0.748,fac_priority_38de94e360,유콘시스템 / UCONSYSTEM · 대전 본사 / 생산기지 가정,priority_final_assembly_factory,fac_priority_38de94e360,유콘시스템 / UCONSYSTEM · 대전 본사 / 생산기지 가정,대전 본사 / 생산기지 가정,190.3,159.2,29.3,2.65,124100,OSRM public demo server,routed,,37,안양산로 3.5km → 서양로 1.5km → 너릿재로 4.7km → 22; 29 / 남문로 1.8km → 77 / 2순환로 6.8km,Prototype route from OpenStreetMap road graph. Production should use approved provider or self-hosted OSRM.,0.16,210 km from predicted corridor,primary
western_axis_threat,Western Axis Factory Strike Forecast,fac_89f58aa11a,sensor_payload,Sensor / Camera,735,1550,1454,C,0.53,0.893,grid_zone_fabab736,0.421,0.739,fac_priority_38de94e360,유콘시스템 / UCONSYSTEM · 대전 본사 / 생산기지 가정,priority_final_assembly_factory,fac_priority_38de94e360,유콘시스템 / UCONSYSTEM · 대전 본사 / 생산기지 가정,대전 본사 / 생산기지 가정,106.0,100.5,16.3,1.68,74600,OSRM public demo server,routed,,43,unnamed road 3.1km → 수월로 2.0km → 749 / 불재로 5.4km → 21 / 호남로 14.0km → 716 / 콩쥐팥쥐로 0.8km,Prototype route from OpenStreetMap road graph. Production should use approved provider or self-hosted OSRM.,0.16,141 km from predicted corridor,primary
western_axis_threat,Western Axis Factory Strike Forecast,fac_82ab4f0707,airframe,Airframe / Materials,2275,2425,2275,C,0.603,0.923,grid_zone_e6011691,0.475,0.706,fac_priority_d8652de781,본AI · 상주 생산공장,priority_final_assembly_factory,fac_priority_d8652de781,본AI · 상주 생산공장,상주 생산공장,21.0,26.2,3.2,0.44,17700,OSRM public demo server,routed,,38,unnamed road 8.9km → 35 / 충효로 6.5km → 길안청송로 5.5km,Prototype route from OpenStreetMap road graph. Production should use approved provider or self-hosted OSRM.,0.16,199 km from predicted corridor,primary
western_axis_threat,Western Axis Factory Strike Forecast,fac_cc1c9e0bfe,airframe,Airframe / Materials,2158,2300,2158,C,0.567,0.923,grid_zone_eb82a68b,0.401,0.751,fac_priority_38de94e360,유콘시스템 / UCONSYSTEM · 대전 본사 / 생산기지 가정,priority_final_assembly_factory,fac_priority_38de94e360,유콘시스템 / UCONSYSTEM · 대전 본사 / 생산기지 가정,대전 본사 / 생산기지 가정,154.4,124.5,23.8,2.08,98500,OSRM public demo server,routed,,32,"1 / 하서대로 8.4km → unnamed road 0.6km → 25 / 호남고속도로 139.3km → 유성, 계룡산국립공원, 국립대전현충원 0.8km → 월드컵대로 0.5km",Prototype route from OpenStreetMap road graph. Production should use approved provider or self-hosted OSRM.,0.16,193 km from predicted corridor,primary
western_axis_threat,Western Axis Factory Strike Forecast,fac_7535e7d481,airframe,Airframe / Materials,2697,2875,2697,C,0.619,0.893,grid_zone_fabab736,0.41,0.746,fac_priority_38de94e360,유콘시스템 / UCONSYSTEM · 대전 본사 / 생산기지 가정,priority_final_assembly_factory,fac_priority_38de94e360,유콘시스템 / UCONSYSTEM · 대전 본사 / 생산기지 가정,대전 본사 / 생산기지 가정,95.5,85.5,14.7,1.43,64900,OSRM public demo server,routed,,33,unnamed road 3.2km → 모악로 1.1km → 20 / 새만금전주고속도로 9.2km → 25: 대전 0.7km → 25 / 호남고속도로 75.1km,Prototype route from OpenStreetMap road graph. Production should use approved provider or self-hosted OSRM.,0.16,139 km from predicted corridor,primary
western_axis_threat,Western Axis Factory Strike Forecast,fac_94c213e613,airframe,Airframe / Materials,2609,2950,2609,B,0.639,0.923,grid_zone_bfcc2516,0.717,0.555,fac_priority_a2d8939ba2,유비파이 / UVify · 의왕 연구소 / 생산기지,priority_final_assembly_factory,fac_priority_a2d8939ba2,유비파이 / UVify · 의왕 연구소 / 생산기지,의왕 연구소 / 생산기지,28.3,29.9,4.4,0.5,21400,OSRM public demo server,routed,,28,재안동길 0.5km → 봉상길 1.2km → 6; 44 / 경강로 12.7km → 88 1.8km → 37 / 양평로 7.6km,Prototype route from OpenStreetMap road graph. Production should use approved provider or self-hosted OSRM.,0.3,94 km from predicted corridor,primary
western_axis_threat,Western Axis Factory Strike Forecast,fac_a05baacbd9,airframe,Airframe / Materials,261,2875,2697,C,0.615,0.873,grid_zone_e6011691,0.468,0.71,fac_priority_d8652de781,본AI · 상주 생산공장,priority_final_assembly_factory,fac_priority_d8652de781,본AI · 상주 생산공장,상주 생산공장,77.0,80.2,11.8,1.34,57600,OSRM public demo server,routed,,55,unnamed road 5.9km → 용주로 4.6km → 28 / 예영로 3.6km → 경북대로 29.2km → 34 / 동서순환로 11.6km,Prototype route from OpenStreetMap road graph. Production should use approved provider or self-hosted OSRM.,0.16,150 km from predicted corridor,primary
western_axis_threat,Western Axis Factory Strike Forecast,fac_798af9d574,harness,Harness / Connector,2205,2350,2205,C,0.613,0.893,grid_zone_c6caac65,0.372,0.769,fac_priority_ffb4309405,피앤유드론 / PNU Drone · 부산 제1공장,priority_final_assembly_factory,fac_priority_ffb4309405,피앤유드론 / PNU Drone · 부산 제1공장,부산 제1공장,0.0,0.1,0.0,0.0,0,OSRM public demo server,routed,,2,road step summary unavailable,Prototype route from OpenStreetMap road graph. Production should use approved provider or self-hosted OSRM.,0.16,299 km from predicted corridor,primary
western_axis_threat,Western Axis Factory Strike Forecast,fac_de8898e30b,harness,Harness / Connector,2439,2600,2439,B,0.633,0.877,grid_zone_9392b593,0.365,0.774,fac_priority_d8652de781,본AI · 상주 생산공장,priority_final_assembly_factory,fac_priority_d8652de781,본AI · 상주 생산공장,상주 생산공장,108.6,95.2,16.7,1.59,72800,OSRM public demo server,routed,,41,4 / 칠곡대로 6.9km → 79 / 호국로 5.4km → 79 / 호국평화로 8.1km → 55 / 중앙고속도로 46.0km → 30 / 서산영덕고속도로 24.1km,Prototype route from OpenStreetMap road graph. Production should use approved provider or self-hosted OSRM.,0.16,185 km from predicted corridor,primary
western_axis_threat,Western Axis Factory Strike Forecast,fac_da18417347,harness,Harness / Connector,2181,2325,2181,C,0.564,0.873,grid_zone_a1097f3c,0.411,0.745,fac_priority_7660b03367,대한항공 항공우주사업본부 · 대한항공 테크센터,priority_final_assembly_factory,fac_priority_7660b03367,대한항공 항공우주사업본부 · 대한항공 테크센터,대한항공 테크센터,110.5,97.6,17.0,1.63,74400,OSRM public demo server,routed,,39,24 18.4km → 20; 24 / 우포1대로 5.9km → 79 / 유어장마로 7.5km → 79 / 영산장마로 6.0km → 5 16.9km,Prototype route from OpenStreetMap road graph. Production should use approved provider or self-hosted OSRM.,0.16,199 km from predicted corridor,primary
western_axis_threat,Western Axis Factory Strike Forecast,fac_057f46ae7f,harness,Harness / Connector,2369,2525,2369,B,0.663,0.862,grid_zone_a1097f3c,0.404,0.75,fac_priority_7660b03367,대한항공 항공우주사업본부 · 대한항공 테크센터,priority_final_assembly_factory,fac_priority_7660b03367,대한항공 항공우주사업본부 · 대한항공 테크센터,대한항공 테크센터,35.0,29.7,5.4,0.49,23000,OSRM public demo server,routed,,30,공단로 2.5km → 공단로474번길 0.7km → 남해안대로 20.5km → 세산고가도로 0.8km → 58; 69 / 생곡로 3.6km,Prototype route from OpenStreetMap road graph. Production should use approved provider or self-hosted OSRM.,0.16,254 km from predicted corridor,primary
western_axis_threat,Western Axis Factory Strike Forecast,fac_8915634608,harness,Harness / Connector,806,2625,2463,B,0.652,0.842,grid_zone_e6011691,0.432,0.732,fac_priority_d8652de781,본AI · 상주 생산공장,priority_final_assembly_factory,fac_priority_d8652de781,본AI · 상주 생산공장,상주 생산공장,93.5,95.7,14.4,1.59,69100,OSRM public demo server,routed,,43,도예로 1.8km → 69 / 도효자로 23.7km → 충효로 9.3km → 28 / 예영로 2.3km → 34 20.1km,Prototype route from OpenStreetMap road graph. Production should use approved provider or self-hosted OSRM.,0.16,133 km from predicted corridor,primary
western_axis_threat,Western Axis Factory Strike Forecast,fac_8fd2d14ece,qa_packaging,Test / Packaging,3026,3225,3026,C,0.573,0.893,grid_zone_a1097f3c,0.384,0.762,fac_priority_7660b03367,대한항공 항공우주사업본부 · 대한항공 테크센터,priority_final_assembly_factory,fac_priority_7660b03367,대한항공 항공우주사업본부 · 대한항공 테크센터,대한항공 테크센터,22.1,20.0,3.4,0.33,15100,OSRM public demo server,routed,,24,104 / 남해고속도로제2지선 4.2km → 율하4로 1.1km → unnamed road 0.7km → 남해안대로 4.7km → 세산고가도로 0.8km,Prototype route from OpenStreetMap road graph. Production should use approved provider or self-hosted OSRM.,0.16,263 km from predicted corridor,primary
western_axis_threat,Western Axis Factory Strike Forecast,fac_01299e64cd,qa_packaging,Test / Packaging,2721,2900,2721,C,0.531,0.893,grid_zone_a1097f3c,0.384,0.762,fac_priority_7660b03367,대한항공 항공우주사업본부 · 대한항공 테크센터,priority_final_assembly_factory,fac_priority_7660b03367,대한항공 항공우주사업본부 · 대한항공 테크센터,대한항공 테크센터,61.0,65.0,9.4,1.08,46300,OSRM public demo server,routed,,38,unnamed road 2.6km → 능포로16길 0.7km → 능포로 2.3km → 거제대로 8.3km → 58 / 거가대로 31.8km,Prototype route from OpenStreetMap road graph. Production should use approved provider or self-hosted OSRM.,0.16,290 km from predicted corridor,primary
western_axis_threat,Western Axis Factory Strike Forecast,fac_8db85fcb64,qa_packaging,Test / Packaging,3120,3325,3120,C,0.567,0.873,grid_zone_eb82a68b,0.338,0.79,fac_priority_38de94e360,유콘시스템 / UCONSYSTEM · 대전 본사 / 생산기지 가정,priority_final_assembly_factory,fac_priority_38de94e360,유콘시스템 / UCONSYSTEM · 대전 본사 / 생산기지 가정,대전 본사 / 생산기지 가정,155.1,126.1,23.9,2.1,99400,OSRM public demo server,routed,,33,"진남1로 0.5km → 24 / 노사로 4.7km → 25: 서울, 전주 0.4km → 25 / 호남고속도로 142.9km → 유성, 계룡산국립공원, 국립대전현충원 0.8km",Prototype route from OpenStreetMap road graph. Production should use approved provider or self-hosted OSRM.,0.16,190 km from predicted corridor,primary
western_axis_threat,Western Axis Factory Strike Forecast,fac_6900a30db0,qa_packaging,Test / Packaging,1133,3300,3096,C,0.587,0.877,grid_zone_a1097f3c,0.381,0.764,fac_priority_7660b03367,대한항공 항공우주사업본부 · 대한항공 테크센터,priority_final_assembly_factory,fac_priority_7660b03367,대한항공 항공우주사업본부 · 대한항공 테크센터,대한항공 테크센터,89.0,89.0,13.7,1.48,64800,OSRM public demo server,routed,,31,unnamed road 6.3km → 1037 / 청정로 4.6km → 1011 14.3km → 10 / 남해고속도로 7.6km → 102 / 남해고속도로제1지선 9.0km,Prototype route from OpenStreetMap road graph. Production should use approved provider or self-hosted OSRM.,0.16,214 km from predicted corridor,primary
southern_port_disruption,Southern Port Logistics Disruption,fac_priority_d8652de781,drone_assembly,Drone / Final Assembly,834,1450,1371,A,0.78,0.86,grid_zone_e6011691,0.487,0.698,fac_priority_d8652de781,본AI · 상주 생산공장,priority_final_assembly_factory,fac_priority_d8652de781,본AI · 상주 생산공장,상주 생산공장,0,0,0,0,0,onsite_final_assembly_assignment,onsite,,2,,Final assembly is assigned directly to this priority drone manufacturer site; no synthetic assembly hub leg.,0.18,110 km from predicted corridor,final-assembly
southern_port_disruption,Southern Port Logistics Disruption,fac_priority_a2d8939ba2,drone_assembly,Drone / Final Assembly,834,1200,1141,A,0.78,0.84,grid_zone_bfcc2516,0.727,0.549,fac_priority_a2d8939ba2,유비파이 / UVify · 의왕 연구소 / 생산기지,priority_final_assembly_factory,fac_priority_a2d8939ba2,유비파이 / UVify · 의왕 연구소 / 생산기지,의왕 연구소 / 생산기지,0,0,0,0,0,onsite_final_assembly_assignment,onsite,,2,,Final assembly is assigned directly to this priority drone manufacturer site; no synthetic assembly hub leg.,0.16,263 km from predicted corridor,final-assembly
southern_port_disruption,Southern Port Logistics Disruption,fac_priority_d14c61f1b0,drone_assembly,Drone / Final Assembly,834,1350,1284,A,0.78,0.85,grid_zone_4f20da2a,0.454,0.719,fac_priority_d14c61f1b0,파블로항공 / PABLO AIR · 송도 제조센터,priority_final_assembly_factory,fac_priority_d14c61f1b0,파블로항공 / PABLO AIR · 송도 제조센터,송도 제조센터,0,0,0,0,0,onsite_final_assembly_assignment,onsite,,2,,Final assembly is assigned directly to this priority drone manufacturer site; no synthetic assembly hub leg.,0.16,329 km from predicted corridor,final-assembly
southern_port_disruption,Southern Port Logistics Disruption,fac_priority_ee105ea137,drone_assembly,Drone / Final Assembly,834,860,818,B,0.78,0.7,grid_zone_3964bd52,0.488,0.697,fac_priority_ee105ea137,에이럭스 / ALUX · 도봉 공식 사업장 / 제조 인프라 확인 필요,priority_final_assembly_factory,fac_priority_ee105ea137,에이럭스 / ALUX · 도봉 공식 사업장 / 제조 인프라 확인 필요,도봉 공식 사업장 / 제조 인프라 확인 필요,0,0,0,0,0,onsite_final_assembly_assignment,onsite,,2,,Final assembly is assigned directly to this priority drone manufacturer site; no synthetic assembly hub leg.,0.16,307 km from predicted corridor,final-assembly
southern_port_disruption,Southern Port Logistics Disruption,fac_priority_7660b03367,drone_assembly,Drone / Final Assembly,833,2100,1769,A,0.78,0.87,grid_zone_c6caac65,0.423,0.738,fac_priority_7660b03367,대한항공 항공우주사업본부 · 대한항공 테크센터,priority_final_assembly_factory,fac_priority_7660b03367,대한항공 항공우주사업본부 · 대한항공 테크센터,대한항공 테크센터,0,0,0,0,0,onsite_final_assembly_assignment,onsite,,2,,Final assembly is assigned directly to this priority drone manufacturer site; no synthetic assembly hub leg.,0.52,6 km from predicted corridor,final-assembly
southern_port_disruption,Southern Port Logistics Disruption,fac_priority_f1709ef7e1,drone_assembly,Drone / Final Assembly,833,1280,1218,A,0.78,0.84,grid_zone_bfcc2516,0.727,0.549,fac_priority_f1709ef7e1,프리뉴 / PRENEU · 안산 Manufacturing Center,priority_final_assembly_factory,fac_priority_f1709ef7e1,프리뉴 / PRENEU · 안산 Manufacturing Center,안산 Manufacturing Center,0,0,0,0,0,onsite_final_assembly_assignment,onsite,,2,,Final assembly is assigned directly to this priority drone manufacturer site; no synthetic assembly hub leg.,0.16,287 km from predicted corridor,final-assembly
southern_port_disruption,Southern Port Logistics Disruption,fac_priority_ffb4309405,drone_assembly,Drone / Final Assembly,833,980,840,B,0.78,0.82,grid_zone_c6caac65,0.416,0.742,fac_priority_ffb4309405,피앤유드론 / PNU Drone · 부산 제1공장,priority_final_assembly_factory,fac_priority_ffb4309405,피앤유드론 / PNU Drone · 부산 제1공장,부산 제1공장,0,0,0,0,0,onsite_final_assembly_assignment,onsite,,2,,Final assembly is assigned directly to this priority drone manufacturer site; no synthetic assembly hub leg.,0.47,21 km from predicted corridor,final-assembly
southern_port_disruption,Southern Port Logistics Disruption,fac_priority_38de94e360,drone_assembly,Drone / Final Assembly,833,1350,1284,A,0.78,0.82,grid_zone_ed9208b5,0.405,0.749,fac_priority_38de94e360,유콘시스템 / UCONSYSTEM · 대전 본사 / 생산기지 가정,priority_final_assembly_factory,fac_priority_38de94e360,유콘시스템 / UCONSYSTEM · 대전 본사 / 생산기지 가정,대전 본사 / 생산기지 가정,0,0,0,0,0,onsite_final_assembly_assignment,onsite,,2,,Final assembly is assigned directly to this priority drone manufacturer site; no synthetic assembly hub leg.,0.16,191 km from predicted corridor,final-assembly
southern_port_disruption,Southern Port Logistics Disruption,fac_priority_115bd4ae5d,drone_assembly,Drone / Final Assembly,833,980,932,B,0.78,0.76,grid_zone_bfcc2516,0.72,0.554,fac_priority_115bd4ae5d,두산모빌리티이노베이션 / DMI · 두산기술원,priority_final_assembly_factory,fac_priority_115bd4ae5d,두산모빌리티이노베이션 / DMI · 두산기술원,두산기술원,0,0,0,0,0,onsite_final_assembly_assignment,onsite,,2,,Final assembly is assigned directly to this priority drone manufacturer site; no synthetic assembly hub leg.,0.16,269 km from predicted corridor,final-assembly
southern_port_disruption,Southern Port Logistics Disruption,fac_priority_3872d4e82a,drone_assembly,Drone / Final Assembly,833,900,856,B,0.78,0.76,grid_zone_4f20da2a,0.445,0.724,fac_priority_3872d4e82a,숨비 / SOOMVI · 인천 본사 / 연구소,priority_final_assembly_factory,fac_priority_3872d4e82a,숨비 / SOOMVI · 인천 본사 / 연구소,인천 본사 / 연구소,0,0,0,0,0,onsite_final_assembly_assignment,onsite,,2,,Final assembly is assigned directly to this priority drone manufacturer site; no synthetic assembly hub leg.,0.16,323 km from predicted corridor,final-assembly
southern_port_disruption,Southern Port Logistics Disruption,fac_priority_5daa57ca08,drone_assembly,Drone / Final Assembly,833,980,932,B,0.78,0.82,grid_zone_4f20da2a,0.45,0.721,fac_priority_5daa57ca08,아쎄따 / ASSETTA · 인천 연구소/공장,priority_final_assembly_factory,fac_priority_5daa57ca08,아쎄따 / ASSETTA · 인천 연구소/공장,인천 연구소/공장,0,0,0,0,0,onsite_final_assembly_assignment,onsite,,2,,Final assembly is assigned directly to this priority drone manufacturer site; no synthetic assembly hub leg.,0.16,326 km from predicted corridor,final-assembly
southern_port_disruption,Southern Port Logistics Disruption,fac_priority_4bcce541d9,drone_assembly,Drone / Final Assembly,833,780,742,B,0.78,0.72,grid_zone_4f20da2a,0.442,0.726,fac_priority_4bcce541d9,아스트로엑스 / AstroX · 인천 로봇타워 R&D·제조거점,priority_final_assembly_factory,fac_priority_4bcce541d9,아스트로엑스 / AstroX · 인천 로봇타워 R&D·제조거점,인천 로봇타워 R&D·제조거점,0,0,0,0,0,onsite_final_assembly_assignment,onsite,,2,,Final assembly is assigned directly to this priority drone manufacturer site; no synthetic assembly hub leg.,0.16,317 km from predicted corridor,final-assembly
southern_port_disruption,Southern Port Logistics Disruption,fac_0469d3cc51,flight_stack,Flight Stack / Electronics,2045,2150,2045,B,0.689,0.872,grid_zone_bfcc2516,0.741,0.541,fac_priority_f1709ef7e1,프리뉴 / PRENEU · 안산 Manufacturing Center,priority_final_assembly_factory,fac_priority_f1709ef7e1,프리뉴 / PRENEU · 안산 Manufacturing Center,안산 Manufacturing Center,9.4,13.6,1.4,0.23,8800,OSRM public demo server,routed,,32,6 / 경강로 6.0km → 45 0.5km → 16 / 북한강로 0.8km → 다산로 1.4km,Prototype route from OpenStreetMap road graph. Production should use approved provider or self-hosted OSRM.,0.16,293 km from predicted corridor,primary
southern_port_disruption,Southern Port Logistics Disruption,fac_42e82c2139,flight_stack,Flight Stack / Electronics,1784,1875,1784,B,0.642,0.842,grid_zone_bfcc2516,0.74,0.541,fac_priority_ee105ea137,에이럭스 / ALUX · 도봉 공식 사업장 / 제조 인프라 확인 필요,priority_final_assembly_factory,fac_priority_ee105ea137,에이럭스 / ALUX · 도봉 공식 사업장 / 제조 인프라 확인 필요,도봉 공식 사업장 / 제조 인프라 확인 필요,38.3,37.2,5.9,0.62,27400,OSRM public demo server,routed,,20,unnamed road 0.5km → 3 / 신평화로 23.1km → 3 / 동일로 13.8km,Prototype route from OpenStreetMap road graph. Production should use approved provider or self-hosted OSRM.,0.16,332 km from predicted corridor,primary
southern_port_disruption,Southern Port Logistics Disruption,fac_2560cc10c8,flight_stack,Flight Stack / Electronics,1903,2000,1903,B,0.64,0.842,grid_zone_bfcc2516,0.74,0.541,fac_priority_f1709ef7e1,프리뉴 / PRENEU · 안산 Manufacturing Center,priority_final_assembly_factory,fac_priority_f1709ef7e1,프리뉴 / PRENEU · 안산 Manufacturing Center,안산 Manufacturing Center,31.2,39.8,4.8,0.66,26700,OSRM public demo server,routed,,40,무갑길 2.0km → 4 / 해공로 5.7km → unnamed road 1.7km → 35 / 중부고속도로 9.8km → 189 / 창우로 2.2km,Prototype route from OpenStreetMap road graph. Production should use approved provider or self-hosted OSRM.,0.16,277 km from predicted corridor,primary
southern_port_disruption,Southern Port Logistics Disruption,fac_2efdf8c1a1,flight_stack,Flight Stack / Electronics,1808,1900,1808,B,0.672,0.862,grid_zone_bfcc2516,0.74,0.541,fac_priority_f1709ef7e1,프리뉴 / PRENEU · 안산 Manufacturing Center,priority_final_assembly_factory,fac_priority_f1709ef7e1,프리뉴 / PRENEU · 안산 Manufacturing Center,안산 Manufacturing Center,12.9,18.9,2.0,0.32,12200,OSRM public demo server,routed,,33,unnamed road 0.5km → 고래산로451번길 1.1km → 8 / 재재기로 1.9km → 45 / 북한강로 7.7km → 다산로 1.4km,Prototype route from OpenStreetMap road graph. Production should use approved provider or self-hosted OSRM.,0.16,294 km from predicted corridor,primary
southern_port_disruption,Southern Port Logistics Disruption,fac_6bedc85f6e,flight_stack,Flight Stack / Electronics,1689,1775,1689,B,0.636,0.862,grid_zone_bfcc2516,0.74,0.541,fac_priority_a2d8939ba2,유비파이 / UVify · 의왕 연구소 / 생산기지,priority_final_assembly_factory,fac_priority_a2d8939ba2,유비파이 / UVify · 의왕 연구소 / 생산기지,의왕 연구소 / 생산기지,17.4,40.3,2.7,0.67,23400,OSRM public demo server,routed,,45,unnamed road 1.7km → 345 / 여양2로 2.4km → 341 / 대평로 6.3km → 70 / 지평로 0.8km → 70 / 여양1로 6.0km,Prototype route from OpenStreetMap road graph. Production should use approved provider or self-hosted OSRM.,0.16,260 km from predicted corridor,primary
southern_port_disruption,Southern Port Logistics Disruption,fac_3a6ca4bdf0,flight_stack,Flight Stack / Electronics,771,1825,1736,B,0.629,0.842,grid_zone_bfcc2516,0.74,0.541,fac_priority_f1709ef7e1,프리뉴 / PRENEU · 안산 Manufacturing Center,priority_final_assembly_factory,fac_priority_f1709ef7e1,프리뉴 / PRENEU · 안산 Manufacturing Center,안산 Manufacturing Center,33.1,47.4,5.1,0.79,30800,OSRM public demo server,routed,,41,무갑길 3.6km → 4 / 해공로 5.7km → unnamed road 1.7km → 35 / 중부고속도로 9.8km → 189 / 창우로 2.2km,Prototype route from OpenStreetMap road graph. Production should use approved provider or self-hosted OSRM.,0.16,275 km from predicted corridor,primary
southern_port_disruption,Southern Port Logistics Disruption,fac_167cd638df,power,Battery / Power,1189,1250,1189,C,0.588,0.893,grid_zone_bfcc2516,0.77,0.523,fac_priority_ee105ea137,에이럭스 / ALUX · 도봉 공식 사업장 / 제조 인프라 확인 필요,priority_final_assembly_factory,fac_priority_ee105ea137,에이럭스 / ALUX · 도봉 공식 사업장 / 제조 인프라 확인 필요,도봉 공식 사업장 / 제조 인프라 확인 필요,1.2,2.5,0.2,0.04,1500,OSRM public demo server,routed,,9,road step summary unavailable,Prototype route from OpenStreetMap road graph. Production should use approved provider or self-hosted OSRM.,0.16,306 km from predicted corridor,primary
southern_port_disruption,Southern Port Logistics Disruption,fac_20b0a23ce0,power,Battery / Power,1094,1150,1094,C,0.543,0.86,grid_zone_2d0a6a6a,0.642,0.602,fac_priority_5daa57ca08,아쎄따 / ASSETTA · 인천 연구소/공장,priority_final_assembly_factory,fac_priority_5daa57ca08,아쎄따 / ASSETTA · 인천 연구소/공장,인천 연구소/공장,142.8,113.8,22.0,1.9,90500,OSRM public demo server,routed,,30,647 / 해운로 2.9km → unnamed road 2.1km → 15 / 서해안고속도로 53.1km → 153 / 평택시흥고속도로 40.5km → 330 / 제3경인고속화도로 3.5km,Prototype route from OpenStreetMap road graph. Production should use approved provider or self-hosted OSRM.,0.16,272 km from predicted corridor,primary
southern_port_disruption,Southern Port Logistics Disruption,fac_1a38150c72,power,Battery / Power,1213,1275,1213,C,0.603,0.893,grid_zone_bfcc2516,0.77,0.523,fac_priority_a2d8939ba2,유비파이 / UVify · 의왕 연구소 / 생산기지,priority_final_assembly_factory,fac_priority_a2d8939ba2,유비파이 / UVify · 의왕 연구소 / 생산기지,의왕 연구소 / 생산기지,14.4,20.6,2.2,0.34,13400,OSRM public demo server,routed,,31,unnamed road 0.9km → 341; 342 / 지평의병로 0.6km → 지평로 0.7km → 70 / 지평로 6.1km → 70 / 여양1로 6.0km,Prototype route from OpenStreetMap road graph. Production should use approved provider or self-hosted OSRM.,0.16,263 km from predicted corridor,primary
southern_port_disruption,Southern Port Logistics Disruption,fac_c788629a58,power,Battery / Power,1498,1575,1498,B,0.72,0.892,grid_zone_2d0a6a6a,0.642,0.602,fac_priority_38de94e360,유콘시스템 / UCONSYSTEM · 대전 본사 / 생산기지 가정,priority_final_assembly_factory,fac_priority_38de94e360,유콘시스템 / UCONSYSTEM · 대전 본사 / 생산기지 가정,대전 본사 / 생산기지 가정,98.5,78.3,15.2,1.3,62300,OSRM public demo server,routed,,32,609; 618 / 봉운로 2.8km → 618 / 봉명산로 3.3km → 618 1.6km → 40; 619 / 예덕로 0.8km → unnamed road 1.2km,Prototype route from OpenStreetMap road graph. Production should use approved provider or self-hosted OSRM.,0.16,269 km from predicted corridor,primary
southern_port_disruption,Southern Port Logistics Disruption,fac_91e0701f06,power,Battery / Power,1593,1675,1593,B,0.698,0.892,grid_zone_49414766,0.496,0.692,fac_priority_38de94e360,유콘시스템 / UCONSYSTEM · 대전 본사 / 생산기지 가정,priority_final_assembly_factory,fac_priority_38de94e360,유콘시스템 / UCONSYSTEM · 대전 본사 / 생산기지 가정,대전 본사 / 생산기지 가정,51.5,56.2,7.9,0.94,39700,OSRM public demo server,routed,,41,unnamed road 6.2km → 애곡로 4.2km → 30 / 서산영덕고속도로 10.0km → 32 / 신문로 7.3km → 달계하석로 3.0km,Prototype route from OpenStreetMap road graph. Production should use approved provider or self-hosted OSRM.,0.16,192 km from predicted corridor,primary
southern_port_disruption,Southern Port Logistics Disruption,fac_37c2239e67,power,Battery / Power,1308,1375,1308,B,0.661,0.862,grid_zone_2d0a6a6a,0.634,0.607,fac_priority_38de94e360,유콘시스템 / UCONSYSTEM · 대전 본사 / 생산기지 가정,priority_final_assembly_factory,fac_priority_38de94e360,유콘시스템 / UCONSYSTEM · 대전 본사 / 생산기지 가정,대전 본사 / 생산기지 가정,82.1,64.2,12.6,1.07,51400,OSRM public demo server,routed,,42,"응봉서로 2.2km → 21 / 충서로 2.8km → 30: 서울, 당진, 대전 1.1km → 30: 대전, 신양 0.6km → 30 / 서산영덕고속도로 66.9km",Prototype route from OpenStreetMap road graph. Production should use approved provider or self-hosted OSRM.,0.16,250 km from predicted corridor,primary
southern_port_disruption,Southern Port Logistics Disruption,fac_e67713f287,propulsion,Motor / Propulsion,4710,4950,4710,B,0.673,0.842,grid_zone_bfcc2516,0.737,0.543,fac_priority_a2d8939ba2,유비파이 / UVify · 의왕 연구소 / 생산기지,priority_final_assembly_factory,fac_priority_a2d8939ba2,유비파이 / UVify · 의왕 연구소 / 생산기지,의왕 연구소 / 생산기지,24.9,32.3,3.8,0.54,21600,OSRM public demo server,routed,,30,용천로 7.3km → 37 / 마유산로 3.4km → 6; 37; 44 / 경강로 1.1km → 양평로 8.3km → 37 / 개군로 0.8km,Prototype route from OpenStreetMap road graph. Production should use approved provider or self-hosted OSRM.,0.16,278 km from predicted corridor,primary
southern_port_disruption,Southern Port Logistics Disruption,fac_6884b83922,propulsion,Motor / Propulsion,4639,4875,4639,B,0.646,0.862,grid_zone_bfcc2516,0.737,0.543,fac_priority_f1709ef7e1,프리뉴 / PRENEU · 안산 Manufacturing Center,priority_final_assembly_factory,fac_priority_f1709ef7e1,프리뉴 / PRENEU · 안산 Manufacturing Center,안산 Manufacturing Center,26.7,35.7,4.1,0.6,23600,OSRM public demo server,routed,,39,검복길 0.8km → 342 / 남한산성로 5.1km → 43 / 회안대로 2.1km → 43 / 하남대로 6.1km → 189 / 창우로 2.6km,Prototype route from OpenStreetMap road graph. Production should use approved provider or self-hosted OSRM.,0.16,290 km from predicted corridor,primary
southern_port_disruption,Southern Port Logistics Disruption,fac_496dda5a33,propulsion,Motor / Propulsion,4234,4450,4234,B,0.621,0.842,grid_zone_4f20da2a,0.463,0.713,fac_priority_d14c61f1b0,파블로항공 / PABLO AIR · 송도 제조센터,priority_final_assembly_factory,fac_priority_d14c61f1b0,파블로항공 / PABLO AIR · 송도 제조센터,송도 제조센터,30.6,29.9,4.7,0.5,22000,OSRM public demo server,routed,,31,"unnamed road 2.5km → 광명로 1.7km → 110 / 제2경인고속도로 2.7km → 100 / 수도권제1순환고속도로 13.0km → 120: 서울, 인천 0.8km",Prototype route from OpenStreetMap road graph. Production should use approved provider or self-hosted OSRM.,0.16,308 km from predicted corridor,primary
southern_port_disruption,Southern Port Logistics Disruption,fac_5e0ed24c76,propulsion,Motor / Propulsion,3663,3850,3663,C,0.594,0.862,grid_zone_2d0a6a6a,0.607,0.624,fac_priority_3872d4e82a,숨비 / SOOMVI · 인천 본사 / 연구소,priority_final_assembly_factory,fac_priority_3872d4e82a,숨비 / SOOMVI · 인천 본사 / 연구소,인천 본사 / 연구소,81.9,69.0,12.6,1.15,53600,OSRM public demo server,routed,,27,"unnamed road 1.2km → 38; 77 / 북부산업로 2.4km → 15 / 서해안고속도로 18.4km → 153: 시흥, 조암 1.1km → 153 / 평택시흥고속도로 40.5km",Prototype route from OpenStreetMap road graph. Production should use approved provider or self-hosted OSRM.,0.16,273 km from predicted corridor,primary
southern_port_disruption,Southern Port Logistics Disruption,fac_2a64fe1bb2,propulsion,Motor / Propulsion,4020,4225,4020,C,0.605,0.862,grid_zone_4f20da2a,0.463,0.713,fac_priority_d14c61f1b0,파블로항공 / PABLO AIR · 송도 제조센터,priority_final_assembly_factory,fac_priority_d14c61f1b0,파블로항공 / PABLO AIR · 송도 제조센터,송도 제조센터,4.3,9.5,0.7,0.16,5600,OSRM public demo server,routed,,12,unnamed road 0.9km → 19 / 봉수대로 1.3km → 42 0.7km,Prototype route from OpenStreetMap road graph. Production should use approved provider or self-hosted OSRM.,0.16,330 km from predicted corridor,primary
southern_port_disruption,Southern Port Logistics Disruption,fac_083c0288da,propulsion,Motor / Propulsion,4472,4700,4472,B,0.634,0.862,grid_zone_bfcc2516,0.737,0.543,fac_priority_f1709ef7e1,프리뉴 / PRENEU · 안산 Manufacturing Center,priority_final_assembly_factory,fac_priority_f1709ef7e1,프리뉴 / PRENEU · 안산 Manufacturing Center,안산 Manufacturing Center,27.0,29.8,4.2,0.5,21000,OSRM public demo server,routed,,29,43; 45 / 회안대로 3.3km → unnamed road 1.7km → 35 / 중부고속도로 9.8km → 189 / 창우로 2.2km → 45 6.2km,Prototype route from OpenStreetMap road graph. Production should use approved provider or self-hosted OSRM.,0.16,283 km from predicted corridor,primary
southern_port_disruption,Southern Port Logistics Disruption,fac_39453d026e,sensor_payload,Sensor / Camera,2093,2200,2093,B,0.64,0.903,grid_zone_bfcc2516,0.729,0.548,fac_priority_f1709ef7e1,프리뉴 / PRENEU · 안산 Manufacturing Center,priority_final_assembly_factory,fac_priority_f1709ef7e1,프리뉴 / PRENEU · 안산 Manufacturing Center,안산 Manufacturing Center,31.0,31.2,4.8,0.52,22700,OSRM public demo server,routed,,32,35 / 중부고속도로 17.3km → unnamed road 2.4km → 189 / 창우로 2.2km → 45 6.2km → 16 / 북한강로 0.8km,Prototype route from OpenStreetMap road graph. Production should use approved provider or self-hosted OSRM.,0.16,291 km from predicted corridor,primary
southern_port_disruption,Southern Port Logistics Disruption,fac_574770868e,sensor_payload,Sensor / Camera,2093,2200,2093,B,0.639,0.893,grid_zone_4f20da2a,0.448,0.722,fac_priority_d14c61f1b0,파블로항공 / PABLO AIR · 송도 제조센터,priority_final_assembly_factory,fac_priority_d14c61f1b0,파블로항공 / PABLO AIR · 송도 제조센터,송도 제조센터,27.2,27.6,4.2,0.46,20000,OSRM public demo server,routed,,27,"42 / 수인로 1.7km → unnamed road 1.6km → 마유로 2.2km → 100 / 수도권제1순환고속도로 10.3km → 120: 서울, 인천 0.8km",Prototype route from OpenStreetMap road graph. Production should use approved provider or self-hosted OSRM.,0.16,311 km from predicted corridor,primary
southern_port_disruption,Southern Port Logistics Disruption,fac_700aec486e,sensor_payload,Sensor / Camera,2117,2225,2117,B,0.624,0.873,grid_zone_bfcc2516,0.722,0.552,fac_priority_a2d8939ba2,유비파이 / UVify · 의왕 연구소 / 생산기지,priority_final_assembly_factory,fac_priority_a2d8939ba2,유비파이 / UVify · 의왕 연구소 / 생산기지,의왕 연구소 / 생산기지,15.1,15.8,2.3,0.26,11300,OSRM public demo server,routed,,16,강변북로 1.5km → unnamed road 0.4km → 37 / 여주북로 7.6km → 37 / 여양로 4.7km → 70 / 여양1로 0.5km,Prototype route from OpenStreetMap road graph. Production should use approved provider or self-hosted OSRM.,0.16,250 km from predicted corridor,primary
southern_port_disruption,Southern Port Logistics Disruption,fac_7d4287308e,sensor_payload,Sensor / Camera,1998,2100,1998,B,0.639,0.893,grid_zone_4f20da2a,0.448,0.722,fac_priority_d14c61f1b0,파블로항공 / PABLO AIR · 송도 제조센터,priority_final_assembly_factory,fac_priority_d14c61f1b0,파블로항공 / PABLO AIR · 송도 제조센터,송도 제조센터,7.0,11.0,1.1,0.18,7000,OSRM public demo server,routed,,8,unnamed road 0.5km → 19 / 봉수대로 5.0km → 청중로 0.6km,Prototype route from OpenStreetMap road graph. Production should use approved provider or self-hosted OSRM.,0.16,325 km from predicted corridor,primary
southern_port_disruption,Southern Port Logistics Disruption,fac_b2b985fe08,sensor_payload,Sensor / Camera,1699,2175,2069,B,0.657,0.893,grid_zone_4f20da2a,0.448,0.722,fac_priority_d14c61f1b0,파블로항공 / PABLO AIR · 송도 제조센터,priority_final_assembly_factory,fac_priority_d14c61f1b0,파블로항공 / PABLO AIR · 송도 제조센터,송도 제조센터,17.0,17.7,2.6,0.29,12700,OSRM public demo server,routed,,21,길주로 2.2km → 39 / 부천로 1.8km → 39 / 삼작로 0.8km → 39 / 신흥로 0.5km → 120 / 경인고속도로 7.2km,Prototype route from OpenStreetMap road graph. Production should use approved provider or self-hosted OSRM.,0.16,317 km from predicted corridor,primary
southern_port_disruption,Southern Port Logistics Disruption,fac_94c213e613,airframe,Airframe / Materials,2807,2950,2807,B,0.639,0.923,grid_zone_bfcc2516,0.717,0.555,fac_priority_a2d8939ba2,유비파이 / UVify · 의왕 연구소 / 생산기지,priority_final_assembly_factory,fac_priority_a2d8939ba2,유비파이 / UVify · 의왕 연구소 / 생산기지,의왕 연구소 / 생산기지,28.3,29.9,4.4,0.5,21400,OSRM public demo server,routed,,28,재안동길 0.5km → 봉상길 1.2km → 6; 44 / 경강로 12.7km → 88 1.8km → 37 / 양평로 7.6km,Prototype route from OpenStreetMap road graph. Production should use approved provider or self-hosted OSRM.,0.16,267 km from predicted corridor,primary
southern_port_disruption,Southern Port Logistics Disruption,fac_2a0a6d1f44,airframe,Airframe / Materials,2402,2525,2402,C,0.563,0.903,grid_zone_2d0a6a6a,0.587,0.636,fac_priority_38de94e360,유콘시스템 / UCONSYSTEM · 대전 본사 / 생산기지 가정,priority_final_assembly_factory,fac_priority_38de94e360,유콘시스템 / UCONSYSTEM · 대전 본사 / 생산기지 가정,대전 본사 / 생산기지 가정,109.4,94.3,16.8,1.57,72600,OSRM public demo server,routed,,38,와룡로 2.5km → 40 / 수덕사로 7.2km → 40 5.2km → 40; 45; 70 / 윤봉길로 12.3km → 오신로 1.3km,Prototype route from OpenStreetMap road graph. Production should use approved provider or self-hosted OSRM.,0.16,260 km from predicted corridor,primary
southern_port_disruption,Southern Port Logistics Disruption,fac_cc1c9e0bfe,airframe,Airframe / Materials,2188,2300,2188,C,0.567,0.923,grid_zone_eb82a68b,0.401,0.751,fac_priority_38de94e360,유콘시스템 / UCONSYSTEM · 대전 본사 / 생산기지 가정,priority_final_assembly_factory,fac_priority_38de94e360,유콘시스템 / UCONSYSTEM · 대전 본사 / 생산기지 가정,대전 본사 / 생산기지 가정,154.4,124.5,23.8,2.08,98500,OSRM public demo server,routed,,32,"1 / 하서대로 8.4km → unnamed road 0.6km → 25 / 호남고속도로 139.3km → 유성, 계룡산국립공원, 국립대전현충원 0.8km → 월드컵대로 0.5km",Prototype route from OpenStreetMap road graph. Production should use approved provider or self-hosted OSRM.,0.16,174 km from predicted corridor,primary
southern_port_disruption,Southern Port Logistics Disruption,fac_c647d0865d,airframe,Airframe / Materials,2603,3375,3211,B,0.7,0.873,grid_zone_bfcc2516,0.711,0.559,fac_priority_f1709ef7e1,프리뉴 / PRENEU · 안산 Manufacturing Center,priority_final_assembly_factory,fac_priority_f1709ef7e1,프리뉴 / PRENEU · 안산 Manufacturing Center,안산 Manufacturing Center,27.7,32.4,4.3,0.54,22400,OSRM public demo server,routed,,65,unnamed road 0.9km → 37 / 마유산로 5.9km → 신복길 1.4km → 고읍로 1.9km → 6 / 경강로 14.5km,Prototype route from OpenStreetMap road graph. Production should use approved provider or self-hosted OSRM.,0.16,282 km from predicted corridor,primary
southern_port_disruption,Southern Port Logistics Disruption,fac_3215491325,harness,Harness / Connector,2902,3050,2902,B,0.704,0.903,grid_zone_2d0a6a6a,0.55,0.659,fac_priority_38de94e360,유콘시스템 / UCONSYSTEM · 대전 본사 / 생산기지 가정,priority_final_assembly_factory,fac_priority_38de94e360,유콘시스템 / UCONSYSTEM · 대전 본사 / 생산기지 가정,대전 본사 / 생산기지 가정,84.7,79.2,13.0,1.32,59100,OSRM public demo server,routed,,53,unnamed road 4.5km → 봉수산로 4.2km → 604 / 용두장신길 2.9km → 604 / 장신신흥길 3.2km → 70; 645 / 청신로 1.9km,Prototype route from OpenStreetMap road graph. Production should use approved provider or self-hosted OSRM.,0.16,247 km from predicted corridor,primary
southern_port_disruption,Southern Port Logistics Disruption,fac_18d73ec4e7,harness,Harness / Connector,2688,2825,2688,B,0.663,0.893,grid_zone_49414766,0.412,0.745,fac_priority_38de94e360,유콘시스템 / UCONSYSTEM · 대전 본사 / 생산기지 가정,priority_final_assembly_factory,fac_priority_38de94e360,유콘시스템 / UCONSYSTEM · 대전 본사 / 생산기지 가정,대전 본사 / 생산기지 가정,43.7,40.2,6.7,0.67,30200,OSRM public demo server,routed,,27,오송가락로 1.2km → 1 / 경부고속도로 25.9km → 신탄진 0.9km → 17 / 신탄진로 2.4km → unnamed road 1.0km,Prototype route from OpenStreetMap road graph. Production should use approved provider or self-hosted OSRM.,0.16,218 km from predicted corridor,primary
southern_port_disruption,Southern Port Logistics Disruption,fac_e9184ea9bd,harness,Harness / Connector,2426,2550,2426,B,0.64,0.893,grid_zone_49414766,0.412,0.745,fac_priority_38de94e360,유콘시스템 / UCONSYSTEM · 대전 본사 / 생산기지 가정,priority_final_assembly_factory,fac_priority_38de94e360,유콘시스템 / UCONSYSTEM · 대전 본사 / 생산기지 가정,대전 본사 / 생산기지 가정,49.1,47.8,7.6,0.8,35100,OSRM public demo server,routed,,32,엘지로 4.5km → 대신로 1.5km → 직지대로 1.5km → unnamed road 1.5km → 35 / 중부고속도로 6.6km,Prototype route from OpenStreetMap road graph. Production should use approved provider or self-hosted OSRM.,0.16,220 km from predicted corridor,primary
southern_port_disruption,Southern Port Logistics Disruption,fac_ec226a2984,harness,Harness / Connector,1984,2550,2426,C,0.617,0.893,grid_zone_bfcc2516,0.68,0.578,fac_priority_f1709ef7e1,프리뉴 / PRENEU · 안산 Manufacturing Center,priority_final_assembly_factory,fac_priority_f1709ef7e1,프리뉴 / PRENEU · 안산 Manufacturing Center,안산 Manufacturing Center,13.1,14.3,2.0,0.24,10100,OSRM public demo server,routed,,28,당뒤길 0.4km → 6 / 경강로 9.3km → 45 / 북한강로 1.0km → 다산로 1.4km,Prototype route from OpenStreetMap road graph. Production should use approved provider or self-hosted OSRM.,0.16,280 km from predicted corridor,primary
southern_port_disruption,Southern Port Logistics Disruption,fac_ee30082ddc,qa_packaging,Test / Packaging,3259,3425,3259,C,0.607,0.893,grid_zone_bfcc2516,0.654,0.595,fac_priority_a2d8939ba2,유비파이 / UVify · 의왕 연구소 / 생산기지,priority_final_assembly_factory,fac_priority_a2d8939ba2,유비파이 / UVify · 의왕 연구소 / 생산기지,의왕 연구소 / 생산기지,9.7,14.6,1.5,0.24,9400,OSRM public demo server,routed,,27,unnamed road 3.1km → 수곡로 1.0km → 추읍로 1.2km → 계전길 2.0km → 70 / 여양1로 2.4km,Prototype route from OpenStreetMap road graph. Production should use approved provider or self-hosted OSRM.,0.16,264 km from predicted corridor,primary
southern_port_disruption,Southern Port Logistics Disruption,fac_cb50eed1fd,qa_packaging,Test / Packaging,3283,3450,3283,C,0.603,0.893,grid_zone_bfcc2516,0.654,0.595,fac_priority_ee105ea137,에이럭스 / ALUX · 도봉 공식 사업장 / 제조 인프라 확인 필요,priority_final_assembly_factory,fac_priority_ee105ea137,에이럭스 / ALUX · 도봉 공식 사업장 / 제조 인프라 확인 필요,도봉 공식 사업장 / 제조 인프라 확인 필요,24.1,22.7,3.7,0.38,16900,OSRM public demo server,routed,,20,39 / 신호국로 3.5km → 39 / 호국로 2.6km → 백석1교 0.5km → 서부로 4.9km → 평화로 0.5km,Prototype route from OpenStreetMap road graph. Production should use approved provider or self-hosted OSRM.,0.16,325 km from predicted corridor,primary
southern_port_disruption,Southern Port Logistics Disruption,fac_5be23269c4,qa_packaging,Test / Packaging,2854,3000,2854,C,0.569,0.893,grid_zone_4f20da2a,0.38,0.764,fac_priority_d14c61f1b0,파블로항공 / PABLO AIR · 송도 제조센터,priority_final_assembly_factory,fac_priority_d14c61f1b0,파블로항공 / PABLO AIR · 송도 제조센터,송도 제조센터,19.4,21.9,3.0,0.36,15300,OSRM public demo server,routed,,28,"unnamed road 1.2km → 100: 일산, 송내 1.0km → 100 / 수도권제1순환고속도로 6.1km → 120: 서울, 인천 0.8km → 120 / 경인고속도로 5.2km",Prototype route from OpenStreetMap road graph. Production should use approved provider or self-hosted OSRM.,0.16,317 km from predicted corridor,primary
southern_port_disruption,Southern Port Logistics Disruption,fac_8db85fcb64,qa_packaging,Test / Packaging,604,3325,3164,C,0.567,0.873,grid_zone_eb82a68b,0.338,0.79,fac_priority_38de94e360,유콘시스템 / UCONSYSTEM · 대전 본사 / 생산기지 가정,priority_final_assembly_factory,fac_priority_38de94e360,유콘시스템 / UCONSYSTEM · 대전 본사 / 생산기지 가정,대전 본사 / 생산기지 가정,155.1,126.1,23.9,2.1,99400,OSRM public demo server,routed,,33,"진남1로 0.5km → 24 / 노사로 4.7km → 25: 서울, 전주 0.4km → 25 / 호남고속도로 142.9km → 유성, 계룡산국립공원, 국립대전현충원 0.8km",Prototype route from OpenStreetMap road graph. Production should use approved provider or self-hosted OSRM.,0.16,173 km from predicted corridor,primary
