query,seendate,title,domain,language,sourcecountry,url,url_mobile,socialimage
Ukrzaliznytsia,20260630T111500Z,"Агросектор рискует потерять сотни миллионов долларов из - за новых тарифов  Укрзалізниці , – Мартышев",obozrevatel.com,Russian,Ukraine,https://www.obozrevatel.com/ekonomika-glavnaya/agrosektor-riskuet-poteryat-sotni-millionov-dollarov-iz-za-novyih-tarifov-ukrzaliznitsi-martyishev.htm,https://www.obozrevatel.com/ekonomika-glavnaya/agrosektor-riskuet-poteryat-sotni-millionov-dollarov-iz-za-novyih-tarifov-ukrzaliznitsi-martyishev/amp.htm,
"""Ukraine"" ""energy infrastructure""",20260629T190000Z,"Украина лучше подготовилась к отопительному сезону 2026 / 27 , чем год назад – гендиректор ДТЭК | Новости Украины",news.liga.net,Russian,Ukraine,https://news.liga.net/society/news/dtek-ukraina-vstupaet-v-otopitelnyi-sezon-202627-v-luchshem-sostoyanii-chem-v-proshlom-godu,https://news.liga.net/amp/society/news/dtek-ukraina-vstupaet-v-otopitelnyi-sezon-202627-v-luchshem-sostoyanii-chem-v-proshlom-godu,https://storage.liga.net/images/general/social/social-4628338-ru.png?v=1782747266
"""Ukraine"" ""Shahed""",20260629T140000Z,Belarus Relay Shutdown Limits Russia Real - Time Control of Shahed Drones,kyivpost.com,English,Ukraine,https://www.kyivpost.com/post/79215,,https://static.kyivpost.com/storage/2026/05/18/d396bc63367b7bfeca2a828783fd9038.jpg?&q=90&f=jpg
Ukrzaliznytsia,20260628T164500Z,В Киев прибыла канцлер казначейства Великобритании Рэйчел Ривз что известно фото,obozrevatel.com,Russian,Ukraine,https://www.obozrevatel.com/politics-news/v-kiev-pribyila-kantsler-kaznachejstva-velikobritanii-podrobnosti-i-foto.htm,https://www.obozrevatel.com/politics-news/v-kiev-pribyila-kantsler-kaznachejstva-velikobritanii-podrobnosti-i-foto/amp.htm,
"""Ukraine"" ""Shahed""",20260627T104500Z,"Ukraine air defenses down 113 of 129 enemy targets , 13 attack UAVs hit seven locations",en.interfax.com.ua,English,Ukraine,https://en.interfax.com.ua/news/general/1180193.html,https://en.interfax.com.ua/news/general/1180193-amp.html,https://media.interfax.com.ua/media/thumbs/images/2024/12/blxtk/2YY1PfUwulfB.jpg
Ukrzaliznytsia,20260627T100000Z,Тарифы УЗ - Укрзализныця повысит цены с 1 августа 2026 - какие тарифы вырастут,24tv.ua,Russian,Ukraine,https://24tv.ua/economy/ru/tarify-uz-ukrzaliznycja-povysit-ceny-1-avgusta-2026-kakie-tarify_n3095418,https://24tv.ua/economy/ru/tarify-uz-ukrzaliznycja-povysit-ceny-1-avgusta-2026-kakie-tarify_n3095418/amp,https://24tv.ua/resources/photos/news/202606/3095418.jpg?v=1782551718000
Ukrzaliznytsia,20260626T201500Z,Agreement on $18 mln in intl support for Ukrzaliznytsia reached at URC 2026 – Kuleba,en.interfax.com.ua,English,Ukraine,https://en.interfax.com.ua/news/economic/1180128.html,https://en.interfax.com.ua/news/economic/1180128-amp.html,https://media.interfax.com.ua/media/thumbs/images/2026/06/rigec/hm0Bv2UH_fiV.jpg
Ukrzaliznytsia,20260626T140000Z,"Финансовые проблемы  Укрзализныци  требуют комплексного решения , а не повышения тарифов , – Костерный",obozrevatel.com,Russian,Ukraine,https://www.obozrevatel.com/ekonomika-glavnaya/finansovyie-problemyi-ukrzaliznyitsi-trebuyut-kompleksnogo-resheniya-a-ne-povyisheniya-tarifov-kosternyij.htm,https://www.obozrevatel.com/ekonomika-glavnaya/finansovyie-problemyi-ukrzaliznyitsi-trebuyut-kompleksnogo-resheniya-a-ne-povyisheniya-tarifov-kosternyij/amp.htm,
"""Ukraine"" ""energy infrastructure""",20260626T090000Z,"우크라이나 , 러 에너지 인프라 정조준 … 40일 작전  으로 종전 압박",biz.heraldcorp.com,Korean,South Korea,https://biz.heraldcorp.com/article/10789838,,https://wimg.heraldcorp.com/news/cms/2026/06/26/rcv.YNA.20260626.PRU20260626141801009_T1.jpg
"""Ukraine"" ""energy infrastructure""",20260626T050000Z,"В Одеській області через атаку РФ пошкоджено енергетичну інфраструктуру Вилківської громади , постраждала людина – РДА",interfax.com.ua,Ukrainian,Ukraine,https://interfax.com.ua/news/general/1179809.html,https://interfax.com.ua/news/general/1179809-amp.html,https://media.interfax.com.ua/media/thumbs/images/2025/02/nindd/h-YfkF729NmX.jpg
"""Ukraine"" ""energy infrastructure""",20260625T220000Z,Конференция в Гранске 2026 – ЕБРР выделит Украине 90 млн евро на защиту энергосистемы | Новости Украины,news.liga.net,Russian,Ukraine,https://news.liga.net/politics/news/ebrr-vydelit-ukraine-90-mln-evro-na-vosstanovlenie-energosetei-posle-atak-so-storony-rf,https://news.liga.net/amp/politics/news/ebrr-vydelit-ukraine-90-mln-evro-na-vosstanovlenie-energosetei-posle-atak-so-storony-rf,https://storage.liga.net/images/general/social/social-4627846-ru.png?v=1782412272
"""Ukraine"" ""energy infrastructure""",20260625T210000Z,Конференція у Гранську 2026 – ЄБРР надасть Україні 90 млн євро на захист енергосистеми | Новини України,news.liga.net,Ukrainian,Ukraine,https://news.liga.net/ua/politics/news/yebrr-vydilyt-ukraini-90-mln-ievro-na-vidnovlennia-enerhomerezh-pislia-atak-rf,https://news.liga.net/ua/amp/politics/news/yebrr-vydilyt-ukraini-90-mln-ievro-na-vidnovlennia-enerhomerezh-pislia-atak-rf,https://storage.liga.net/images/general/social/social-4627846-ua.png?v=1782408584
Ukrzaliznytsia,20260625T193000Z,Россия атаковала локомотивы Укрзализныци в Сумской области и в Запорожье,24tv.ua,Russian,Ukraine,https://24tv.ua/ru/rossija-atakovala-lokomotivy-ukrzaliznyci-v-sumskoj-oblasti-i-v-zaporozhe-kakovy-posledstvija_n3094502,https://24tv.ua/ru/rossija-atakovala-lokomotivy-ukrzaliznyci-v-sumskoj-oblasti-i-v-zaporozhe-kakovy-posledstvija_n3094502/amp,https://24tv.ua/resources/photos/news/202606/3094502.jpg?v=1782409087000
"""Ukraine"" ""energy infrastructure""",20260625T191500Z,Արևմուտքը Կիևին 375 միլիոն եվրո կհատկացնի էներգետիկայի համար . Շմիհալ,1in.am,Armenian,Armenia,https://www.1in.am/3731324.html,,https://www.1in.am/assets/uploads/2026/06/6000-1211-540x360.jpg
Ukrzaliznytsia,20260625T110000Z,"РФ нанесла удары по локомотивам в Запорожье и на Сумщине , есть погибший",korrespondent.net,Russian,Ukraine,https://korrespondent.net/ukraine/4889145-rf-nanesla-udary-po-lokomotyvam-v-zaporozhe-y-na-sumschyne-est-pohybshyi,https://korrespondent.net/amp/4889145-rf-nanesla-udary-po-lokomotyvam-v-zaporozhe-y-na-sumschyne-est-pohybshyi,https://kor.ill.in.ua/m/1260x900/4470460.jpg
"""Ukraine"" ""energy infrastructure""",20260625T094500Z,У Києві – аварійне вимкнення світла . В « Укренерго » пояснили причину,radiosvoboda.org,Ukrainian,Ukraine,https://www.radiosvoboda.org/a/news-kyiv-avariyne-vymknennia-svitla/33788569.html,https://www.radiosvoboda.org/amp/news-kyiv-avariyne-vymknennia-svitla/33788569.html,https://gdb.rferl.org/872C6135-F017-4A61-A42A-B880F02422D9_w1200_h630.jpg
"""Ukraine"" ""energy infrastructure""",20260625T093000Z,Енергетичний Рамштайн : Україна отримає €375 млн на відновлення енергетики,delo.ua,Ukrainian,Ukraine,https://delo.ua/news/ukrayina-otrimaje-ponad-eur375-mln-na-vidnovlennya-energetiki-yaki-krayini-dali-grosi-468036/,,
"""Ukraine"" ""energy infrastructure""",20260625T091500Z,Енергетичний  Рамштайн  у Ґданську : Україна отримала 375 мільйонів євро на відновлення енергетичної інфраструктури,ostro.org,Ukrainian,Ukraine,https://www.ostro.org/news/energetychnyj-ramshtajn-u-gdansku-ukrayina-otrymala-375-miljoniv-yevro-na-vidnovlennya-i560001,,
"""Ukraine"" ""energy infrastructure""",20260625T091500Z,"Запад пообещал Украине 375 миллионов евро на энергетику , заявил Шмыгаль",1prime.ru,Russian,Russia,https://1prime.ru/20260625/ukraina-871051760.html,,https://cdnn.1prime.ru/images/sharing/article/rus/871051760.jpg
"""Ukraine"" ""energy infrastructure""",20260625T081500Z,"Запад выделит Киеву 375 миллионов евро на энергетику , утверждает Шмыгаль",ria.ru,Russian,Russia,https://ria.ru/20260625/zapad-2100988959.html,,https://cdnn21.img.ria.ru/images/sharing/article/2100988959.jpg
"""Ukraine"" ""Shahed""",20260625T081500Z,"Ukraine downs 83 of 90 enemy UAVs , strikes of ballistic missile and six attack UAVs recorded at seven locations",en.interfax.com.ua,English,Ukraine,https://en.interfax.com.ua/news/general/1179431.html,https://en.interfax.com.ua/news/general/1179431-amp.html,https://media.interfax.com.ua/media/thumbs/images/2025/10/cexew/kIjqQp24ISn1.jpg
"""Ukraine"" ""Shahed""",20260625T073000Z,Next Phase of Attack Drones Will See AI Choosing Targets : Drone Analyst,businessinsider.com,English,United States,https://www.businessinsider.com/shaheds-ai-choose-target-attack-drones-serhii-flash-beskrestnov-ukraine-2026-6,,https://i.insider.com/6a3cb7eca25092c74cc9eaa5?&format=jpeg
"""Ukraine"" ""energy infrastructure""",20260625T063000Z,Karas Ukrainoje . Iš D . Trumpo lūpų – pagyrimas V . Zelenskiui,lrytas.lt,Lithuanian,Lithuania,https://www.lrytas.lt/pasaulis/konfliktai-ir-saugumas/2026/06/25/news/karas-ukrainoje-is-d-trumpo-lupu-pagyrimas-v-zelenskiui-42933305,,https://media.lrytas.lt/images/2026/06/25/040120801-7ad6c426-3f96-4d68-b132-001a094b98b0.jpg
"""Ukraine"" ""energy infrastructure""",20260625T043000Z,Karas Ukrainoje . Iš D . Trumpo lūpų – pagyrimas V . Zelenskiui,lrytas.lt,Lithuanian,Lithuania,https://www.lrytas.lt/pasaulis/konfliktai-ir-saugumas/2026/06/25/news/karas-ukrainoje-is-d-trumpo-lupu-pagyrimas-v-zelenskiui-42933305/,,https://media.lrytas.lt/images/2026/06/25/040120801-7ad6c426-3f96-4d68-b132-001a094b98b0.jpg
"""Ukraine"" ""Shahed""",20260625T010000Z,"  Hundreds of Launcher : Zelensky Says Moscow Is Surrounded by S - 400 , S - 500 , Pantsir",kyivpost.com,English,Ukraine,https://www.kyivpost.com/post/78906,,https://static.kyivpost.com/storage/2026/05/26/3c4a2bde446170de54f731c43f4e77b5.jpg?&q=90&f=jpg
"""Ukraine"" ""energy infrastructure""",20260624T201500Z,"У Держдепі США заявили , що на цей момент Україна виграє війну",ukrinform.ua,Ukrainian,Ukraine,https://www.ukrinform.ua/rubric-polytics/4137328-pramo-zaraz-ukraina-peremagae-na-vijni-zastupnik-derzsekretara-ssa.html,https://www.ukrinform.ua/amp/rubric-polytics/4137328-pramo-zaraz-ukraina-peremagae-na-vijni-zastupnik-derzsekretara-ssa.html,https://static.ukrinform.com/photos/2025_08/thumb_files/630_360_1755070082-531.jpg
"""Ukraine"" ""energy infrastructure""",20260624T094500Z,Украински дронове поразиха енергийната инфраструктура на Крим,dnes.bg,Bulgarian,Bulgaria,https://www.dnes.bg/a/581-voynata-v-ukrayna/726092-ukrainski-dronove-poraziha-energiynata-infrastruktura-na-krim,,https://www.dnes.bg/media/files/resized/article/1280x720/9f4/8eecbe1431244fe53505bb547ea719f4-2026-06-23t203053z-925326995-rc2lzla5n8qr-rtrmadp-3-ukraine-crisis-attack-russia.JPG
"""Ukraine"" ""energy infrastructure""",20260624T093000Z,Ուկրաինական դրոնները հարվածել են Ղրիմի էներգետիկ ենթակառուցվածքներին,azatutyun.am,Armenian,Armenia,https://www.azatutyun.am/a/33787650.html,https://www.azatutyun.am/amp/33787650.html,https://gdb.rferl.org/3151e7a3-dc96-4a60-11b1-08decad58b60_w1200_h630.jpg
"""Ukraine"" ""energy infrastructure""",20260624T084500Z,В Украине зафиксировали новые отключения электроэнергии,korrespondent.net,Russian,Ukraine,https://korrespondent.net/ukraine/4888834-v-ukrayne-zafyksyrovaly-novye-otkluichenyia-elektroenerhyy,https://korrespondent.net/amp/4888834-v-ukrayne-zafyksyrovaly-novye-otkluichenyia-elektroenerhyy,https://kor.ill.in.ua/m/1260x900/4469635.jpg
Ukrzaliznytsia,20260624T081500Z,Билеты Киев – Одесса в наибольшем дефиците : почему возник и как купить билет на поезд,obozrevatel.com,Russian,Ukraine,https://www.obozrevatel.com/ekonomika-glavnaya/economy/biletyi-ischezayut-za-schitannyie-minutyi-ukrzaliznitsya-nazvala-samyie-defitsitnyie-rejsyi.htm,https://www.obozrevatel.com/ekonomika-glavnaya/economy/biletyi-ischezayut-za-schitannyie-minutyi-ukrzaliznitsya-nazvala-samyie-defitsitnyie-rejsyi/amp.htm,
"""Ukraine"" ""energy infrastructure""",20260624T081500Z,В Україні зафіксували нові знеструмлення,ua.korrespondent.net,Ukrainian,Ukraine,https://ua.korrespondent.net/ukraine/4888834-v-ukraini-zafiksuvaly-novi-znestrumlennia,https://ua.korrespondent.net/amp/4888834-v-ukraini-zafiksuvaly-novi-znestrumlennia,https://kor.ill.in.ua/m/1260x900/4469635.jpg
"""Ukraine"" ""energy infrastructure""",20260624T071500Z,Ουκρανία : Νεκρή σε πλήγμα της Ρωσίας στο Χάρκοβο,capital.gr,Greek,Greece,https://www.capital.gr/diethni/4000197/oukrania-nekri-se-pligma-tis-rosias-sto-xarkobo/,https://www.capital.gr/diethni/4000197/oukrania-nekri-se-pligma-tis-rosias-sto-xarkobo/?amp=true,https://www.capital.gr/Content/ImagesDatabase/fb/1000x523/crop/both/d1/d10af974d2aa4c58b1557a3fed595bb4.jpg
Ukrzaliznytsia,20260623T203000Z,"Development Ministry to present infrastructure PPP projects with Ukrzaliznytsia , ports , water utilities at URC 2026",en.interfax.com.ua,English,Ukraine,https://en.interfax.com.ua/news/general/1178990.html,https://en.interfax.com.ua/news/general/1178990-amp.html,https://media.interfax.com.ua/media/thumbs/images/2026/06/zxzee/-KNHQFeAY7mp.jpg
Ukrzaliznytsia,20260623T174500Z,"Мінрозвитку презентує на URC 2026 великий портфель проєктів ППП у сфері інфраструктури , зокрема з  Укрзалізницею , портами та водопостачанням країни",interfax.com.ua,Ukrainian,Ukraine,https://interfax.com.ua/news/general/1178982.html,https://interfax.com.ua/news/general/1178982-amp.html,https://media.interfax.com.ua/media/thumbs/images/2026/06/zxzee/-KNHQFeAY7mp.jpg
"""Ukraine"" ""energy infrastructure""",20260622T213000Z,Без электричества остались около 56 тыс . жителей Черниговской области Украины :: Новости дня / ВЗГЛЯД,vz.ru,Russian,Russia,https://vz.ru/news/2026/6/22/1429259.html,https://vz.ru/amp/news/2026/6/22/1429259.html,https://img.vz.ru/upimg/soc/soc_1429259.png
Ukrzaliznytsia,20260622T101500Z,Укрзалізниця увеличивает количество детских вагонов,korrespondent.net,Russian,Ukraine,https://korrespondent.net/ukraine/4888320-ukrzaliznytsia-uvelychyvaet-kolychestvo-detskykh-vahonov,https://korrespondent.net/amp/4888320-ukrzaliznytsia-uvelychyvaet-kolychestvo-detskykh-vahonov,https://kor.ill.in.ua/m/1260x900/4468543.jpg
"""Ukraine"" ""energy infrastructure""",20260621T191500Z,Укренерго : 22 червня в Україні не планують відключення світла,lb.ua,Ukrainian,Ukraine,https://lb.ua/economics/2026/06/21/746770_ukrenergo_povidomili_chi.html,,https://i.lb.ua/news/056/08/6a380e635ba56_200_130.jpg
Ukrzaliznytsia,20260620T111500Z,Скандал в поезде Одесса Киев : полиция открыла дело о сексуальном насилии по заявлению киевлянки,vesti-ua.net,Russian,Ukraine,https://vesti-ua.net/novosti/proisshestviya/285420-skandal-v-poezde-odessakiev-policiya-otkryla-delo-o-seksualnom-nasilii-po-zayavleniyu-kievlyanki.html,,https://vesti-ua.net/uploads/posts/2026-06/1781945811_poezd-v-pass.webp
Ukrzaliznytsia,20260619T201500Z,Дело о домогательствах в поезде « Одесса Киев »: полиция Киева возбудила уголовное дело,focus.ua,Russian,Ukraine,https://focus.ua/ukraine/758301-delo-o-domogatelstvah-v-poezde-odessa-kiev-policiya-kieva-vozbudila-ugolovnoe-delo,https://focus.ua/amp/ukraine/758301-delo-o-domogatelstvah-v-poezde-odessa-kiev-policiya-kieva-vozbudila-ugolovnoe-delo,https://focus.ua/static/storage/thumbs/1200x630/6/23/a7cz7a-4f20bbf85387596ef509dbd1c844c236.jpg?v=8349_1
"""Ukraine"" ""energy infrastructure""",20260619T144500Z,Міненерго : РФ завдала понад 6 тис . ударів по енергетиці України новини LB . ua,lb.ua,Ukrainian,Ukraine,https://lb.ua/society/2026/06/19/746388_minenergo_z_pochatku.html,,https://i.lb.ua/news/089/14/6a354d12148e9_200_130.jpg
Ukrzaliznytsia,20260619T143000Z,Скандал в поезде  Укрзализныци  пассажир приставал к девушке что известно,24tv.ua,Russian,Ukraine,https://24tv.ua/ru/skandal-poezde-ukrzaliznyci-passazhir-pristaval-k-devushke-chto_n3090891,https://24tv.ua/ru/skandal-poezde-ukrzaliznyci-passazhir-pristaval-k-devushke-chto_n3090891/amp,https://24tv.ua/resources/photos/news/202606/3090891.jpg?v=1781875945000
Ukrzaliznytsia,20260619T133000Z,Популярный международный поезд будет курсировать ежедневно - Минразвития,korrespondent.net,Russian,Ukraine,https://korrespondent.net/business/companies/4887801-populiarnyi-mezhdunarodnyi-poezd-budet-kursyrovat-ezhednevno-mynrazvytyia,https://korrespondent.net/amp/4887801-populiarnyi-mezhdunarodnyi-poezd-budet-kursyrovat-ezhednevno-mynrazvytyia,https://kor.ill.in.ua/m/1260x900/4466034.jpg
Ukrzaliznytsia,20260619T130000Z,В Украине запустили обновленные поезда : в состав вошли вагоны нового поколения - что в них есть,obozrevatel.com,Russian,Ukraine,https://www.obozrevatel.com/ekonomika-glavnaya/economy/v-ukraine-zapustili-obnovlennyie-poezda-po-vazhnyim-marshrutam-kak-vagonyi-vyiglyadyat-vnutri-foto.htm,https://www.obozrevatel.com/ekonomika-glavnaya/economy/v-ukraine-zapustili-obnovlennyie-poezda-po-vazhnyim-marshrutam-kak-vagonyi-vyiglyadyat-vnutri-foto/amp.htm,
Ukrzaliznytsia,20260619T094500Z,Поезд  Бессарабия  Киев Кишинев – как часто он будет курсировать,24tv.ua,Russian,Ukraine,https://24tv.ua/zakordon24/ru/poezd-bessarabija-kiev-kishinev-kak-chasto-on-budet-kursirovat_n3090630,https://24tv.ua/zakordon24/ru/poezd-bessarabija-kiev-kishinev-kak-chasto-on-budet-kursirovat_n3090630/amp,https://24tv.ua/resources/photos/news/202606/3090630.jpg?v=1781857918000
Ukrzaliznytsia,20260617T191500Z,Укрзалізниця призначає додатковий поїзд до Львова,ukrinform.ua,Ukrainian,Ukraine,https://www.ukrinform.ua/rubric-regions/4134947-ukrzaliznica-priznacae-dodatkovij-poizd-do-lvova.html,https://www.ukrinform.ua/amp/rubric-regions/4134947-ukrzaliznica-priznacae-dodatkovij-poizd-do-lvova.html,https://static.ukrinform.com/photos/2017_01/thumb_files/630_360_1485344395-8966.jpg
Ukrzaliznytsia,20260617T113000Z,Поезд 854 Днепр Харьков - какая цена билетов и где их можно купить,obozrevatel.com,Russian,Ukraine,https://www.obozrevatel.com/ekonomika-glavnaya/economy/v-ukraine-vernuli-poezd-na-populyarnyij-marshrut-skolko-stoyat-biletyi.htm,https://www.obozrevatel.com/ekonomika-glavnaya/economy/v-ukraine-vernuli-poezd-na-populyarnyij-marshrut-skolko-stoyat-biletyi/amp.htm,
Ukrzaliznytsia,20260616T183000Z,Business slams Ukrainian Railway freight rate hike plan,en.interfax.com.ua,English,Ukraine,https://en.interfax.com.ua/news/press-conference/1177031.html,https://en.interfax.com.ua/news/press-conference/1177031-amp.html,https://media.interfax.com.ua/media/thumbs/images/2026/06/meggz/kxybWLHJLyur.jpg
Ukrzaliznytsia,20260616T141500Z,Повышение грузовых тарифов УЗ нанесет значительный ущерб бюджету – я « Укрметаллургпром » ,obozrevatel.com,Russian,Ukraine,https://www.obozrevatel.com/ekonomika-glavnaya/povyishenie-gruzovyih-tarifov-uz-naneset-znachitelnyij-uscherb-byudzhetu-ya-ukrmetallurgprom.htm,https://www.obozrevatel.com/ekonomika-glavnaya/povyishenie-gruzovyih-tarifov-uz-naneset-znachitelnyij-uscherb-byudzhetu-ya-ukrmetallurgprom/amp.htm,
Ukrzaliznytsia,20260615T151500Z,Готовил поджоги объектов СБУ в Черкасской области : агент РФ получил 12 лет,korrespondent.net,Russian,Ukraine,https://korrespondent.net/ukraine/4886717-hotovyl-podzhohy-obektov-sbu-v-cherkasskoi-oblasty-ahent-rf-poluchyl-12-let,https://korrespondent.net/amp/4886717-hotovyl-podzhohy-obektov-sbu-v-cherkasskoi-oblasty-ahent-rf-poluchyl-12-let,https://kor.ill.in.ua/m/1260x900/4462463.jpg
Ukrzaliznytsia,20260615T124500Z,УЗ предупредила о задержках поездов после массированного обстрела,vesti-ua.net,Russian,Ukraine,https://vesti-ua.net/novosti/proisshestviya/285150-uz-predupredila-o-zaderzhkah-poezdov-posle-massirovannogo-obstrela.html,,https://vesti-ua.net/uploads/posts/2026-06/1781508113_photo_5208742801523730507_y_0_0.webp
Ukrzaliznytsia,20260615T023000Z,Украинцев предупредили о дефиците билетов на поезда : на 1 место будет 6 человек,obozrevatel.com,Russian,Ukraine,https://www.obozrevatel.com/ekonomika-glavnaya/economy/na-1-mesto-6-chelovek-ukrzaliznitsya-predupredila-ukraintsev-o-defitsite-biletov.htm,https://www.obozrevatel.com/ekonomika-glavnaya/economy/na-1-mesto-6-chelovek-ukrzaliznitsya-predupredila-ukraintsev-o-defitsite-biletov/amp.htm,
"""Ukraine"" ""energy infrastructure""",20260613T190000Z,"С начала полномасштабной войны  ДТЭК  инвестировал в экономику Украины 2 , 4 млрд евро",obozrevatel.com,Russian,Ukraine,https://www.obozrevatel.com/ekonomika-glavnaya/analytics-and-forecasts/s-nachala-polnomasshtabnoj-vojnyi-dtek-investiroval-v-ekonomiku-ukrainyi-2-4-mlrd-evro.htm,https://www.obozrevatel.com/ekonomika-glavnaya/analytics-and-forecasts/s-nachala-polnomasshtabnoj-vojnyi-dtek-investiroval-v-ekonomiku-ukrainyi-2-4-mlrd-evro/amp.htm,
"""Ukraine"" ""energy infrastructure""",20260613T171500Z,"ДТЕК інвестував €2 , 4 млрд в економіку України з початку повномасштабної війни",obozrevatel.com,Ukrainian,Ukraine,https://www.obozrevatel.com/ukr/ekonomika-glavnaya/analytics-and-forecasts/dtek-investuvav-2-4-mlrd-v-ekonomiku-ukraini-z-pochatku-povnomasshtabnoi-vijni.htm,https://www.obozrevatel.com/ukr/ekonomika-glavnaya/analytics-and-forecasts/dtek-investuvav-2-4-mlrd-v-ekonomiku-ukraini-z-pochatku-povnomasshtabnoi-vijni/amp.htm,
"""Ukraine"" ""energy infrastructure""",20260613T081500Z,"ДТЕК інвестував €2 , 4 млрд в економіку України з початку повномасштабної війни",focus.ua,Ukrainian,Ukraine,https://focus.ua/uk/economics/757540-dtek-investuvav-2-4-mlrd-v-ekonomiku-ukrajini-z-pochatku-povnomasshtabnoji-viyni,https://focus.ua/uk/amp/economics/757540-dtek-investuvav-2-4-mlrd-v-ekonomiku-ukrajini-z-pochatku-povnomasshtabnoji-viyni,https://focus.ua/static/storage/thumbs/1200x630/8/85/wmhqiy-377f3da5e41619f3987a26200134c858.jpg?v=6924_1
"""Ukraine"" ""energy infrastructure""",20260613T074500Z,"ДТЕК інвестував €2 , 4 млрд в економіку України з початку повномасштабної війни",unian.ua,Ukrainian,Ukraine,https://www.unian.ua/economics/energetics/dtek-investuvav-2-4-mlrd-v-ekonomiku-ukrajini-z-pochatku-povnomasshtabnoji-viyni-13410891.html,https://www.unian.ua/economics/energetics/dtek-investuvav-2-4-mlrd-v-ekonomiku-ukrajini-z-pochatku-povnomasshtabnoji-viyni-novini-sogodni-amp-13410891.html,https://images.unian.net/photos/2024_01/thumb_files/620_324_1704466719-7905.jpg?1
"""Ukraine"" ""Shahed""",20260612T184500Z,Ukraine one - time test used fully autonomous drones to kill Russian soldiers,arstechnica.com,English,United States,https://arstechnica.com/ai/2026/06/ukraines-one-time-test-used-fully-autonomous-drones-to-kill-russian-soldiers/,,https://cdn.arstechnica.net/wp-content/uploads/2026/06/Ukraine-drone-1152x648.jpg
Ukrzaliznytsia,20260612T140000Z,"Russian Attacks Kill Railway Worker , Damages Energy and Logistics Site",kyivpost.com,English,Ukraine,https://www.kyivpost.com/post/78067,,https://static.kyivpost.com/storage/2026/06/12/33ecb7c3e7ad7f0b7603dae05a612927.png?&q=90&f=jpg
Ukrzaliznytsia,20260612T083000Z,Атака на железнодорожную инфраструктуру : в Сумской области пострадали станции и вокзалы,vesti-ua.net,Russian,Ukraine,https://vesti-ua.net/novosti/proisshestviya/285025-ataka-na-zheleznodorozhnuyu-infrastrukturu-v-sumskoy-oblasti-postradali-stancii-i-vokzaly.html,,https://vesti-ua.net/uploads/posts/2026-06/1781243966_2026-06-12-08.webp
Ukrzaliznytsia,20260612T073000Z,"Сумская область , обстрел железной дороги 12 июня 2026 года - каковы последствия , есть ли жертвы",24tv.ua,Russian,Ukraine,https://24tv.ua/ru/sumskaja-oblast-obstrel-zheleznoj-dorogi-12-ijunja-2026-goda_n3086211,https://24tv.ua/ru/sumskaja-oblast-obstrel-zheleznoj-dorogi-12-ijunja-2026-goda_n3086211/amp,https://24tv.ua/resources/photos/news/202606/3086211.jpg?v=1781239825000
Ukrzaliznytsia,20260612T064500Z,"Ukrzaliznytsia employee killed , another hospitalized after Russia night attack on Sumy region",en.interfax.com.ua,English,Ukraine,https://en.interfax.com.ua/news/general/1175893.html,https://en.interfax.com.ua/news/general/1175893-amp.html,https://media.interfax.com.ua/media/thumbs/images/2025/11/sviwn/FrOBUHSnSHs6.jpg
"""Ukraine"" ""Shahed""",20260612T064500Z,"Air defense downs 102 of 117 Russian drones overnight , hits recorded at 7 locations",en.interfax.com.ua,English,Ukraine,https://en.interfax.com.ua/news/general/1175896.html,https://en.interfax.com.ua/news/general/1175896-amp.html,https://media.interfax.com.ua/media/thumbs/images/2022/05/sZHl-ayHLA_d.jpg
"""Ukraine"" ""energy infrastructure""",20260611T100000Z,Новости СВО 11 июня : ВС РФ поразили объекты военной инфраструктуры Украины,iz.ru,Russian,Russia,https://iz.ru/2113910/2026-06-11/armiia-rossii-porazila-ispolzuemye-vsu-obekty-voennoi-infrastruktury,https://iz.ru/export/google/amp/2113910,http://cdn.iz.ru/sites/default/files/styles/900x506/public/news-2026-06/TASS_53414084.jpg?itok=UEFy2ge9
Ukrzaliznytsia,20260611T090000Z,"Ukrainian Railways sees 473 , 000 passengers in first week of summer",en.interfax.com.ua,English,Ukraine,https://en.interfax.com.ua/news/economic/1175626.html,https://en.interfax.com.ua/news/economic/1175626-amp.html,https://media.interfax.com.ua/media/thumbs/images/2022/05/roDtJGGg5lRO.jpg
Ukrzaliznytsia,20260611T090000Z,"Russian strike on Konotop railway depot kills Ukrzaliznytsia employee , wounds 4 workers",en.interfax.com.ua,English,Ukraine,https://en.interfax.com.ua/news/general/1175633.html,https://en.interfax.com.ua/news/general/1175633-amp.html,https://media.interfax.com.ua/media/thumbs/images/2025/11/sviwn/FrOBUHSnSHs6.jpg
"""Ukraine"" ""Shahed""",20260611T061500Z,"Ukraine air defense downs 195 of 221 enemy targets , ballistic missiles and 21 strike drones hit 9 locations",en.interfax.com.ua,English,Ukraine,https://en.interfax.com.ua/news/general/1175583.html,https://en.interfax.com.ua/news/general/1175583-amp.html,https://media.interfax.com.ua/media/thumbs/images/2025/11/ojyob/s-cMmvTcDNBG.jpg
Ukrzaliznytsia,20260610T123000Z,В первые дни июня поезд « Львов - Лозовая » стал самым популярным в Украине,objectiv.tv,Russian,Ukraine,https://www.objectiv.tv/objectively/2026/06/10/v-pervye-dni-iyunya-poezd-lvov-lozovaya-stal-samym-populyarnym-v-ukraine/,,https://www.objectiv.tv/wp-content/uploads/2025/05/poezd.jpg
"""Ukraine"" ""energy infrastructure""",20260610T120000Z,Russian Firepower Unleashes Hell on Key Ukrainian Energy and Transport Hubs,globalsecurity.org,English,Syria,https://www.globalsecurity.org/wmd/library/news/ukraine/2026/06/ukraine-260609-sputnik01.htm,,
Ukrzaliznytsia,20260610T100000Z,"Почему нет билетов на поезд в Украине - в Укрзализныце объяснили , как купить билет",obozrevatel.com,Russian,Ukraine,https://www.obozrevatel.com/ekonomika-glavnaya/economy/po-7-passazhirov-na-odno-mesto-v-poezde-v-ukrzaliznitse-obyasnili-kak-kupit-bilet.htm,https://www.obozrevatel.com/ekonomika-glavnaya/economy/po-7-passazhirov-na-odno-mesto-v-poezde-v-ukrzaliznitse-obyasnili-kak-kupit-bilet/amp.htm,
"""Ukraine"" ""energy infrastructure""",20260610T100000Z,Rusya : Ukraynanın Mühimmat Depolarını ve Enerji Altyapısını Vurduk,haberler.com,Turkish,Turkey,https://www.haberler.com/guncel/rusya-ukrayna-nin-muhimmat-depolari-ve-altyapisi-vuruldu-19932217-haberi/,https://www.haberler.com/amp/rusya-ukrayna-nin-muhimmat-depolari-ve-altyapisi-vuruldu-19932217-haberi/,https://foto.haberler.com/haber/2026/06/10/rusya-ukrayna-nin-muhimmat-depolarini-ve-ener-19932217_amp.jpg
"""Ukraine"" ""energy infrastructure""",20260610T100000Z,"В РФ сообщили об ударах по военно - морской базе , объектам транспорта и энергетики Украины",interfax.ru,Russian,Russia,https://www.interfax.ru/russia/1095146,https://www.interfax.ru/amp/1095146,https://www.interfax.ru/aspimg/1095146.jpg
Ukrzaliznytsia,20260609T133000Z,ФРТУ призвала не повышать грузовые тарифы  Укрзалізниці : это может усилить давление на экономику,obozrevatel.com,Russian,Ukraine,https://www.obozrevatel.com/ekonomika-glavnaya/frtu-prizvala-ne-povyishat-gruzovyie-tarifyi-ukrzaliznitsi-eto-mozhet-usilit-davlenie-na-ekonomiku.htm,https://www.obozrevatel.com/ekonomika-glavnaya/frtu-prizvala-ne-povyishat-gruzovyie-tarifyi-ukrzaliznitsi-eto-mozhet-usilit-davlenie-na-ekonomiku/amp.htm,
"""Ukraine"" ""Shahed""",20260609T133000Z,Next - generation interceptors : Ukrainian drones already autonomously take down Shahed - type UAVs,globalsecurity.org,English,Syria,https://www.globalsecurity.org/wmd/library/news/ukraine/2026/06/ukraine-260608-ukraine-mod02.htm,,
Ukrzaliznytsia,20260609T121500Z,Укрзалізниця закрыла продажу билетов на популярные рейсы - почему поезда пропали из продажи,obozrevatel.com,Russian,Ukraine,https://www.obozrevatel.com/ekonomika-glavnaya/economy/ukrzaliznyitsya-zakryila-prodazhu-biletov-na-populyarnyih-rejsah-poezda-massovo-stali-nedostupnyimi.htm,https://www.obozrevatel.com/ekonomika-glavnaya/economy/ukrzaliznyitsya-zakryila-prodazhu-biletov-na-populyarnyih-rejsah-poezda-massovo-stali-nedostupnyimi/amp.htm,
Ukrzaliznytsia,20260608T191500Z,Ukrzaliznytsia backbone of logistics critical for Ukraine – opinion,en.interfax.com.ua,English,Ukraine,https://en.interfax.com.ua/news/economic/1174777.html,https://en.interfax.com.ua/news/economic/1174777-amp.html,https://media.interfax.com.ua/media/thumbs/images/2022/05/tywaRyNO9Tmj.jpg
Ukrzaliznytsia,20260608T191500Z,Budget support program for Ukrzaliznytsia opens door to discussing company debt restructuring – minister,en.interfax.com.ua,English,Ukraine,https://en.interfax.com.ua/news/economic/1174801.html,https://en.interfax.com.ua/news/economic/1174801-amp.html,https://media.interfax.com.ua/media/thumbs/images/2021/04/es03t5wUHMeR.jpg
"""Ukraine"" ""Shahed""",20260608T191500Z,Ukrainian Drones Now Autonomously Down Shaheds,kyivpost.com,English,Ukraine,https://www.kyivpost.com/post/77764,,https://static.kyivpost.com/storage/2026/05/12/f6ddb9292d7e2aecc9b80b3f2ea4f887.jpg?&q=90&f=jpg
"""Ukraine"" ""Shahed""",20260608T110000Z,"Ukraine downs 124 of 155 Russian drones overnight , impacts recorded at 17 locations – Air Force",en.interfax.com.ua,English,Ukraine,https://en.interfax.com.ua/news/general/1174526.html,https://en.interfax.com.ua/news/general/1174526-amp.html,https://media.interfax.com.ua/media/thumbs/images/2024/12/blxtk/2YY1PfUwulfB.jpg
"""Ukraine"" ""Shahed""",20260608T004500Z,"Russian strikes kill five , damage nuclear storage facility : Kyiv",tribune.com.pk,English,Pakistan,https://tribune.com.pk/story/2611999/russian-strikes-kill-five-damage-nuclear-storage-facility-kyiv,,https://i.tribune.com.pk/media/images/431780865040-4/431780865040-4-640x480.webp
"""Ukraine"" ""Shahed""",20260607T154500Z,Ukraine Accuses Russia Of Striking Nuclear Fuel Storage Facility Near Chernobyl,article.wn.com,English,United States,https://article.wn.com/view/2026/06/07/Ukraine_Accuses_Russia_Of_Striking_Nuclear_Fuel_Storage_Faci/,,
"""Ukraine"" ""Shahed""",20260607T150000Z,"Russian drone hit nuclear - fuel storage facility near Chornobyl , Ukraine says",cbc.ca,English,Canada,https://www.cbc.ca/news/world/russian-drone-chornobyl-9.7226511,,"https://i.cbc.ca/ais/28284143-eea1-4c67-8578-bcdda0f722c9,1780836614353/full/max/0/default.jpg?im=Crop%2Crect%3D%280%2C67%2C1280%2C720%29%3BResize%3D620"
"""Ukraine"" ""Shahed""",20260607T134500Z,"Russian drone hits nuclear - fuel storage facility near Chornobyl , Ukraine says",cnbc.com,English,United States,https://www.cnbc.com/2026/06/07/russian-drone-hits-nuclear-fuel-storage-facility-near-chornobyl-ukraine-says.html,https://www.cnbc.com/amp/2026/06/07/russian-drone-hits-nuclear-fuel-storage-facility-near-chornobyl-ukraine-says.html,https://image.cnbcfm.com/api/v1/image/107231317-1682514623864-gettyimages-112226468-ARP1556945.jpeg?v=1682514888
Ukrzaliznytsia,20260607T121500Z,Дрон оккупантов атаковал локомотив УЗ в Запорожье - вспыхнул пожар - фото,war.obozrevatel.com,Russian,Ukraine,https://war.obozrevatel.com/okkupantyi-v-zaporozhe-atakovali-lokomotiv-ukrzaliznyitsi-lyudej-vovremya-evakuirovali-foto.htm,https://war.obozrevatel.com/okkupantyi-v-zaporozhe-atakovali-lokomotiv-ukrzaliznyitsi-lyudej-vovremya-evakuirovali-foto/amp.htm,
Ukrzaliznytsia,20260607T114500Z,Под Запорожьем российский дрон поразил электровоз Укрзализницы,korrespondent.net,Russian,Ukraine,https://korrespondent.net/ukraine/4884659-pod-zaporozhem-rossyiskyi-dron-porazyl-elektrovoz-ukrzalyznytsy,https://korrespondent.net/amp/4884659-pod-zaporozhem-rossyiskyi-dron-porazyl-elektrovoz-ukrzalyznytsy,https://kor.ill.in.ua/m/1260x900/4454023.jpg
Ukrzaliznytsia,20260604T214500Z,"СБУ задержала предателя - им оказался бывший работник Укрзализныци , новости Украины",24tv.ua,Russian,Ukraine,https://24tv.ua/ru/sbu-zaderzhala-predatelja-im-okazalsja-byvshij-rabotnik-ukrzaliznyci_n3081048,https://24tv.ua/ru/sbu-zaderzhala-predatelja-im-okazalsja-byvshij-rabotnik-ukrzaliznyci_n3081048/amp,https://24tv.ua/resources/photos/news/202606/3081048.jpg?v=1780560441000
Ukrzaliznytsia,20260604T141500Z,Укрзалізниця запускает комфортный поезд Одесса – Винница,odessa-life.od.ua,Russian,Ukraine,https://odessa-life.od.ua/news/zhara-bolshe-ne-problema-ukrzalizniczya-zapuskaet-komfortnyj-poezd-odessa-vinnicza,https://odessa-life.od.ua/news/zhara-bolshe-ne-problema-ukrzalizniczya-zapuskaet-komfortnyj-poezd-odessa-vinnicza/amp,https://odessa-life.od.ua/wp-content/uploads/2026/06/203406-uk.png
Ukrzaliznytsia,20260604T091500Z,"В Одессе задержали экс - сотрудника УЗ , который работал на россиян",korrespondent.net,Russian,Ukraine,https://korrespondent.net/city/odessa/4883930-v-odesse-zaderzhaly-eks-sotrudnyka-uz-kotoryi-rabotal-na-rossyian,https://korrespondent.net/amp/4883930-v-odesse-zaderzhaly-eks-sotrudnyka-uz-kotoryi-rabotal-na-rossyian,https://kor.ill.in.ua/m/1260x900/4451294.jpg
Ukrzaliznytsia,20260603T114500Z,Ucrânia : chefe da NATO Mark Rutte chega a Kiev em visita não anunciada,pt.euronews.com,Portuguese,United States,https://pt.euronews.com/my-europe/2026/06/03/ucrania-chefe-da-nato-mark-rutte-chega-a-kiev-em-visita-nao-anunciada,,https://images.euronews.com/articles/stories/09/78/29/65/1200x675_cmsv2_4fbf8039-b33a-5759-8883-fb4dd9aba10a-9782965.jpg
Ukrzaliznytsia,20260603T093000Z,Обстрелы Киева - генсек НАТО прибыл в столицу Украины - фото,gazeta.ua,Russian,Ukraine,https://gazeta.ua/ru/articles/politics/_generalnyj-sekretar-nato-pribyl-v-kiev-na-fone-massirovannyh-obstrelov-so-storony-rossii/1251932,,https://static.gazeta.ua/img2/cache/preview/1251/1251932_w_450.jpg?v=0
Ukrzaliznytsia,20260603T091500Z,Генеральный секретарь НАТО прибыл в Киев,korrespondent.net,Russian,Ukraine,https://korrespondent.net/ukraine/4883608-heneralnyi-sekretar-nato-prybyl-v-kyev,https://korrespondent.net/amp/4883608-heneralnyi-sekretar-nato-prybyl-v-kyev,https://kor.ill.in.ua/m/1260x900/4449977.jpg
Ukrzaliznytsia,20260603T091500Z,"NATO chief Rutte arrives in Kyiv on unannounced visit , Ukrainian officials say",euronews.com,English,United States,https://www.euronews.com/my-europe/2026/06/03/nato-chief-rutte-arrives-in-kyiv-on-unannounced-visit-ukrainian-officials-say,,https://images.euronews.com/articles/stories/09/78/29/65/1200x675_cmsv2_4fbf8039-b33a-5759-8883-fb4dd9aba10a-9782965.jpg
Ukrzaliznytsia,20260603T090000Z,На Харьковщине опаздывают поезда – какие и причина,objectiv.tv,Russian,Ukraine,https://www.objectiv.tv/objectively/2026/06/03/na-harkovshhine-opazdyvayut-poezda-kakie-i-prichina/,,https://www.objectiv.tv/wp-content/uploads/2026/03/photo_2026-03-31_12-32-21.jpg
"""Ukraine"" ""Shahed""",20260603T080000Z,"Ukraine downs 189 of 198 UAVs , 8 attack drones hit 7 locations",en.interfax.com.ua,English,Ukraine,https://en.interfax.com.ua/news/general/1173191.html,https://en.interfax.com.ua/news/general/1173191-amp.html,https://media.interfax.com.ua/media/thumbs/images/2022/06/WLDgGcw_41Fj.jpg
Ukrzaliznytsia,20260602T120000Z,"На Харковщине россияне ударили дроном по тепловозу , пострадал желездорожник",korrespondent.net,Russian,Ukraine,https://korrespondent.net/ukraine/4883379-na-kharkovschyne-rossyiane-udaryly-dronom-po-teplovozu-postradal-zhelezdorozhnyk,https://korrespondent.net/amp/4883379-na-kharkovschyne-rossyiane-udaryly-dronom-po-teplovozu-postradal-zhelezdorozhnyk,https://kor.ill.in.ua/m/1260x900/4449277.jpg
"""Ukraine"" ""Shahed""",20260602T071500Z,Start - up Tycho . AI looks to bring Ukraine - style drone interceptors to US market,flightglobal.com,English,United States,https://www.flightglobal.com/archive/2026/06/start-up-tycho-ai-looks-to-bring-ukraine-style-drone-interceptors-to-us-market/,,https://www.flightglobal.com/wp-content/uploads/2026/06/Tycho-AI-Halley-drone-interceptor.jpeg
Ukrzaliznytsia,20260601T163000Z,Убытки Укрзализныци в 2026 году - что о них известно - почему такие большие,24tv.ua,Russian,Ukraine,https://24tv.ua/business/ru/ubytki-ukrzaliznyci-v-2026-godu-chto-o-nih-izvestno-pochemu-takie-bolshie_n3079207,https://24tv.ua/business/ru/ubytki-ukrzaliznyci-v-2026-godu-chto-o-nih-izvestno-pochemu-takie-bolshie_n3079207/amp,https://24tv.ua/resources/photos/news/202606/3079207.jpg?v=1780326799000
"""Ukraine"" ""Shahed""",20260601T083000Z,"Ukrainian air defense downs 228 of 265 UAVs , 27 attack drones hit 18 locations",en.interfax.com.ua,English,Ukraine,https://en.interfax.com.ua/news/general/1172532.html,https://en.interfax.com.ua/news/general/1172532-amp.html,https://media.interfax.com.ua/media/thumbs/images/2024/11/rffcs/M07BlJbDW5Vx.jpg
"""Ukraine"" ""energy infrastructure""",20260531T133000Z,"ВС России нанесли удары по объектам инфраструктуры , используемым ВСУ",1prime.ru,Russian,Russia,https://1prime.ru/20260531/svo-870360755.html,,https://cdnn.1prime.ru/images/sharing/article/rus/870360755.jpg
Ukrzaliznytsia,20260530T124500Z,"Удар по поезду в Запорожье 30 мая - погиб машинист , есть раненые",24tv.ua,Russian,Ukraine,https://24tv.ua/ru/udar-po-poezdu-v-zaporozhe-30-maja-pogib-mashinist-est-ranenye_n3078016,https://24tv.ua/ru/udar-po-poezdu-v-zaporozhe-30-maja-pogib-mashinist-est-ranenye_n3078016/amp,https://24tv.ua/resources/photos/news/202605/3078016.jpg?v=1780143766000
"""Ukraine"" ""Shahed""",20260529T143000Z,What we know about the Geran - 2 drone that hit a residential building in Romania,euronews.com,English,United States,https://www.euronews.com/my-europe/2026/05/29/what-we-know-about-the-geran-2-drone-that-hit-a-residential-building-in-romania,,https://images.euronews.com/articles/stories/09/77/76/26/1200x675_cmsv2_9602ab57-34cc-5623-b537-385805ee8b52-9777626.jpg
"""Ukraine"" ""energy infrastructure""",20260529T134500Z,Ο Ζελένσκι προειδοποιεί : Η Ρωσία προετοιμάζει νέα μεγάλη επίθεση στην Ουκρανία – Νέα πλήγματα σε ενεργειακές υποδομές,inewsgr.com,Greek,Greece,https://www.inewsgr.com/93/o-zelenski-proeidopoiei-i-rosia-proetoimazei-nea-megali-epithesi-stin-oukrania--nea-pligmata-se-energeiakes-ypodomes.htm,https://www.inewsgr.com/93/o-zelenski-proeidopoiei-i-rosia-proetoimazei-nea-megali-epithesi-stin-oukrania--nea-pligmata-se-energeiakes-ypodomes.htm.amp,https://images32.inewsgr.com/5948/59485801/1.jpg
"""Ukraine"" ""Shahed""",20260529T121500Z,"Russia Turning More Shaheds Into Operator - Guided Drones , Hunt Targets",businessinsider.com,English,United States,https://www.businessinsider.com/russia-turning-more-shaheds-into-operator-guided-drones-hunt-targets-2026-5,,https://i.insider.com/6a16b640b4fb977f3597ffb9?&format=jpeg
"""Ukraine"" ""Shahed""",20260529T071500Z,"217 of 232 UAVs neutralized , Iskander missile and 14 drones hit targets",en.interfax.com.ua,English,Ukraine,https://en.interfax.com.ua/news/general/1171933.html,https://en.interfax.com.ua/news/general/1171933-amp.html,https://media.interfax.com.ua/media/thumbs/images/2024/11/rffcs/M07BlJbDW5Vx.jpg
"""Ukraine"" ""Shahed""",20260528T123000Z,Russia Puts Electronic Warfare on Drones Fighting Ukrainian Interceptors,businessinsider.com,English,United States,https://www.businessinsider.com/russia-arms-drones-with-new-electronic-defenses-fight-ukrainian-interceptors-2026-5,,https://i.insider.com/6a16b5752ab5f9757add4abf?&format=jpeg
"""Ukraine"" ""Shahed""",20260528T071500Z,"Air defense downs 138 of 147 Russian drones overnight , Kinzhal ballistic missile and 9 attack UAVs hit 7 locations",en.interfax.com.ua,English,Ukraine,https://en.interfax.com.ua/news/general/1171612.html,https://en.interfax.com.ua/news/general/1171612-amp.html,https://media.interfax.com.ua/media/thumbs/images/2025/11/ojyob/s-cMmvTcDNBG.jpg
"""Ukraine"" ""Shahed""",20260527T233000Z,Former CIA chief Petraeus says drone swarms are the next danger and growth opportunity,cnbc.com,English,United States,https://www.cnbc.com/2026/05/28/petraeus-unmanned-systems-autonomous-drones-defense-investment.html,https://www.cnbc.com/amp/2026/05/28/petraeus-unmanned-systems-autonomous-drones-defense-investment.html,https://image.cnbcfm.com/api/v1/image/108312335-1779872274165-gettyimages-1257869545-AFP_33G69XX.jpeg?v=1779872288
Ukrzaliznytsia,20260527T161500Z,  Укрзализныця  на грани банкротства : долги нам не списали,gazeta.ua,Russian,Ukraine,https://gazeta.ua/ru/blog/64714/ukrzaliznicya-na-grani-bankrutstva-borgi-nam-ne-spisali,,
Ukrzaliznytsia,20260526T123000Z,Директор ФРТУ оценил последствия повышения грузовых тарифов Укрзализныци,korrespondent.net,Russian,Ukraine,https://korrespondent.net/business/economics/4881577-dyrektor-frtu-otsenyl-posledstvyia-povyshenyia-hruzovykh-taryfov-ukrzalyznytsy,https://korrespondent.net/amp/4881577-dyrektor-frtu-otsenyl-posledstvyia-povyshenyia-hruzovykh-taryfov-ukrzalyznytsy,https://kor.ill.in.ua/m/1260x900/4442529.jpg
Ukrzaliznytsia,20260523T090000Z,Шон Пенн снялся в украинском фильме - каким был гонорар и райдер,24tv.ua,Russian,Ukraine,https://24tv.ua/show24/ru/shon-penn-snjalsja-v-ukrainskom-filme-kakim-byl-gonorar-i-rajder_n3073368,https://24tv.ua/show24/ru/shon-penn-snjalsja-v-ukrainskom-filme-kakim-byl-gonorar-i-rajder_n3073368/amp,https://24tv.ua/resources/photos/news/202605/3073368.jpg?v=1779524872000
Ukrzaliznytsia,20260523T090000Z,Юрий Горбунов удивил гонораром Шона Пенна за съемки в украинском кино – особенности райдера звезды,obozrevatel.com,Russian,Ukraine,https://www.obozrevatel.com/shou-oboz/yurij-gorbunov-raskryil-osobennosti-rajdera-shona-penna-i-udivil-gonorarom-zvezdyi-za-semku-v-ukrainskom-kino.htm,https://www.obozrevatel.com/shou-oboz/yurij-gorbunov-raskryil-osobennosti-rajdera-shona-penna-i-udivil-gonorarom-zvezdyi-za-semku-v-ukrainskom-kino/amp.htm,
"""Ukraine"" ""energy infrastructure""",20260522T110000Z,Звільнення імпорту трансформаторів від мита і ПДВ пришвидшить відновлення енергосистеми – ЄБА,interfax.com.ua,Ukrainian,Ukraine,https://interfax.com.ua/news/economic/1169956.html,https://interfax.com.ua/news/economic/1169956-amp.html,https://media.interfax.com.ua/media/thumbs/images/2018/11/NFc9-fxPyb0F.png
"""Ukraine"" ""energy infrastructure""",20260522T083000Z,В восьми областях Украины часть абонентов осталась без света,ria.ru,Russian,Russia,https://ria.ru/20260522/ukraina-2093972571.html,,https://cdnn21.img.ria.ru/images/sharing/article/2093972571.jpg
Ukrzaliznytsia,20260521T124500Z,"Билеты на поезд - как атаки на железную дорогу вызвали дефицит вагонов , что будет с билетами",24tv.ua,Russian,Ukraine,https://24tv.ua/economy/ru/bilety-na-poezd-kak-ataki-na-zheleznuju-dorogu-vyzvali-deficit-vagonov-chto-budet-s-biletami_n3072085,https://24tv.ua/economy/ru/bilety-na-poezd-kak-ataki-na-zheleznuju-dorogu-vyzvali-deficit-vagonov-chto-budet-s-biletami_n3072085/amp,https://24tv.ua/resources/photos/news/202605/3072085.jpg?v=1779355860000
Ukrzaliznytsia,20260521T033000Z,Укрзализныця закупает вагоны нового поколения,korrespondent.net,Russian,Ukraine,https://korrespondent.net/business/companies/4880236-ukrzalyznytsia-zakupaet-vahony-novoho-pokolenyia,https://korrespondent.net/amp/4880236-ukrzalyznytsia-zakupaet-vahony-novoho-pokolenyia,https://kor.ill.in.ua/m/1260x900/4437127.jpg
Ukrzaliznytsia,20260521T033000Z,Занимался поджогами объектов Укрзализныци в Киеве : агент рф получил 15 лет тюрьмы,pressorg24.com,Russian,Ukraine,http://pressorg24.com/news?id=830537,,
Ukrzaliznytsia,20260520T134500Z,Россия за время войны уничтожила 46 пассажирских вагонов Укрзалізниці,korrespondent.net,Russian,Ukraine,https://korrespondent.net/ukraine/4880079-rossyia-za-vremia-voiny-unychtozhyla-46-passazhyrskykh-vahonov-ukrzaliznytsi,https://korrespondent.net/amp/4880079-rossyia-za-vremia-voiny-unychtozhyla-46-passazhyrskykh-vahonov-ukrzaliznytsi,https://kor.ill.in.ua/m/1260x900/4436536.jpg
"""Ukraine"" ""energy infrastructure""",20260519T091500Z,Wadephul : Energieinfrastruktur besser vor Angriffen schützen,finanzen.net,German,Germany,https://www.finanzen.net/nachricht/aktien/wadephul-energieinfrastruktur-besser-vor-angriffen-schuetzen-15697069,,
"""Ukraine"" ""energy infrastructure""",20260519T064500Z,Wadephul zu Krisenmanagement : Können vom Know - How der Ukraine lernen,finanzen.net,German,Germany,https://www.finanzen.net/nachricht/aktien/wadephul-zu-krisenmanagement-koennen-vom-know-how-der-ukraine-lernen-15696724,,
"""Ukraine"" ""energy infrastructure""",20260519T064500Z,Wadephul zu Krisenmanagement : Können vom Know - How der Ukraine lernen,finanznachrichten.de,German,Germany,https://www.finanznachrichten.de/nachrichten-2026-05/68530845-wadephul-zu-krisenmanagement-koennen-vom-know-how-der-ukraine-lernen-016.htm,,https://www.finanznachrichten.de/content/g/fb.png
Ukrzaliznytsia,20260518T194500Z,"EBA proposes changing rules for repairing freight cars , calls for abolition of service life limits",en.interfax.com.ua,English,Ukraine,https://en.interfax.com.ua/news/economic/1168812.html,https://en.interfax.com.ua/news/economic/1168812-amp.html,https://media.interfax.com.ua/media/social_img/1168812_172420_1805.jpg
"""Ukraine"" ""energy infrastructure""",20260518T191500Z,В Мінфіні назвали потреби України у фінансуванні на два роки : частина вже забезпечена DSnews . ua,dsnews.ua,Ukrainian,Ukraine,https://www.dsnews.ua/ukr/politics/v-minfine-nazvali-potrebnosti-ukrainy-v-finansirovanii-na-dva-goda-chast-uzhe-obespechena-18052026-459606,https://www.dsnews.ua/ukr/politics/v-minfine-nazvali-potrebnosti-ukrainy-v-finansirovanii-na-dva-goda-chast-uzhe-obespechena-18052026-459606/amp,https://www.dsnews.ua/static/content/thumbs/1200x630/0/9e/abc9aecb-802465153fc698998533fe93f6b6b9e0.png?v=5257_1
Ukrzaliznytsia,20260518T113000Z,Обстрел Днепропетровской области « Укрзалізниця » изменила движение поездов какие рейсы задерживаются,focus.ua,Russian,Ukraine,https://focus.ua/voennye-novosti/754576-obstrel-dnepropetrovskoy-oblasti-ukrzaliznycya-izmenila-dvizhenie-poezdov-kakie-reysy-zaderzhivayutsya,https://focus.ua/amp/voennye-novosti/754576-obstrel-dnepropetrovskoy-oblasti-ukrzaliznycya-izmenila-dvizhenie-poezdov-kakie-reysy-zaderzhivayutsya,https://focus.ua/static/storage/thumbs/1200x630/e/d3/lirfvg-90c396aa1cbbe893d8d7bb5adda71d3e.jpg?v=4013_1
"""Ukraine"" ""energy infrastructure""",20260517T213000Z,Київ відреагував на дронову атаку атомної електростанції в ОАЕ,ua.korrespondent.net,Ukrainian,Ukraine,https://ua.korrespondent.net/world/4879333-kyiv-vidreahuvav-na-dronovu-ataku-atomnoi-elektrostantsii-v-oae,https://ua.korrespondent.net/amp/4879333-kyiv-vidreahuvav-na-dronovu-ataku-atomnoi-elektrostantsii-v-oae,https://kor.ill.in.ua/m/1260x900/4434580.jpg
"""Ukraine"" ""energy infrastructure""",20260517T211500Z,Киев отреагировал на дроновую атаку атомной электростанции в ОАЭ,korrespondent.net,Russian,Ukraine,https://korrespondent.net/world/4879333-kyev-otreahyroval-na-dronovuui-ataku-atomnoi-elektrostantsyy-v-oae,https://korrespondent.net/amp/4879333-kyev-otreahyroval-na-dronovuui-ataku-atomnoi-elektrostantsyy-v-oae,https://kor.ill.in.ua/m/1260x900/4434580.jpg
"""Ukraine"" ""Shahed""",20260516T141500Z,Israeli Harop Drone : A Game - Changer in Modern Warfare Compared to Iran Shahed - 136,idrw.org,English,India,https://idrw.org/israeli-harop-drone-a-game-changer-in-modern-warfare-compared-to-irans-shahed-136/,,https://idrw.org/wp-content/uploads/2026/05/IMG_20250509_210246_667-1.jpg
Ukrzaliznytsia,20260515T171500Z,"Суд вынес приговор дезертиру , который поджег объект Укрзализныци в Киеве",korrespondent.net,Russian,Ukraine,https://korrespondent.net/city/kiev/4878906-sud-vynes-pryhovor-dezertyru-kotoryi-podzheh-obekt-ukrzalyznytsy-v-kyeve,https://korrespondent.net/amp/4878906-sud-vynes-pryhovor-dezertyru-kotoryi-podzheh-obekt-ukrzalyznytsy-v-kyeve,https://kor.ill.in.ua/m/1260x900/4432608.jpg
"""Ukraine"" ""Shahed""",20260515T104500Z,"One missile and 130 enemy drones shot down , strike UAVs hit 6 locations – Air Force",en.interfax.com.ua,English,Ukraine,https://en.interfax.com.ua/news/general/1167960.html,https://en.interfax.com.ua/news/general/1167960-amp.html,https://media.interfax.com.ua/media/thumbs/images/2022/05/i4rQFpSg2PTk.jpg
"""Ukraine"" ""energy infrastructure""",20260514T120000Z,Сили РФ атакували енергетичну інфраструктуру Києва – ДТЕК,radiosvoboda.org,Ukrainian,Ukraine,https://www.radiosvoboda.org/a/news-ataka-rf-enerhoinfrastruktura-kyyiv-dtek/33756727.html,https://www.radiosvoboda.org/amp/news-ataka-rf-enerhoinfrastruktura-kyyiv-dtek/33756727.html,https://gdb.rferl.org/200970fb-2439-4a78-b8fe-08de3c914337_w1200_h630.jpg
"""Ukraine"" ""energy infrastructure""",20260514T110000Z,Наслідки атаки РФ : У Києві пошкоджено енергоінфраструктуру | Новини України,biz.liga.net,Ukrainian,Ukraine,https://biz.liga.net/ua/energy/news/dtek-unaslidok-masovanoi-ataky-rf-u-kyievi-poshkodzheno-enerhetychnu-infrastrukturu,https://biz.liga.net/ua/amp/energy/news/dtek-unaslidok-masovanoi-ataky-rf-u-kyievi-poshkodzheno-enerhetychnu-infrastrukturu,https://storage.liga.net/images/general/social/social-4621609-ua.png?v=1778742757
"""Ukraine"" ""energy infrastructure""",20260514T091500Z,Масована атака РФ по енергетиці : які наслідки чекають на Україну,finance.bigmir.net,Ukrainian,United States,https://finance.bigmir.net/ua/news/10352791-masovana-ataka-rf-po-energetitsi-yaki-naslidki-chekayut-na-ukrayinu,https://finance.bigmir.net/ua/amp-page/news/10352791-masovana-ataka-rf-po-energetitsi-yaki-naslidki-chekayut-na-ukrayinu,https://finance.bigmir.net/i/10/35/27/91/10352791/image_main/4e4b8a6d1b1b36770ee9b5d1dc6a0286-resize_crop_1Xquality_100Xallow_enlarge_0Xw_1200Xh_630.jpg
"""Ukraine"" ""energy infrastructure""",20260514T083000Z,На фоне обстрелов энергетической инфраструктуры часть страны осталась без света,gazeta.ua,Russian,Ukraine,https://gazeta.ua/ru/articles/np/_na-fone-obstrelov-energeticheskoj-infrastruktury-chast-strany-ostalas-bez-sveta/1250434,,https://static.gazeta.ua/img2/cache/preview/1250/1250434_w_450.jpg?v=0
"""Ukraine"" ""Shahed""",20260513T140000Z,"Russia launches mass attack against Ukraine with hundreds of drones , Kyiv says",euronews.com,English,United States,https://www.euronews.com/my-europe/2026/05/13/russia-launches-mass-attack-against-ukraine-with-hundreds-of-drones-kyiv-says,,https://images.euronews.com/articles/stories/09/75/70/35/1200x675_cmsv2_6c26ad11-4155-5511-9a54-ea114edf5289-9757035.jpg
"""Ukraine"" ""Shahed""",20260513T133000Z,Boris Pistorius visited a  small  air defense position to observe Ukraine counter - Shahed system in action,globalsecurity.org,English,Syria,https://www.globalsecurity.org/wmd/library/news/ukraine/2026/05/ukraine-260512-ukraine-mod01.htm,,
"""Ukraine"" ""Shahed""",20260512T210000Z,New Report Claims Ukraine And U . S . Near  Landmark  Drone Defense Deal,ibtimes.com,English,United States,https://www.ibtimes.com/new-report-claims-ukraine-us-near-landmark-drone-defense-deal-3802719,,https://d.ibtimes.com/en/full/4578169/samantha-power-head-us-agency-international-development-usaid-under-former-president-joe.jpg
Ukrzaliznytsia,20260512T150000Z,Украина предложила ЕС создать  железнодорожный Рамштайн  для инфраструктуры | MigNews - Новости Израиля и Мира на русском языке,mignews.com,Russian,,https://mignews.com/news/politic/ukraina-predlozhila-es-sozdat-zheleznodorozhnyj-ramshtajn-dlya-infrastruktury.html,,https://mignews.com/media/cache/f5/bb/f5bb8cd36db778a5c9eaa830c308c788.jpg
Ukrzaliznytsia,20260512T123000Z,Росія атакувала залізницю в Дніпропетровській області . Що відомо ? ,ain.ua,Ukrainian,Ukraine,https://ain.ua:443/2026/05/12/rosiiani-atakuvali-zaliznicnu-infrastrukturu-na-dnipropetrovshhini/,,https://cdn.ain.ua/ua/articles/2026-05-12/aGVaINt7K8kcsR14XbsokKWguNSsVDxb2dlGHokU.webp
Ukrzaliznytsia,20260508T160000Z,Поджег на Укрзалізниці : агент РФ получил 15 лет тюрьмы,korrespondent.net,Russian,Ukraine,https://korrespondent.net/ukraine/4877178-podzheh-na-ukrzaliznytsi-ahent-rf-poluchyl-15-let-tuirmy,https://korrespondent.net/amp/4877178-podzheh-na-ukrzaliznytsi-ahent-rf-poluchyl-15-let-tuirmy,https://kor.ill.in.ua/m/1260x900/4426744.jpg
"""Ukraine"" ""energy infrastructure""",20260508T143000Z, « Укренерго » попереджає про обмеження світла на Одещині . ДТЕК каже про аварійну ситуацію,radiosvoboda.org,Ukrainian,Ukraine,https://www.radiosvoboda.org/a/news-svitlo-dtek-odeshchyna-obmezhennya/33752606.html,https://www.radiosvoboda.org/amp/news-svitlo-dtek-odeshchyna-obmezhennya/33752606.html,https://gdb.rferl.org/96B557E4-3A6E-4309-A7FA-8664B20AD232_w1200_h630.jpg
"""Ukraine"" ""energy infrastructure""",20260507T204500Z,"Удары по Харьковской области , Днепропетровску и энергетике Украины усиливают давление на инфраструктуру",pronedra.ru,Russian,Russia,https://pronedra.ru/strana-kamikadze-udary-po-harkovskoj-oblasti-dnepropetrovsku-i-energetike-ukrainy-usilivayut-davlenie-na-infrastrukturu-817283.html,,https://pronedra.ru/wp-content/uploads/2026/02/udary-po-energetike-ukrainy-2-870x460.jpg
"""Ukraine"" ""energy infrastructure""",20260507T093000Z, « Укренерго » фіксує зростання енергоспоживання через теплу погоду,radiosvoboda.org,Ukrainian,Ukraine,https://www.radiosvoboda.org/a/news-ukrenerho-zrostannia-enerhospozhyvannia-tepla-pohoda/33751800.html,https://www.radiosvoboda.org/amp/news-ukrenerho-zrostannia-enerhospozhyvannia-tepla-pohoda/33751800.html,https://gdb.rferl.org/C0954357-82EF-4F01-9520-6A5131E03FBF_cx0_cy8_cw0_w1200_h630.jpg
Ukrzaliznytsia,20260506T194500Z,ArcelorMittal Kryvyi Rih suspends its mining and steelmaking capacities due to disruptions in provision of logistics services by Ukrzaliznytsia,en.interfax.com.ua,English,Ukraine,https://en.interfax.com.ua/news/economic/1165462.html,https://en.interfax.com.ua/news/economic/1165462-amp.html,https://media.interfax.com.ua/media/social_img/1165462_161942_0605.jpg
"""Ukraine"" ""energy infrastructure""",20260506T180000Z,"TİKAdan , Ukraynada Kalp Cerrahisi Merkezine kesintisiz enerji altyapısı",haberler.com,Turkish,Turkey,https://www.haberler.com/guncel/tika-ukrayna-daki-kalp-cerrahisi-merkezine-enerji-altyapisi-destegi-sagladi-19823225-haberi/,https://www.haberler.com/amp/tika-ukrayna-daki-kalp-cerrahisi-merkezine-enerji-altyapisi-destegi-sagladi-19823225-haberi/,
Ukrzaliznytsia,20260506T144500Z,Поезд Сакура - какие на самом деле приходят вагоны и сколько стоят билеты,obozrevatel.com,Russian,Ukraine,https://www.obozrevatel.com/ekonomika-glavnaya/economy/novyij-poezd-ukrzaliznyitsi-popal-v-skandal-passazhiryi-razocharovanyi-tem-kakie-vagonyi-prihodyat.htm,https://www.obozrevatel.com/ekonomika-glavnaya/economy/novyij-poezd-ukrzaliznyitsi-popal-v-skandal-passazhiryi-razocharovanyi-tem-kakie-vagonyi-prihodyat/amp.htm,
Ukrzaliznytsia,20260506T130000Z,Отсутствие решения по пассажирским убыткам  Укрзалізниці  может привести к дефолту – медиа,obozrevatel.com,Russian,Ukraine,https://www.obozrevatel.com/ekonomika-glavnaya/otsutstvie-resheniya-po-passazhirskim-ubyitkam-ukrzaliznitsi-mozhet-privesti-k-defoltu-media.htm,https://www.obozrevatel.com/ekonomika-glavnaya/otsutstvie-resheniya-po-passazhirskim-ubyitkam-ukrzaliznitsi-mozhet-privesti-k-defoltu-media/amp.htm,
"""Ukraine"" ""Shahed""",20260506T071500Z,Russia attacks Ukraine with ballistics and drones : 89 of 108 UAVs shot down – Air Force,en.interfax.com.ua,English,Ukraine,https://en.interfax.com.ua/news/general/1165258.html,https://en.interfax.com.ua/news/general/1165258-amp.html,https://media.interfax.com.ua/media/thumbs/images/2025/09/vksqb/33igZdBZOEnf.jpg
"""Ukraine"" ""energy infrastructure""",20260505T144500Z,Слични теми,time.mk,Macedonian,Macedonia,https://time.mk/sc/0e3bc5d542/mk/,,
"""Ukraine"" ""energy infrastructure""",20260505T130000Z,At least five killed and dozens injured in Ukraine in  vile  Russian strike amid ceasefire talk,washingtonexaminer.com,English,United States,https://www.washingtonexaminer.com/news/4554800/five-killed-in-ukraine-in-russian-strikes/,,https://www.washingtonexaminer.com/wp-content/uploads/2026/05/Screenshot-2026-05-05-at-4.57.15-AM.png
"""Ukraine"" ""energy infrastructure""",20260505T111500Z,Zelenskyy on overnight Russian strikes : Absolute cynicism to ask for silence and strike with missiles,en.interfax.com.ua,English,Ukraine,https://en.interfax.com.ua/news/general/1164921.html,https://en.interfax.com.ua/news/general/1164921-amp.html,https://media.interfax.com.ua/media/thumbs/images/2025/11/abexc/ASntt-AYU-2n.jpg
"""Ukraine"" ""energy infrastructure""",20260505T110000Z,Сибиха : На предлог Украјине о прекиду ватре Русија одговорила масовним нападом,politika.rs,Serbian,Serbia,https://www.politika.rs/scc/clanak/752637/sibiha-na-predlog-ukrajine-o-prekidu-vatre-rusija-odgovorila-masovnim-napadom,https://www.politika.rs/sr/articles/amp/752637,https://www.politika.rs/thumbs/upload/Article/Image/2026_05/757z468_yyy.jpg
Ukrzaliznytsia,20260505T101500Z,Удар РФ по Украине – в Укрзалізниці показали последствия вражеской атаки,focus.ua,Russian,Ukraine,https://focus.ua/voennye-novosti/753004-udar-rf-po-ukraine-v-ukrzaliznici-pokazali-posledstviya-vrazheskoy-ataki,https://focus.ua/amp/voennye-novosti/753004-udar-rf-po-ukraine-v-ukrzaliznici-pokazali-posledstviya-vrazheskoy-ataki,https://focus.ua/static/storage/thumbs/1200x630/c/9a/3eme3p-b36fe582d6e4e5ced747213eba9a49ac.png?v=2896_1
"""Ukraine"" ""energy infrastructure""",20260505T101500Z,Зеленський заявив про абсолютний цинізм Росії,news.bigmir.net,Ukrainian,United States,https://news.bigmir.net/ua/ukraine/10346878-zelenskij-zayaviv-pro-absolyutnij-tsinizm-rosiyi,https://news.bigmir.net/ua/amp-page/ukraine/10346878-zelenskij-zayaviv-pro-absolyutnij-tsinizm-rosiyi,https://news.bigmir.net/i/10/34/68/78/10346878/70df44a7a96e67a374f84f2ae9830cc3-resize_crop_1Xquality_100Xallow_enlarge_0Xw_1200Xh_630.jpg
"""Ukraine"" ""energy infrastructure""",20260505T094500Z,Ζελένσκι για Ρωσία : Απόλυτος κυνισμός να ζητά εκεχειρία και ταυτόχρονα να επιτίθεται στην Ουκρανία,onalert.gr,Greek,Greece,https://www.onalert.gr/kosmos/zelenski-gia-rosia-apolytos-kynismos-na-zita-ekecheiria-kai-taytochrona-na-epitithetai-stin-oykrania/672362/,https://www.onalert.gr/kosmos/zelenski-gia-rosia-apolytos-kynismos-na-zita-ekecheiria-kai-taytochrona-na-epitithetai-stin-oykrania/672362/amp/,https://www.onalert.gr/wp-content/uploads/2026/05/ukraine-poltava.jpeg
"""Ukraine"" ""energy infrastructure""",20260505T091500Z,Зеленський - про російські обстріли : Україна діятиме дзеркально,kp.ua,Ukrainian,Ukraine,https://kp.ua/ua/politics/a729455-zelenskij-pro-rosijski-obstrili-ukrajina-dijatime-dzerkalno,https://kp.ua/ua/amp/a729455-zelenskij-pro-rosijski-obstrili-ukrajina-dijatime-dzerkalno,
"""Ukraine"" ""energy infrastructure""",20260505T091500Z,Зеленський заявив про абсолютний цинізм Росії,ua.korrespondent.net,Ukrainian,Ukraine,https://ua.korrespondent.net/ukraine/4876211-zelenskyi-zaiavyv-pro-absoluitnyi-tsynizm-rosii,https://ua.korrespondent.net/amp/4876211-zelenskyi-zaiavyv-pro-absoluitnyi-tsynizm-rosii,https://kor.ill.in.ua/m/1260x900/4423566.jpg
"""Ukraine"" ""energy infrastructure""",20260505T084500Z,Зеленский заявил об абсолютном цинизме России,korrespondent.net,Russian,Ukraine,https://korrespondent.net/ukraine/4876211-zelenskyi-zaiavyl-ob-absoluitnom-tsynyzme-rossyy,https://korrespondent.net/amp/4876211-zelenskyi-zaiavyl-ob-absoluitnom-tsynyzme-rossyy,https://kor.ill.in.ua/m/1260x900/4423566.jpg
Ukrzaliznytsia,20260505T081500Z,"Удар по вагону в Харьковской области 5 мая 2026 год - что известно , есть ли пострадавшие",24tv.ua,Russian,Ukraine,https://24tv.ua/ru/udar-po-vagonu-harkovskoj-oblasti-5-maja-2026-god-chto-izvestno_n3061749,https://24tv.ua/ru/udar-po-vagonu-harkovskoj-oblasti-5-maja-2026-god-chto-izvestno_n3061749/amp,https://24tv.ua/resources/photos/news/202605/3061749.jpg?v=1777960335000
"""Ukraine"" ""energy infrastructure""",20260505T081500Z,"Ukrayna Devlet Başkanı Zelenskiy , Rusyanın ülkesine saldırılarında 5 kişinin öldüğünü belirtti",haberler.com,Turkish,Turkey,https://www.haberler.com/guncel/ukrayna-devlet-baskani-zelenskiy-rusya-nin-19803263-haberi/,https://www.haberler.com/amp/ukrayna-devlet-baskani-zelenskiy-rusya-nin-19803263-haberi/,
"""Ukraine"" ""energy infrastructure""",20260505T080000Z,Зеленський про нічні удари РФ : Абсолютний цинізм – просити про тишу й бити ракетами,interfax.com.ua,Ukrainian,Ukraine,https://interfax.com.ua/news/general/1164908.html,https://interfax.com.ua/news/general/1164908-amp.html,https://media.interfax.com.ua/media/thumbs/images/2025/11/abexc/ASntt-AYU-2n.jpg
"""Ukraine"" ""energy infrastructure""",20260505T074500Z,В нескольких областях Украины частично пропал свет,ria.ru,Russian,Russia,https://ria.ru/20260505/ukraina-2090573114.html,,https://cdnn21.img.ria.ru/images/sharing/article/2090573114.jpg
Ukrzaliznytsia,20260504T234500Z,Завод поставил Укрзализныце некачественные вагоны на сумму свыше 64 млн,korrespondent.net,Russian,Ukraine,https://korrespondent.net/ukraine/4876148-zavod-postavyl-ukrzalyznytse-nekachestvennye-vahony-na-summu-svyshe-64-mln,https://korrespondent.net/amp/4876148-zavod-postavyl-ukrzalyznytse-nekachestvennye-vahony-na-summu-svyshe-64-mln,https://kor.ill.in.ua/m/1260x900/4423271.png
"""Ukraine"" ""energy infrastructure""",20260504T191500Z,Сибіга в Єревані наголосив на важливості вертикального газового коридору для енергетичної безпеки,interfax.com.ua,Ukrainian,Ukraine,https://interfax.com.ua/news/general/1164808.html,https://interfax.com.ua/news/general/1164808-amp.html,https://media.interfax.com.ua/media/thumbs/images/2025/03/zaiag/mIL8zgG94A2K.jpg
"""Ukraine"" ""Shahed""",20260504T190000Z,"AFU Air Force : 70 enemy UAVs neutralized since 08 : 30 , ballistic missile , 14 attack drone hits recorded",en.interfax.com.ua,English,Ukraine,https://en.interfax.com.ua/news/general/1164791.html,https://en.interfax.com.ua/news/general/1164791-amp.html,https://media.interfax.com.ua/media/thumbs/images/2022/05/sZHl-ayHLA_d.jpg
"""Ukraine"" ""Shahed""",20260504T143000Z,What is the Ukrainian anti - drone system Sky Map being used in the Gulf ? ,aljazeera.com,English,United States,https://www.aljazeera.com/news/2026/5/4/what-is-the-ukrainian-anti-drone-system-sky-map-being-used-in-the-gulf,https://www.aljazeera.com/amp/news/2026/5/4/what-is-the-ukrainian-anti-drone-system-sky-map-being-used-in-the-gulf,https://www.aljazeera.com/wp-content/uploads/2026/05/INTERACTIVE-anti-drone-poster-image-1777883929.png
Ukrzaliznytsia,20260504T073000Z,Женщин не пустили на нижние полки в поезде Чоп - Киев,24tv.ua,Russian,Ukraine,https://24tv.ua/ru/zhenshhin-ne-pustili-nizhnie-polki-poezde-chop-kiev-detali-incidenta_n3060981,https://24tv.ua/ru/zhenshhin-ne-pustili-nizhnie-polki-poezde-chop-kiev-detali-incidenta_n3060981/amp,https://24tv.ua/resources/photos/news/202605/3060981.jpg?v=1777871936000
"""Ukraine"" ""energy infrastructure""",20260503T113000Z,Russian port hit in wave of Ukrainian drone strikes,canberratimes.com.au,English,Australia,https://www.canberratimes.com.au/story/9237992/russian-port-hit-in-wave-of-ukrainian-drone-strikes/,,https://www.canberratimes.com.au/images/transform/v1/crop/frm/silverstone-feed-data/4e1a66e3-5518-474b-bc7e-4e8bcd1d9f5c.jpg/r0_90_800_510_w1200_h630_fmax.jpg
Ukrzaliznytsia,20260503T104500Z,Поезда на Харьковщине опаздывают на 30 минут,objectiv.tv,Russian,Ukraine,https://www.objectiv.tv/objectively/2026/05/03/poezda-na-harkovshhine-opazdyvayut-na-30-minut/,,https://www.objectiv.tv/wp-content/uploads/2025/05/poezd.jpg
"""Ukraine"" ""Shahed""",20260502T104500Z,"Air defense neutralizes 142 of 163 drones overnight , hits recorded at 12 locations",en.interfax.com.ua,English,Ukraine,https://en.interfax.com.ua/news/general/1164282.html,https://en.interfax.com.ua/news/general/1164282-amp.html,https://media.interfax.com.ua/media/thumbs/images/2025/10/cexew/kIjqQp24ISn1.jpg
"""Ukraine"" ""Shahed""",20260501T221500Z,USAF Tests Interceptor Drone To Hunt Iranian Shahed - Style Threat,zerohedge.com,English,United States,https://www.zerohedge.com/military/usaf-tests-interceptor-drone-hunt-iranian-shahed-style-threat,,https://assets.zerohedge.com/s3fs-public/styles/16_9_max_700/public/2026-04/2026-04-30_15-22-16.png?itok=yXXrKoma
"""Ukraine"" ""energy infrastructure""",20260501T194500Z,Корецький : з початку року Росія 96 разів атакувала обʼєкти « Нафтогазу » ,radiosvoboda.org,Ukrainian,Ukraine,https://www.radiosvoboda.org/a/news-naftohaz-ataky-rf-viyna/33747182.html,https://www.radiosvoboda.org/amp/news-naftohaz-ataky-rf-viyna/33747182.html,https://gdb.rferl.org/e5f4d6fe-5525-43dd-cf74-08de31c8eae4_w1200_h630.jpg
Ukrzaliznytsia,20260501T193000Z,Возврат билетов Укрзалізниці – полная стоимость за 15 - 20 суток | Новости Украины,news.liga.net,Russian,Ukraine,https://news.liga.net/society/news/ukrzaliznitsya,https://news.liga.net/amp/society/news/ukrzaliznitsya,https://storage.liga.net/images/general/social/social-4620025-ru.png?v=1777650937
Ukrzaliznytsia,20260501T193000Z,Как вернуть билет на поезд - новые правила Укрзализныци от 2 мая 2026 года,24tv.ua,Russian,Ukraine,https://24tv.ua/economy/ru/kak-vernut-bilet-na-poezd-novye-pravila-ukrzaliznyci-ot-2-maja-2026-goda_n3060185,https://24tv.ua/economy/ru/kak-vernut-bilet-na-poezd-novye-pravila-ukrzaliznyci-ot-2-maja-2026-goda_n3060185/amp,https://24tv.ua/resources/photos/news/202605/3060185.jpg?v=1777659116000
Ukrzaliznytsia,20260501T084500Z,Во Львовской области автокран выехал на железнодорожные пути и столкнулся с пассажирским поездом  Киев - Ужгород  ,vesti-ua.net,Russian,Ukraine,https://vesti-ua.net/novosti/proisshestviya/283054-vo-lvovskoy-oblasti-avtokran-vyehal-na-zheleznodorozhnye-puti-i-stolknulsya-s-passazhirskim-poezdom-kiev-uzhgorod.html,,https://vesti-ua.net/uploads/posts/2026-05/1777614775_snimok-ekrana-2026-05-01-084907.webp
Ukrzaliznytsia,20260501T083000Z,"Train collides with truck crane at level crossing in Lviv region : driver killed , 2 injured",en.interfax.com.ua,English,Ukraine,https://en.interfax.com.ua/news/general/1163917.html,https://en.interfax.com.ua/news/general/1163917-amp.html,https://media.interfax.com.ua/media/social_img/1163917_063628_0105.jpg
"""Ukraine"" ""Shahed""",20260501T083000Z,"Air defence eliminates 190 of 210 enemy drones , hits by 20 drones recorded at 14 locations – Air Force",en.interfax.com.ua,English,Ukraine,https://en.interfax.com.ua/news/general/1163916.html,https://en.interfax.com.ua/news/general/1163916-amp.html,https://media.interfax.com.ua/media/thumbs/images/2024/12/blxtk/2YY1PfUwulfB.jpg
"""Ukraine"" ""Shahed""",20260501T000000Z,Israel rushes  Iron Beam  laser defense system to UAE to counter Iranian drone threat,ynetnews.com,English,Israel,https://www.ynetnews.com/article/skpgxlzrze,,https://ynet-pic1.yit.co.il/picserver6/crop_images/2025/05/14/rk11M28VfWel/rk11M28VfWel_14_0_1271_715_0_large.jpg
"""Ukraine"" ""energy infrastructure""",20260430T180000Z,"  Pilnīgi viss ir aizgājis pa gaisu … Slaidiņš atklāj , ka ukraiņi veikuši fantastisku triecienu dziļi Krievijas teritorijā",la.lv,Latvian,Latvia,https://www.la.lv/pilnigi-viss-ir-aizgajis-pa-gaisu-slaidins-atklaj-ka-ukraini-veikusi-fantastisku-triecienu-dzili-krievijas-teritorija,,https://pic.la.lv/2026/04/imago_st_0421_0854326876-scaled-forsharing.png
"""Ukraine"" ""Shahed""",20260430T073000Z,"Air defense eliminates 172 of 206 enemy drones , but ballistic missile hit recorded",en.interfax.com.ua,English,Ukraine,https://en.interfax.com.ua/news/general/1163619.html,https://en.interfax.com.ua/news/general/1163619-amp.html,https://media.interfax.com.ua/media/thumbs/images/2025/11/ojyob/s-cMmvTcDNBG.jpg
"""Ukraine"" ""energy infrastructure""",20260429T223000Z,Зеленський відповів партнерам на заклики припинити атаки на російські НПЗ,zn.ua,Ukrainian,Ukraine,https://zn.ua/ukr/UKRAINE/zelenskij-partneri-prosili-ne-biti-po-rosijskikh-npz-cherez-situatsiju-na-blizkomu-skhodi.html,https://zn.ua/ukr/amp/UKRAINE/zelenskij-partneri-prosili-ne-biti-po-rosijskikh-npz-cherez-situatsiju-na-blizkomu-skhodi.html,
Ukrzaliznytsia,20260429T151500Z,Court sentences 3 men to 15 years in prison for arson of railway infrastructure facilities and military vehicle,en.interfax.com.ua,English,Ukraine,https://en.interfax.com.ua/news/general/1163471.html,https://en.interfax.com.ua/news/general/1163471-amp.html,https://media.interfax.com.ua/media/thumbs/images/2020/11/NTD8ZdCq5Td2.jpg
"""Ukraine"" ""Shahed""",20260429T121500Z,Inside Ukraine battle to defeat the dreaded Shahed – Russia most feared weapon,independent.co.uk,English,United Kingdom,https://www.independent.co.uk/news/world/europe/shahed-drone-russia-putin-ukraine-b2967041.html,,https://static.independent.co.uk/2026/03/27/18/Ukraine_for_Russia-Iran-Drones_57975.jpg?&crop=1200:800
"""Ukraine"" ""Shahed""",20260429T091500Z,"Ukraine eliminates 154 of 171 enemy drones , hits by 12 drones recorded at 10 locations – Air Force",en.interfax.com.ua,English,Ukraine,https://en.interfax.com.ua/news/general/1163258.html,https://en.interfax.com.ua/news/general/1163258-amp.html,https://media.interfax.com.ua/media/thumbs/images/2025/10/cexew/kIjqQp24ISn1.jpg
"""Ukraine"" ""Shahed""",20260429T060000Z,Inside Ukraine drive to defeat the dreaded Shahed drone,yahoo.com,English,United States,https://www.yahoo.com/news/articles/inside-ukraines-drive-defeat-dreaded-050628713.html,,https://s.yimg.com/os/en/reuters.com/30979d1ac954e06b862be3f952b65df1
Ukrzaliznytsia,20260427T140000Z,Ukrzaliznytsia receives first 6 passenger carriages ordered in 2025,en.interfax.com.ua,English,Ukraine,https://en.interfax.com.ua/news/economic/1162639.html,https://en.interfax.com.ua/news/economic/1162639-amp.html,https://media.interfax.com.ua/media/thumbs/images/2021/06/YUMX2WjcN5u_.jpg
Ukrzaliznytsia,20260427T000000Z,В Украине запустили обновленные поезда - Укрзалізниця построит евроколею во Львов,obozrevatel.com,Russian,Ukraine,https://www.obozrevatel.com/ekonomika-glavnaya/economy/v-ukraine-nachali-kursirovat-obnovlennyie-poezda-na-vazhnyih-marshrutah-skolko-stoyat-biletyi.htm,https://www.obozrevatel.com/ekonomika-glavnaya/economy/v-ukraine-nachali-kursirovat-obnovlennyie-poezda-na-vazhnyih-marshrutah-skolko-stoyat-biletyi/amp.htm,
"""Ukraine"" ""energy infrastructure""",20260426T221500Z,Підготовка до зими : Шмигаль озвучив необхідну суму,ua.korrespondent.net,Ukrainian,Ukraine,https://ua.korrespondent.net/ukraine/4874071-pidhotovka-do-zymy-shmyhal-ozvuchyv-neobkhidnu-sumu,https://ua.korrespondent.net/amp/4874071-pidhotovka-do-zymy-shmyhal-ozvuchyv-neobkhidnu-sumu,https://kor.ill.in.ua/m/1260x900/4415663.jpg
"""Ukraine"" ""energy infrastructure""",20260426T200000Z,Підготовка до зими : Шмигаь озвучив необхідну суму,ua.korrespondent.net,Ukrainian,Ukraine,https://ua.korrespondent.net/ukraine/4874071-pidhotovka-do-zymy-shmyha-ozvuchyv-neobkhidnu-sumu,https://ua.korrespondent.net/amp/4874071-pidhotovka-do-zymy-shmyha-ozvuchyv-neobkhidnu-sumu,https://kor.ill.in.ua/m/1260x900/4415663.jpg
"""Ukraine"" ""energy infrastructure""",20260426T124500Z,Домбровскіс про кредит для України : Наша мета - здійснити перший транш якомога швидше,ukrinform.ua,Ukrainian,Ukraine,https://www.ukrinform.ua/rubric-economy/4116773-dombrovskis-pro-kredit-dla-ukraini-nasa-meta-zdijsniti-persij-trans-akomoga-svidse.html,https://www.ukrinform.ua/amp/rubric-economy/4116773-dombrovskis-pro-kredit-dla-ukraini-nasa-meta-zdijsniti-persij-trans-akomoga-svidse.html,https://static.ukrinform.com/photos/2026_02/thumb_files/630_360_1771859625-147.png
Ukrzaliznytsia,20260425T001500Z,Укрзализныця увеличивает количество женских вагонов в поездах с 1 мая,24tv.ua,Russian,Ukraine,https://24tv.ua/ru/ukrzaliznycja-uvelichivaet-kolichestvo-zhenskih-vagonov-poezdah_n3055713,https://24tv.ua/ru/ukrzaliznycja-uvelichivaet-kolichestvo-zhenskih-vagonov-poezdah_n3055713/amp,https://24tv.ua/resources/photos/news/202604/3055713.jpg?v=1777042970000
"""Ukraine"" ""energy infrastructure""",20260424T131500Z,Міненерго заявляє про нові знеструмлення через удари РФ у 5 областях,radiosvoboda.org,Ukrainian,Ukraine,https://www.radiosvoboda.org/a/news-minenerho-znestrumlennia/33741519.html,https://www.radiosvoboda.org/amp/news-minenerho-znestrumlennia/33741519.html,https://gdb.rferl.org/9316daca-0804-4cbb-27e2-08de3be37656_w1200_h630.jpg
"""Ukraine"" ""energy infrastructure""",20260424T090000Z,Супутникове фото нафтоперекачувальної станції Горький після атаки українських БПЛА – наслідки,war.obozrevatel.com,Ukrainian,Ukraine,https://war.obozrevatel.com/ukr/spalahnula-pozhezha-zyavilos-suputnikove-foto-naftoperekachuvalnoi-stantsii-gorkij-pislya-ataki-ukrainskih-bpla.htm,https://war.obozrevatel.com/ukr/spalahnula-pozhezha-zyavilos-suputnikove-foto-naftoperekachuvalnoi-stantsii-gorkij-pislya-ataki-ukrainskih-bpla/amp.htm,
"""Ukraine"" ""Shahed""",20260424T081500Z,Ukraine Soviet - Era  Shahed Hunter  Plane Launches Interceptor Drones,businessinsider.com,English,United States,https://www.businessinsider.com/ukraines-soviet-era-shahed-hunter-plane-launches-interceptor-drones-2026-4,,https://i.insider.com/69eafad73fecbb42897a385d?&format=jpeg
"""Ukraine"" ""energy infrastructure""",20260424T080000Z,Спутниковое фото нефтеперекачивающей станции Горький после атаки украинских БПЛА – последствия,war.obozrevatel.com,Russian,Ukraine,https://war.obozrevatel.com/vspyihnul-pozhar-poyavilos-sputnikovoe-foto-nefteperekachivayuschej-stantsii-gorkij-posle-ataki-ukrainskih-bpla.htm,https://war.obozrevatel.com/vspyihnul-pozhar-poyavilos-sputnikovoe-foto-nefteperekachivayuschej-stantsii-gorkij-posle-ataki-ukrainskih-bpla/amp.htm,
"""Ukraine"" ""energy infrastructure""",20260424T070000Z,"Karas Ukrainoje . Rusijos dronai smogė Odesai – du žmonės žuvo , apgadinti pastatai",lrt.lt,Lithuanian,Lithuania,https://www.lrt.lt/naujienos/pasaulyje/6/2908004/karas-ukrainoje-rusijos-dronai-smoge-odesai-du-zmones-zuvo-apgadinti-pastatai,,https://www.lrt.lt/img/2026/04/24/2374967-731604-1287x836.jpg
"""Ukraine"" ""Shahed""",20260424T063000Z,সৌদি আরবসহ তিন দেশের সঙ্গে নিরাপত্তা চুক্তি ইউক্রেনের,jugantor.com,Bengali,Bangladesh,https://www.jugantor.com/international/1093183,,https://cdn.jugantor.com/assets/news_photos/2026/04/24/social-thumbnail/zeelenesky-69eb05eaa3ae4.jpg
"""Ukraine"" ""Shahed""",20260423T221500Z,"In first , Ukrainian unmanned vessel launches interceptor to knock out Shahed drone",militarytimes.com,English,United States,https://www.militarytimes.com/industry/techwatch/2026/04/23/in-first-ukrainian-unmanned-vessel-launches-interceptor-to-knock-out-shahed-drone/,,https://www.armytimes.com/resizer/v2/SC3EOSX7HRAAPANQMTEVIRGSBE.JPG?&auth=d83d93b5cc38655ebd862d7cf4a2933680b54944d367c40dc98ba9bc28ccdc16
"""Ukraine"" ""Shahed""",20260423T211500Z,"In first , Ukrainian unmanned vessel launches interceptor to knock out Shahed drone",defensenews.com,English,United States,https://www.defensenews.com/industry/techwatch/2026/04/23/in-first-ukrainian-unmanned-vessel-launches-interceptor-to-knock-out-shahed-drone/,,https://www.armytimes.com/resizer/v2/SC3EOSX7HRAAPANQMTEVIRGSBE.JPG?&auth=d83d93b5cc38655ebd862d7cf4a2933680b54944d367c40dc98ba9bc28ccdc16
"""Ukraine"" ""energy infrastructure""",20260423T171500Z,На севере Украины из - за аварии свет пропал у 152 тысяч абонентов,ria.ru,Russian,Russia,https://ria.ru/20260423/ukraina-2088625576.html,,https://cdnn21.img.ria.ru/images/sharing/article/2088625576.jpg
Ukrzaliznytsia,20260423T154500Z,Дешевые билеты на Укрзалізницю - что такое госзаказ и как он действует в Украине,obozrevatel.com,Russian,Ukraine,https://www.obozrevatel.com/ekonomika-glavnaya/economy/bolee-5-millionov-deshevyih-poezdok-ukrzaliznitsej-za-3-mesyatsa-kak-dejstvuet-goszakaz-v-poezdah.htm,https://www.obozrevatel.com/ekonomika-glavnaya/economy/bolee-5-millionov-deshevyih-poezdok-ukrzaliznitsej-za-3-mesyatsa-kak-dejstvuet-goszakaz-v-poezdah/amp.htm,
Ukrzaliznytsia,20260423T150000Z,РФ ударила по Кривому Рогу 23 апреля - поврежден вокзал - что известно,war.obozrevatel.com,Russian,Ukraine,https://war.obozrevatel.com/vrag-udaril-po-udaril-po-zheleznodorozhnoj-infrastrukture-krivogo-roga-povrezhden-vokzal.htm,https://war.obozrevatel.com/vrag-udaril-po-udaril-po-zheleznodorozhnoj-infrastrukture-krivogo-roga-povrezhden-vokzal/amp.htm,
"""Ukraine"" ""energy infrastructure""",20260423T120000Z,Russia losses from Ukrainian energy strikes already in tens of billions of dollars – Zelenskyy,en.interfax.com.ua,English,Ukraine,https://en.interfax.com.ua/news/economic/1161693.html,https://en.interfax.com.ua/news/economic/1161693-amp.html,https://media.interfax.com.ua/media/thumbs/images/2023/01/AxrRx1mhdfq8.jpg
"""Ukraine"" ""energy infrastructure""",20260423T094500Z,EU close to approving €90 billion loan for Ukraine,gazetaexpress.com,English,Kosovo,https://www.gazetaexpress.com/en/EU-moves-towards-approval-of-90-billion-loan-for-Ukraine/,,https://www.gazetaexpress.com/wp-content/uploads/2026/04/p063189-275442-scaled-e1770191811443-d33bbd1b.jpeg
Ukrzaliznytsia,20260423T090000Z,Атака Шахедов РФ : под Житомиром погибла женщина на железной дороге детали,focus.ua,Russian,Ukraine,https://focus.ua/voennye-novosti/751700-ataka-shahedov-rf-pod-zhitomirom-pogibla-zhenshchina-na-zheleznoy-doroge-detali,https://focus.ua/amp/voennye-novosti/751700-ataka-shahedov-rf-pod-zhitomirom-pogibla-zhenshchina-na-zheleznoy-doroge-detali,
"""Ukraine"" ""energy infrastructure""",20260423T074500Z,В некоторых украинских областях частично пропал свет,ria.ru,Russian,Russia,https://ria.ru/20260423/ukraina-2088492988.html,,https://cdnn21.img.ria.ru/images/sharing/article/2088492988.jpg
"""Ukraine"" ""Shahed""",20260423T074500Z,"The future of air power is autonomous , and the U . S . is not in the lead : aircraft developer Merlin Labs",cnbc.com,English,United States,https://www.cnbc.com/2026/04/23/the-future-of-air-power-is-autonomous-and-the-us-is-not-in-the-lead-aircraft-developer-merlin-labs.html,https://www.cnbc.com/amp/2026/04/23/the-future-of-air-power-is-autonomous-and-the-us-is-not-in-the-lead-aircraft-developer-merlin-labs.html,https://image.cnbcfm.com/api/v1/image/108281817-1774294512109-US_LUCAS_drone_251123-D-D0477-1031.jpg?v=1774294643
"""Ukraine"" ""energy infrastructure""",20260422T143000Z,Ukraine is countering the impact of the war in Iran by attacking Russian energy facilities,theconversation.com,English,Australia,https://theconversation.com/ukraine-is-countering-the-impact-of-the-war-in-iran-by-attacking-russian-energy-facilities-280204,,https://images.theconversation.com/files/731448/original/file-20260421-57-c0qf14.jpg?ixlib=rb-4.1.0&rect=0%2C1408%2C8432%2C4216&q=45&auto=format&fit=crop
Ukrzaliznytsia,20260422T120000Z,Укрзализныця показала фото новых детских вагонов,gazeta.ua,Russian,Ukraine,https://gazeta.ua/ru/articles/economics/_ukrzaliznycya-pokazala-foto-novyh-detskih-vagonov/1248803,,https://static.gazeta.ua/img2/cache/preview/1248/1248803_w_450.jpg?v=0
"""Ukraine"" ""energy infrastructure""",20260421T193000Z,Україна завершила ремонт пошкодженої рашистами ділянки нафтопроводу  Дружба  ,bagnet.org,Ukrainian,Ukraine,https://www.bagnet.org/news/politics/1397456/ukrayina-zavershila-remont-poshkodzhenoyi-rashistami-dilyanki-naftoprovodu-druzhba,,https://www.bagnet.org/storage/17/14/08/23/729_486_69e7b2f07d0d6.jpg
Ukrzaliznytsia,20260421T184500Z,ДТП поезд Перемышль - Киев - какие последствия аварии - ДТП поезд Перемышль,24tv.ua,Russian,Ukraine,https://24tv.ua/lviv/ru/dtp-poezd-peremyshl-kiev-kakie-posledstvija-avarii-dtp-poezd-peremyshl-kiev_n3053533,https://24tv.ua/lviv/ru/dtp-poezd-peremyshl-kiev-kakie-posledstvija-avarii-dtp-poezd-peremyshl-kiev_n3053533/amp,https://24tv.ua/resources/photos/news/202604/3053533.jpg?v=1776795515000
"""Ukraine"" ""energy infrastructure""",20260421T063000Z,"Мельник в ООН відкинув звинувачення РФ та заявив про її військові втрати , кризу армії й співучасть з Іраном",interfax.com.ua,Ukrainian,Ukraine,https://interfax.com.ua/news/general/1160878.html,https://interfax.com.ua/news/general/1160878-amp.html,https://media.interfax.com.ua/media/thumbs/images/2021/02/meeoTI6sFS8o.jpg
"""Ukraine"" ""Shahed""",20260420T124500Z,Ukrainian Defense Ministry advisor injured in Russian drone attack,albawaba.com,English,Israel,https://www.albawaba.com/news/ukrainian-defense-ministry-advisor-1625853,,https://www.albawaba.com/sites/default/files/styles/default/public/2026-04/678230562_26438555875786113_6279956817303153993_n_20260420-084600.jpg?itok=IGbYmjhF
"""Ukraine"" ""Shahed""",20260420T071500Z,Russia Targets Ukrainian Cities in Hours - Long Drone Assault Overnight,kyivpost.com,English,Ukraine,https://www.kyivpost.com/post/74284,,https://static.kyivpost.com/storage/2026/04/20/13ac9b678a41edec2bb26627898ef3d1.jpeg?&q=90&f=jpg
"""Ukraine"" ""energy infrastructure""",20260419T163000Z,Відключення електроенергії в Україні : позитивний прогноз від Міненерго,newsoboz.org,Ukrainian,Ukraine,https://newsoboz.org/vidklyuchennya-elektroenergiyi-v-ukrayini-pozytyvnyj-prognoz-vid-minenergo/,https://newsoboz.org/vidklyuchennya-elektroenergiyi-v-ukrayini-pozytyvnyj-prognoz-vid-minenergo/?amp=1,https://newsoboz.org/wp-content/uploads/2024/12/znimok-ekrana-2024-12-05-o-14.00.18.png
"""Ukraine"" ""energy infrastructure""",20260419T101500Z,Новости СВО 19 апреля : удары Российской армии по объектам Украины,iz.ru,Russian,Russia,https://iz.ru/2081704/2026-04-19/armiia-rossii-nanesla-udary-po-ispolzuemym-vsu-obektam-energetiki-ukrainy,https://iz.ru/export/google/amp/2081704,http://cdn.iz.ru/sites/default/files/styles/900x506/public/news-2026-04/RIA_8835670.HR%20%282%29.jpg?itok=5eLwks3V
"""Ukraine"" ""energy infrastructure""",20260419T064500Z,Πόλεμος στην Ουκρανία : 16χρονος νεκρός σε επίθεση στο Τσερνίχιβ,inewsgr.com,Greek,Greece,https://www.inewsgr.com/184/polemos-stin-oukrania-16chronos-nekros-se-epithesi-sto-tsernichiv.htm,https://www.inewsgr.com/184/polemos-stin-oukrania-16chronos-nekros-se-epithesi-sto-tsernichiv.htm.amp,https://images32.inewsgr.com/5915/59155687/1.jpg
Ukrzaliznytsia,20260419T004500Z,Столкновение Интерсити+ и тепловоза в Винницкой области - какая предварительная причина,24tv.ua,Russian,Ukraine,https://24tv.ua/ru/stolknovenie-intersiti-i-teplovoza-v-vinnickoj-oblasti-kakaja-predvaritelnaja-prichina_n3051698,https://24tv.ua/ru/stolknovenie-intersiti-i-teplovoza-v-vinnickoj-oblasti-kakaja-predvaritelnaja-prichina_n3051698/amp,https://24tv.ua/resources/photos/news/202604/3051698.jpg?v=1776543060000
Ukrzaliznytsia,20260418T150000Z,Укрзализныця вводит динамические цены на билеты : что это значит,gazeta.ua,Russian,Ukraine,https://gazeta.ua/ru/articles/economics/_ukrzaliznycya-vvodit-dinamicheskie-ceny-na-bilety-chto-eto-znachit/1248544,,https://static.gazeta.ua/img2/cache/preview/1248/1248544_w_450.jpg?v=0
Ukrzaliznytsia,20260418T144500Z,"Новости Украины в Винницкой области столкнулись два поезда , что известно",glavred.info,Russian,Ukraine,https://glavred.info/ukraine/v-vinnickoy-oblasti-stolknulis-dva-poezda-chto-izvestno-o-sudbe-pochti-600-passazhirov-10757720.html,https://glavred.info/ukraine/amp-v-vinnickoy-oblasti-stolknulis-dva-poezda-chto-izvestno-o-sudbe-pochti-600-passazhirov-10757720.html,https://images.glavred.info/2026_04/thumb_files/600x420/1776517068-9357.jpg
Ukrzaliznytsia,20260418T131500Z,Укрзалізниця анонсировала изменения стоимости билетов в люксовых вагонах,korrespondent.net,Russian,Ukraine,https://korrespondent.net/business/companies/4872034-ukrzaliznytsia-anonsyrovala-yzmenenyia-stoymosty-byletov-v-luiksovykh-vahonakh,https://korrespondent.net/amp/4872034-ukrzaliznytsia-anonsyrovala-yzmenenyia-stoymosty-byletov-v-luiksovykh-vahonakh,https://kor.ill.in.ua/m/1260x900/4408140.jpg
Ukrzaliznytsia,20260418T114500Z,Svyrydenko discusses Ukraine investment  wish list  for priority sectors with IFC in Washington,en.interfax.com.ua,English,Ukraine,https://en.interfax.com.ua/news/general/1160337.html,https://en.interfax.com.ua/news/general/1160337-amp.html,https://media.interfax.com.ua/media/thumbs/images/2026/04/dvjuy/Ny_m6xhBySm9.jpg
Ukrzaliznytsia,20260418T113000Z,Динамическое ценообразование - что изменится в тарифах Укрзализныци с 25 апреля,24tv.ua,Russian,Ukraine,https://24tv.ua/economy/ru/dinamicheskoe-cenoobrazovanie-chto-izmenitsja-v-tarifah-ukrzaliznyci-s-25-aprelja_n3051434,https://24tv.ua/economy/ru/dinamicheskoe-cenoobrazovanie-chto-izmenitsja-v-tarifah-ukrzaliznyci-s-25-aprelja_n3051434/amp,https://24tv.ua/resources/photos/news/202604/3051434.jpg?v=1776504596000
Ukrzaliznytsia,20260418T073000Z,"Атака на Черниговщину 18 апреля - какие последствия , будет ли свет и какая задержка поездов",24tv.ua,Russian,Ukraine,https://24tv.ua/ru/ataka-chernigovshhinu-18-aprelja-kakie-posledstvija-budet-li_n3051312,https://24tv.ua/ru/ataka-chernigovshhinu-18-aprelja-kakie-posledstvija-budet-li_n3051312/amp,https://24tv.ua/resources/photos/news/202604/3051312.jpg?v=1776485177000
"""Ukraine"" ""Shahed""",20260416T211500Z,"Russia is Perfecting This Formidable Drone Rapidly . It Puts the U . S . in Greater Peril in Iran , an Expert Says . ",popularmechanics.com,English,United States,https://www.popularmechanics.com/military/weapons/a71029032/shahed-drone-upgrades-russia/,,"https://hips.hearstapps.com/hmg-prod/images/0ccc8586-ff11-4b27-9ec3-52a3b055444d.jpeg?crop=1xw:0.833302903049xh;center,top"
"""Ukraine"" ""energy infrastructure""",20260416T200000Z,Kritik noktalar hedef alındı ! Rusyadan Ukraynaya yeni saldırı,yeniakit.com.tr,Turkish,Turkey,https://www.yeniakit.com.tr/haber/kritik-noktalar-hedef-alindi-rusyadan-ukraynaya-yeni-saldiri-1996008.html,https://m.yeniakit.com.tr/amp/haber/1996008/kritik-noktalar-hedef-alindi-rusyadan-ukraynaya-yeni-saldiri,"https://cdn.yeniakit.com.tr/cdn-cgi/image/format=webp,quality=85/images/news/425/kritik-noktalar-hedef-alindi-rusyadan-ukraynaya-yeni-saldiri-2h1776366885-7d608d.jpg"
"""Ukraine"" ""energy infrastructure""",20260416T111500Z,Βυθισμένη στο σκοτάδι η νότια Ουκρανία - Ζημιές σε ενεργειακές υποδομές,bankingnews.gr,Greek,Greece,https://www.bankingnews.gr/diethni/articles/868932/vythismeni-sto-skotadi-i-notia-oukrania-zimies-se-energeiakes-ypodomes%20title=,,https://www.bankingnews.gr/media/k2/items/cache/92b5a27d556131741a3a27a2ac2edf7c_XL.jpg?NotFound1015230_868932
"""Ukraine"" ""energy infrastructure""",20260416T103000Z,Απόλυτο « σκοτάδι » στις ουκρανικές βιομηχανίες drones - Μαζικά ρωσικά πλήγματα κατέστρεψαν εντελώς στρατηγικές ενεργειακές υποδομές,bankingnews.gr,Greek,Greece,https://www.bankingnews.gr/diethni/articles/868912/apolyto-skotadi-stis-oukranikes-viomixanies-drones-mazika-rosika-pligmata-katestrepsan-entelos-stratigikes-energeiakes-ypodomes,,https://www.bankingnews.gr/media/k2/items/cache/8f4c10f6384a53d4f0949133db109883_XL.jpg
"""Ukraine"" ""energy infrastructure""",20260416T101500Z,Миколаїв і Херсон повністю знеструмлені,ua.korrespondent.net,Ukrainian,Ukraine,https://ua.korrespondent.net/ukraine/4871402-mykolaiv-i-kherson-povnistui-znestrumleni,https://ua.korrespondent.net/amp/4871402-mykolaiv-i-kherson-povnistui-znestrumleni,https://kor.ill.in.ua/m/1260x900/4404771.jpg
"""Ukraine"" ""energy infrastructure""",20260416T091500Z,Наслідки обстрілу енергетики України 16 квітня - у яких областях зникло світло - новини України,zn.ua,Ukrainian,Ukraine,https://zn.ua/ukr/war/rosijski-vijskovi-bili-po-enerhetitsi-u-devjati-oblastjakh-je-znestrumlennja-.html,https://zn.ua/ukr/amp/war/rosijski-vijskovi-bili-po-enerhetitsi-u-devjati-oblastjakh-je-znestrumlennja-.html,
Ukrzaliznytsia,20260415T210000Z,Удары ВС РФ по железной дороге Украины в каких случаях пассажиров эвакуируют Лещенко,focus.ua,Russian,Ukraine,https://focus.ua/voennye-novosti/750875-udary-vs-rf-po-zheleznoy-doroge-ukrainy-v-kakih-sluchayah-passazhirov-evakuiruyut-leshchenko,https://focus.ua/amp/voennye-novosti/750875-udary-vs-rf-po-zheleznoy-doroge-ukrainy-v-kakih-sluchayah-passazhirov-evakuiruyut-leshchenko,https://focus.ua/static/storage/thumbs/1200x630/7/90/j36h3a-668dab25103ebfa4d825d737fb360907.jpg?v=4517_1
"""Ukraine"" ""energy infrastructure""",20260414T224500Z,Балицкий сообщил об отключении электричества после атаки ВСУ,vm.ru,Russian,Russia,https://vm.ru/news/1318705-balickij-soobshil-ob-otklyuchenii-elektrichestva-posle-ataki-vsu,https://vm.ru/news/1318705-balickij-soobshil-ob-otklyuchenii-elektrichestva-posle-ataki-vsu/amp,https://vm.ru/img/vmru_cover.png
"""Ukraine"" ""energy infrastructure""",20260414T090000Z,В шести областях Украины часть абонентов остаются без света,1prime.ru,Russian,Russia,https://1prime.ru/20260414/ukraina-869147803.html,https://1prime.ru/amp/20260414/ukraina-869147803.html,https://cdnn.1prime.ru/images/sharing/article/rus/869147803.jpg
"""Ukraine"" ""energy infrastructure""",20260414T080000Z,В шести украинских областях частично пропал свет,ria.ru,Russian,Russia,https://ria.ru/20260414/ukraina-2086943860.html,,https://cdnn21.img.ria.ru/images/sharing/article/2086943860.jpg
"""Ukraine"" ""energy infrastructure""",20260413T083000Z," « Укренерго »: Росія поновила атаки на енергетику , є знеструмлення на Чернігівщині та Запоріжжі",radiosvoboda.org,Ukrainian,Ukraine,https://www.radiosvoboda.org/a/news-ukrenerho-ataky-na-enerhetyku-znestrumennia-chenrihivshchyna-zaporizhzhia/33731046.html,https://www.radiosvoboda.org/amp/news-ukrenerho-ataky-na-enerhetyku-znestrumennia-chenrihivshchyna-zaporizhzhia/33731046.html,https://gdb.rferl.org/597313cc-e29e-4879-80b2-cd535826ed43_cx0_cy4_cw0_w1200_h630.jpg
"""Ukraine"" ""energy infrastructure""",20260412T174500Z, « Укренерго » прогнозує на завтра обмеження лише для промисловості,radiosvoboda.org,Ukrainian,Ukraine,https://www.radiosvoboda.org/a/news-ukrenerho-vymknennya/33730589.html,https://www.radiosvoboda.org/amp/news-ukrenerho-vymknennya/33730589.html,https://gdb.rferl.org/9316daca-0804-4cbb-27e2-08de3be37656_w1200_h630.jpg
Ukrzaliznytsia,20260411T124500Z,  Укрзализныця  запускает тестовый рейс из Киева в аэропорт Кишинева,vesti-ua.net,Russian,Ukraine,https://vesti-ua.net/novosti/obschestvo/282132-ukrzaliznycya-zapuskaet-testovyy-reys-iz-kieva-v-aeroport-kishineva.html,,https://vesti-ua.net/uploads/posts/2026-04/1775902638_poezd-v-ukrzal.webp
Ukrzaliznytsia,20260411T094500Z,Вокзал Киева соединят прямым рейсом с аэропортом в Кишиневе,obozrevatel.com,Russian,Ukraine,https://www.obozrevatel.com/ekonomika-glavnaya/communalka/s-vokzala-kieva-zapustyat-pryamoj-rejs-v-aeroport-kishineva-ukrzaliznitsya-raskryila-detali.htm,https://www.obozrevatel.com/ekonomika-glavnaya/communalka/s-vokzala-kieva-zapustyat-pryamoj-rejs-v-aeroport-kishineva-ukrzaliznitsya-raskryila-detali/amp.htm,
Ukrzaliznytsia,20260410T184500Z,"Взятка в Укрзализныце - чиновника арестовали с залогом 4 , 3 миллиона гривен",24tv.ua,Russian,Ukraine,https://24tv.ua/ru/vzjatka-v-ukrzaliznyce-chinovnika-arestovali-s-zalogom-43-milliona-griven_n3046946,https://24tv.ua/ru/vzjatka-v-ukrzaliznyce-chinovnika-arestovali-s-zalogom-43-milliona-griven_n3046946/amp,https://24tv.ua/resources/photos/news/202604/3046946.jpg?v=1775842915000
"""Ukraine"" ""Shahed""",20260410T171500Z,Ukraine Shot Down Shahed Drones Helping in Middle East : Zelenskyy,businessinsider.com,English,United States,https://www.businessinsider.com/ukraine-shot-down-shahed-drones-helping-middle-east-zelenskyy-2026-4,,https://i.insider.com/69d918bef976785dcb190396?&format=jpeg
"""Ukraine"" ""Shahed""",20260410T160000Z,Zelenskyy says Ukrainian forces shot down Shahed drones in West Asian countries during Iran war,thehindu.com,English,India,https://www.thehindu.com/news/international/zelenskyy-says-ukrainian-forces-shot-down-shahed-drones-in-west-asian-countries-during-iran-war/article70848436.ece,https://www.thehindu.com/news/international/zelenskyy-says-ukrainian-forces-shot-down-shahed-drones-in-west-asian-countries-during-iran-war/article70848436.ece/amp/,https://th-i.thgim.com/public/incoming/rqo3xc/article70848477.ece/alternates/LANDSCAPE_1200/Russia_Ukraine_War_397_9.jpg
"""Ukraine"" ""energy infrastructure""",20260409T191500Z,"В « Укренерго » спрогнозували , за яких умов влітку не буде вимкнень",radiosvoboda.org,Ukrainian,Ukraine,https://www.radiosvoboda.org/a/news-ukrenerho-vidkliuchennia-vlitku/33728682.html,https://www.radiosvoboda.org/amp/news-ukrenerho-vidkliuchennia-vlitku/33728682.html,https://gdb.rferl.org/62498786-6b27-4d8e-9959-08dda7e3555c_cx0_cy4_cw0_w1200_h630.jpeg
Ukrzaliznytsia,20260409T150000Z,"В Киеве чиновников УЗ подозревают в растрате 4 , 4 млн гривен",korrespondent.net,Russian,Ukraine,https://korrespondent.net/ukraine/4869539-v-kyeve-chynovnykov-uz-podozrevauit-v-rastrate-44-mln-hryven,https://korrespondent.net/amp/4869539-v-kyeve-chynovnykov-uz-podozrevauit-v-rastrate-44-mln-hryven,https://kor.ill.in.ua/m/1260x900/4397609.png
Ukrzaliznytsia,20260409T094500Z,Скандал в Укрзализныце - за что чиновник требовал взятку $100 тыс . от бизнеса,obozrevatel.com,Russian,Ukraine,https://www.obozrevatel.com/ekonomika-glavnaya/economy/top-chinovnika-ukrzaliznitsi-pojmali-na-vzyatke-v-100-tyis-reaktsiya-kompanii.htm,https://www.obozrevatel.com/ekonomika-glavnaya/economy/top-chinovnika-ukrzaliznitsi-pojmali-na-vzyatke-v-100-tyis-reaktsiya-kompanii/amp.htm,
Ukrzaliznytsia,20260409T070000Z,100 тысяч долларов за демонтаж путей : задержан чиновник  Укрзализныци  ,pravda.com.ua,Russian,Ukraine,https://www.pravda.com.ua/rus/news/2026/04/09/8029402/,https://www.pravda.com.ua/rus/news/2026/04/09/8029402/index.amp,https://uimg.pravda.com.ua/buckets/upstatic/images/doc/7/d/806109/7dbc1bd6f2f27864c9faa7f6fc53bdeb.jpeg?&q=85&stamp=1775716407
"""Ukraine"" ""energy infrastructure""",20260408T113000Z,Φωτιά και χάος στην Ουκρανία : Ρωσικά πλήγματα σε 143 περιοχές - Χτυπήθηκαν λιμάνια και ενεργειακές υποδομές,bankingnews.gr,Greek,Greece,https://www.bankingnews.gr/diethni/articles/867396/fotia-kai-xaos-stin-oukrania-rosika-pligmata-se-143-perioxes-xtypithikan-limania-kai-energeiakes-ypodomes,,https://www.bankingnews.gr/media/k2/items/cache/9743187db0ee152af023301089109df5_XL.jpg
"""Ukraine"" ""energy infrastructure""",20260408T091500Z,"Andrij Sybiha : Americká rozhodnosť prináša výsledky . Sme presvedčení , že nastal čas prinútiť Rusko ukončiť vojnu",aktuality.sk,Slovak,Slovak Republic,https://www.aktuality.sk/clanok/ndXvO4M/andrij-sybiha-americka-rozhodnost-prinasa-vysledky-sme-presvedceni-ze-nastal-cas-prinutit-rusko-ukoncit-vojnu/,,https://img.aktuality.sk/foto/ukrajinsk-minister-zahrani-n-ch-vec-andrij-sybiha-reuters-kaan-soyturk/MTIwMHg2MzAvZmlsdGVyczp3YXRlcm1hcmsoaHR0cDovL2xvY2FsaG9zdDo4MS9pbWcvYWt0dWFsaXR5X3dhdGVybWFya192MiwyNCwyNCwwKS9odHRwOi8vbG9jYWxob3N0OjgxL3B1bHNjbXMtdHJhbnNmb3Jtcy8x/kyOktkpTURBXy9hNjMxZWRmYmU1Nzc3ZWM3ZWI4N2NhZmIxOGQzNjg5MC5qcGeSlQMAzQKtzRV5zQwWlQLNB9AAwsM?st=89oxGeD5cG7snU-O_JaQdusOwqO9gyZLafVIv6nacTU&ts=1775599200&e=0
"""Ukraine"" ""energy infrastructure""",20260406T151500Z,В « Укренерго » попередили про аварійне вимкнення світла в низці областей,radiosvoboda.org,Ukrainian,Ukraine,https://www.radiosvoboda.org/a/news-ukrenerho-avariyni-znestrumlennia/33725942.html,https://www.radiosvoboda.org/amp/news-ukrenerho-avariyni-znestrumlennia/33725942.html,https://gdb.rferl.org/9316daca-0804-4cbb-27e2-08de3be37656_cx0_cy7_cw0_w1200_h630.jpg
Ukrzaliznytsia,20260406T140000Z,Диверсии на железной дороге - суд вынес приговор вражескому агенту - фото,news.obozrevatel.com,Russian,Ukraine,https://news.obozrevatel.com/kiyany/life/na-kievschine-pyitalsya-pustit-pod-otkos-gruzovoj-poezd-sud-vyines-prigovor-vrazheskomu-agentu-podrobnosti-dela-i-foto.htm,https://news.obozrevatel.com/kiyany/life/na-kievschine-pyitalsya-pustit-pod-otkos-gruzovoj-poezd-sud-vyines-prigovor-vrazheskomu-agentu-podrobnosti-dela-i-foto/amp.htm,
Ukrzaliznytsia,20260406T120000Z,"СБУ разоблачила корректировщика ФСБ , который наводил российские атаки на Краматорск – фото",obozrevatel.com,Russian,Ukraine,https://www.obozrevatel.com/rozsliduvannya/sbu-razoblachila-korrektirovschika-fsb-kotoryij-navodil-rossijskie-ataki-na-kramatorsk-kakoe-nakazanie-grozit-foto.htm,https://www.obozrevatel.com/rozsliduvannya/sbu-razoblachila-korrektirovschika-fsb-kotoryij-navodil-rossijskie-ataki-na-kramatorsk-kakoe-nakazanie-grozit-foto/amp.htm,
"""Ukraine"" ""energy infrastructure""",20260406T100000Z,ВС РФ атаковали объекты энергоинфраструктуры и военные цехи производства Украины,iz.ru,Russian,Russia,https://iz.ru/2073559/2026-04-06/vs-rf-atakovali-obekty-energoinfrastruktury-i-voennye-tcekhi-proizvodstva-ukrainy,https://iz.ru/export/google/amp/2073559,http://cdn.iz.ru/sites/default/files/styles/900x506/public/news-2026-04/20201104_gaf_ic06_007%20%282%29%20copy.jpg?itok=DDKcjWFp
"""Ukraine"" ""energy infrastructure""",20260406T053000Z,"На Чернігівщині через атаку РФ пошкоджено енергооб  єкт , знеструмлені понад 300 тисяч абонентів – обленерго",radiosvoboda.org,Ukrainian,Ukraine,https://www.radiosvoboda.org/a/news-chernihivshchyna-ataka-rf-enerhoobyekt/33725687.html,https://www.radiosvoboda.org/amp/news-chernihivshchyna-ataka-rf-enerhoobyekt/33725687.html,https://gdb.rferl.org/597313cc-e29e-4879-80b2-cd535826ed43_w1200_h630.jpg
"""Ukraine"" ""energy infrastructure""",20260405T083000Z,"Ruske oblasti sporočajo , da je Ukrajina poškodovala naftovod ob Baltskem morju",rtvslo.si,Slovenian,Slovenia,https://www.rtvslo.si/svet/vojna-v-ukrajini/ruske-oblasti-sporocajo-da-je-ukrajina-poskodovala-naftovod-ob-baltskem-morju/778525,,https://img.rtvcdn.si/_up/upload/2026/03/15/67027102_fp-fb.jpg
"""Ukraine"" ""energy infrastructure""",20260405T083000Z,"Ruske oblasti sporočajo , da je Ukrajina poškodovala naftovod ob Baltskem morju",rtvslo.si,Slovenian,Slovenia,https://www.rtvslo.si/svet/ruske-oblasti-sporocajo-da-je-ukrajina-poskodovala-naftovod-ob-baltskem-morju/778525,,https://img.rtvcdn.si/_up/upload/2026/03/15/67027102_fp-fb.jpg
