date,rows,launched_total,destroyed_total,shahed_reported_total,sources
2025-12-01,1,62.0,39.0,35.0,kpszsu/posts/pfbid02YydEvSbVz8TpwW8PdrL3apsg9ef8cv5ZcucN7VpMi3WpsGdarrBsjMiMYca3XTzCl
2025-12-02,2,114.0,86.0,60.0,PvKPivden/posts/pfbid02XBf7vjjA1tVSGesadEAGUh9sKAXHVYe5pXuaQ5PFBiCikc972rnx71SWr8ft8Dv4l;kpszsu/posts/pfbid0SrUYwpjgCWFbupTiPUohXfpphYV8W8Gnfeho1kd7hCuo1PLwFtyPCC1G7qWnGofCl
2025-12-03,3,140.0,114.0,85.0,PvKPivden/posts/pfbid0djAXWhcMDBVhfzee7u4MCwAuSkCm5yc7ZSREZtBUcZnNvTkYvmKrQLdzFjnfsCfZl;kpszsu/posts/pfbid02jbnqt51T3VBG6ATaxLgPZwitZtn5p7X4wo6HrU9WovGFPmCz8jsBeDeaPNV1dMCsl
2025-12-04,2,149.0,92.0,90.0,PvKPivden/posts/pfbid02oRbYvTEcik2rciMpGGNDMZSemcE3C6DXAt9Q1vTXN4ycNwcinZwxC5zP5rsudUKnl;kpszsu/posts/pfbid02ULXuS1VDqhdBr4W6JeJaGAZihR51Lrdsbv1XSznLTgRYLEysMoXM5YJFda5Q797il
2025-12-05,4,706.0,620.0,300.0,PvKPivden/posts/pfbid0EccSTRX19v2DiQ4ayzFhpcfPuVmg1kCqMKQxfNQieabpsP8YcYa4NULLoQEy4TVbl;kpszsu/posts/pfbid08V2L3Y6pPBmVG3bXDkQWysJ4fhRpdpuUoPaD3BmYkJ5d4GWwKjzCjys9NmEZ7vPNl
2025-12-06,5,254.0,184.0,150.0,PvKPivden/posts/pfbid02poRv4JsAszQac9RAWUZdmhxmrmSFZXa6awvLnSaxbqRJuGwZuHEkemYEPb5b6nZ3l;kpszsu/posts/pfbid08V2L3Y6pPBmVG3bXDkQWysJ4fhRpdpuUoPaD3BmYkJ5d4GWwKjzCjys9NmEZ7vPNl;kpszsu/posts/pfbid0d2Rx2p1iSxS4i874x54NCZzg9fcsBvdA5SGa8s53UAmBLQsePqC2TyKm8KhpvAARl
2025-12-07,2,155.0,137.0,90.0,PvKPivden/posts/pfbid0ycrzdrq1huxrxWN7519qCh1voyRxB7b1V3bw3Ncs2L9iEW4hS49C2xge27XV93nhl;kpszsu/posts/pfbid02VX2GMTFpyPn5YEyVSrjzBacExTcvDn7vHDdXLVy1Um7ZUnBsnUKb8AgCV413vq7l
2025-12-08,2,115.0,89.0,70.0,PvKPivden/posts/pfbid033hQrdKbze4zWPwJNwGgPNdGzYoefriparpVwCjPcoSLrEcY7D9doRfxwnVcMAPptl;kpszsu/posts/pfbid0Ampr9PhNKJScH6f5vwSy2AdS5FFu9B3azDQPPeQDU9pWt8pNBP2Sya3bprdRGer4l
2025-12-09,2,101.0,71.0,50.0,PvKPivden/posts/pfbid07jtT1fBLsgTWXoXE3pESCTSzgYHQ7tYicEpdUytzXnFuGXr6jzJTyQC2xhGA4H4vl;kpszsu/posts/pfbid0tvGwThvr1pXu5s6RnKr9reCYxRL7fmtkKimSdy3fXP4Gu6G2m8KR7ZA3utiN7beFl
2025-12-10,3,163.0,94.0,120.0,PvKPivden/posts/pfbid02tuQEN6dazi7q42VYPFDSDHYmehr4NSyPqtGC4hjs6QSEV8pUvUVvxvPkQdcZkNdwl;kpszsu/posts/pfbid02dXow9WyXnULBmapJQHGAwrsC54D8rPjAXdRrJLZh35EPUg3zyDVCsrPP6GutbKCpl
2025-12-11,2,91.0,75.0,50.0,PvKPivden/posts/pfbid02i2pfV8RzRossFiTQD3A8GamWv4YC963PtgST3MaV4vRN8oJVRxoboe12V6kkb5nkl;kpszsu/posts/pfbid02HqN3cFmrGoh3yk6GsPEZKhbpwYma2rSYdVEkzVB6UB1EHyaGoJfappvzGBJSBhZl
2025-12-12,5,494.0,430.0,270.0,PvKPivden/posts/pfbid0GHvUKb2JZi31baCdGjeCGoRJqr669dLF2YG2yviSU3dFhaCm6Aj8yftsBLZwKb8rl;kpszsu/posts/pfbid02ZcDb86fcRJkTEX2nFWUauYaSohMZAqqQwmUdbJXdnk9ACAScbdUNMcczyUYaVnbvl
2025-12-13,3,143.0,110.0,85.0,kpszsu/posts/pfbid026Q2GDLzUYxaCVAsqT46hYAoUZBSixeL9Wk3gvwrtQswNUcWhTHAmWx14GvgLzeuvl;kpszsu/posts/pfbid02ZcDb86fcRJkTEX2nFWUauYaSohMZAqqQwmUdbJXdnk9ACAScbdUNMcczyUYaVnbvl
2025-12-14,3,165.0,145.0,90.0,PvKPivden/posts/pfbid02V3GssfKU318oBnjuZSeuvrVRY5tSGanyBKMvNeaDQe3QaG8yyYHz32trdmF5StUvl;kpszsu/posts/pfbid0HPGJM8mb29pP8SUVr3dGHEJGdNS9EKsZY6Vf3JuzTnaBmBhuiWkUkHbpJ9WxW3Kpl
2025-12-15,2,89.0,77.0,40.0,PvKPivden/posts/pfbid02exbRMnYQNADFf8wjqY43qCzneiEgGDEG9TJuN6Mcbba4cdPc342JRbUk3WzNj9qnl;kpszsu/posts/pfbid0rRMeXQscwb1Q9DPAWe92KK1KPJSbrH11wubTTpohv5xBq3T5CdTWsZKmT6u3qVeTl
2025-12-16,3,97.0,65.0,40.0,PvKPivden/posts/pfbid0XqfvSinhdgX1rutEp62z5XkL3BusAKjuTwCvvPT3PrKEbx45KM4Gs3xSpp22kTPVl;kpszsu/posts/pfbid02tGpTArGnsACM3zraDTR44mahdQWv8f3PHiuaczVU9pyaUM5hM6EmUyWZP98uZmgWl
2025-12-17,3,104.0,85.0,50.0,PvKPivden/posts/pfbid02TzEAdJyrSDG7ZyPMidjqntLhvaVvaCJLHKWTrGEDQhMNn1WFvZwtpRJo4x3pjBWLl;kpszsu/posts/pfbid0Py4iNbt5xdmMdm3o8ih484zPWBaJU6a14CyjNcgtoXJmuDdKtu3BENXyZN5NygEWl
2025-12-18,3,172.0,120.0,90.0,PvKPivden/posts/pfbid02M1c5e8cAM24AAype6k2bFteWSVbSHUbuWonWb6DYhQYXo8tZmoRqbDf5dLkx7bEYl;kpszsu/posts/pfbid0RTZVJ4Bzax1v3iHB24oKFmie7yEN5cKa7mTFsU1nU4N4a2bf6rMHSnMq9BrujSsDl
2025-12-19,4,82.0,58.0,30.0,PvKPivden/posts/pfbid0BYwBu9ibeYnRxWBtBUf4igQTvBh7fzGqSVX4PUbrjF1VMoTwJXDeZToR8PN7E8Zul;kpszsu/posts/pfbid02kZAkEHp6gEc96TCivvhyQjZVv9n4XtUbwhEMfdktqdubmMMYrNHVy7BWJTvV5xbkl
2025-12-20,1,97.0,75.0,60.0,kpszsu/posts/pfbid02qLEaQTaKxDLxG5DEmkr3VQwhcqGKdCZZL6trtJKBwqYsxvPAvsDrN2eziPzuz9wul
2025-12-21,3,89.0,60.0,50.0,PvKPivden/posts/pfbid02DHqy1fUPi9Qw3pRT4a5qduZZ3z8DXG1expZwnbHdgp9ZfcsPR2YzkTucyjgaWevpl;kpszsu/posts/pfbid02BzvjqsN6gti8C9T4V5ChP5aRAyLoFwLpNSWZe3X4sgmPGh5XnqfMAJBdKyyFdFuAl
2025-12-22,2,657.0,609.0,400.0,PvKPivden/posts/pfbid02CZam3Qb7dLT5oz3yKez8QRHmTUgtCA9MCC1XgN1HYaXq6MmdTzvcehJpAyJnYq6ql;kpszsu/posts/pfbid0FoCxAp85ztgf726AWrWAHUb95J5pg2trsLyLJ4tuu9F4fCJjikuyhC5oM7kXpTmUl
2025-12-23,5,192.0,132.0,90.0,PvKPivden/posts/pfbid02Uro9DVpWfX9cS1pdqouKDY1tnKxdhaxM2WZj16RtfpzS4khcQySv2UkCeHMRicu9l;kpszsu/posts/pfbid02TdvFmxzn9pVKEPBwwREcRouBdCnBzxLHTJKqxC8DeSS3CexMsh28Yv9ezxYkh7tYl;kpszsu/posts/pfbid0FoCxAp85ztgf726AWrWAHUb95J5pg2trsLyLJ4tuu9F4fCJjikuyhC5oM7kXpTmUl
2025-12-24,3,162.0,137.0,90.0,PvKPivden/posts/pfbid0iSCghxMje9eFm7QBkdEuLAShqrbfsHgsmKegfpEg43hiP7bwj4GnBKadSXQFTw84l;kpszsu/posts/pfbid0nK4oLUznziB9epicExEtaaRpRoNgUJuds36jKVpskHRzUK113qtHXuxcdfL74pUtl
2025-12-25,4,134.0,107.0,60.0,PvKPivden/posts/pfbid033UyFgvMhbfZXgJR1Z8YckhfukZS4p6BxWBKmSZinzmeuvch7orooy9sBF66mp8cUl;kpszsu/posts/pfbid025ZYFmtV3x3fkEChfVX7wzBVAi31fHbVqUK5EthZQ2sfHSn2jdKT7h6hyNLBqnXj5l
2025-12-26,6,569.0,513.0,300.0,PvKPivden/posts/pfbid023vdvRUYCiP6Uz7QPf2S1nBfNdQDJCJhyfh2xcFvP8A2P9schnQ7dVyuS5mzk16wrl;kpszsu/posts/pfbid028r7WWV4BK1ArpzwXG5BYQWundMz3ubFdXcN7Bn3H8XrV2qoLcYuB6ZKtChTSXtE2l
2025-12-27,2,71.0,53.0,30.0,PvKPivden/posts/pfbid02opeokGg5nzmMi2o8NSHM9ucyb2fQnxVcfqVberkVTwkg84xEwzTBY53ks35w7aj4l;kpszsu/posts/pfbid0esgp8R5DcgowzrZSA4repGZPJdLC5ZDf24ZbKaaLrXQY6LzkPDRNtmvoXGGzcjzRl
2025-12-28,2,38.0,34.0,15.0,PvKPivden/posts/pfbid02GFRAswH8to8QvkXDkE8dLDdJK4YHz9BqumRuyGJYZNJR1nvBBUVEbF1RgEBiLNeal;kpszsu/posts/pfbid0YpgmEGzfg4LuiPJoN8wDH1VvEJ2FdmhUUCqJa85k2TXJPt9C1EYMJ3En9xAYmDijl
2025-12-29,4,70.0,61.0,40.0,PvKPivden/posts/pfbid02U3cvTMcUeS7hXkrxFvJu1dWcNgo3t2RP5iLuvpyDPBCWKY37Rbysg2YTJZKRcHoPl;kpszsu/posts/pfbid02xhaYYKXejgBNoEfb4qgP45tbtnYGfEn7PFJWpLAsTW5M8My3BXtFw9kiVN4P3MYSl
2025-12-30,2,139.0,113.0,80.0,PvKPivden/posts/pfbid0ynbTKiYsg8qwSV8s7xubFoFr6SFxFu9Qy36YH1vR7YYyDaDLENr5tu19RARKdyftl;kpszsu/posts/pfbid0F7ZpFtdbsjfYyEm2DckN4yGZLpuoLkg78CE4iQ2MXfUAu9PrGJXGXh4uiYXExMZ6l
2025-12-31,2,216.0,187.0,130.0,PvKPivden/posts/pfbid02ovmeMo8xyz1SWyyuk1M8YKpJMHgcmw3BpXY5refdBb32n5dfHmwwiEgEibydT18wl;kpszsu/posts/pfbid0TdVCdVdkRoJN5jZ26dj64CFujFUSFAAmZpF7dEoGiCPVxvudBj7PXWo9GM5sfy4nl
2026-01-01,4,156.0,126.0,70.0,PvKPivden/posts/pfbid023jigBrYSkgGhHskZhRTiyimQmctcZbULZjPQEgMY24MyZX8F2ADN42KUqDvji43zl;PvkZahid/posts/pfbid02YVo1iAizqFJREHVK6w2YmyxSF77htxcfyUK4pfhcsx7Pvg2oFeTMa93iDEjqPyXHl;kpszsu/posts/pfbid06UqeQN6EpYFc57jas3PWAqknTA36Fj7iVbzYwMfW4uKUE3vPWHoPQe52bWsQ7U8Ul
2026-01-02,2,103.0,88.0,60.0,PvKPivden/posts/pfbid02TPBQtC9K4NjVdHmUise5rGp1nhPujdqx3DHmwMoLt76EGBqXLnEg4JLhZPpwoeX7l;kpszsu/posts/pfbid0yA7xeCfeoPJsMTBEv9CiDmxgg4RpUzYKxx429oh5umQCsra7BX7BEFWzpMgRWSZXl
2026-01-03,2,64.0,51.0,40.0,PvKPivden/posts/pfbid02hVGrLr9FA2iabqmqP7rMmx9dfmWcKDCR332Rftaziq9dh48pY9fXhwWsg4WSY1Ncl;kpszsu/posts/pfbid0FpXFz4rbDGTKqkEghui5aTmsfTGWcbYPzBtPZf4jUp5v3E5UtMvZ1Q3kboPfjQAUl
2026-01-04,3,186.0,149.0,100.0,PvKPivden/posts/pfbid032x511d5nnQbJgtPa7aW3byKC136vm8bx4Jb6apKLR2RAtWHuW1LsmN9amU4xi2oml;kpszsu/posts/pfbid02pYp3rrQ6YNUELRY6CUq57SXJf6UPyQBv2qjxMVMxfX8FjPzMcnqNiX4NgnKYzA87l
2026-01-05,3,80.0,72.0,40.0,PvKPivden/posts/pfbid02s8sGhngdoNrXL5TRLRstLfuQrZ3dkbdJhPLEZEKVAhyPnSxkXdHKsi3s24FBHoqGl;kpszsu/posts/pfbid02vdtXLYjfe2SEn4pgMFuophthLbdAcZcYifcH1v8YfVQ7wbbpFvSDGXHJWEK9Dm5al
2026-01-06,3,110.0,95.0,60.0,PvKPivden/posts/pfbid0agouRjrkqJN6aaTEEABTouQeSAkW6xo1W8bTpDLAwtLebMScdV8un5AJiiJF21iRl;kpszsu/posts/pfbid039DHJSnRrq9YvWQQDg1S5svtN6GWmB5YTAXSwFfZ9XfMR5kKovdsSn2VTMVZuLSDl
2026-01-07,4,109.0,80.0,70.0,PvKPivden/posts/pfbid02HXgmH3THwUAYTgZSrTyqwegDmwUCjUMqZmxzdKQJSnUaCoCf5oMXXhHphpHFss61l;kpszsu/posts/pfbid0yw7pQM6WATc6pM9jdFXMHEndE1GHyNH4o1mn7JCuszfXYoQb9acdqn9LokrgkSGCl
2026-01-08,6,288.0,254.0,150.0,PvKPivden/posts/pfbid023yhg6uuW9BLSbfiPW6nxiL4H9njP2RCayieaBWjT1Qid3hcqhPVGH3ivFFrgpG1vl;PvkZahid/posts/pfbid0GW4Qc5YiAMSAhbnTs8FvMB2hxWH9my9gyAWQtn8GhiaAGGe6Sdgih2PJTaJTCwxql;kpszsu/posts/pfbid0SyvTrtmBdBfWqr74VrhCWL4cR8fGmUTD4aE1ccv6kwqXivDYBJQLaQMUGvLRJZxyl
2026-01-09,4,133.0,105.0,80.0,PvKPivden/posts/pfbid027kzkD7449YoRBHNmaAAfv3fhc4e4NJpZE123FonbtHJ53d9KxeFZC88voCupPSQ4l;kpszsu/posts/pfbid0nLbwxniYwpvLezfMftaxAfAdAaYvyQmu8f5Vy4UHiBUaQwLyBMPqrw5FpZteXAPbl
2026-01-10,2,166.0,137.0,110.0,PvKPivden/posts/pfbid02LskjhMpJrE8MRgRk3jgRNen1rWWTRqrDYHJuW3G7RG1QYA1m3rbizFzqQnDgnxgwl;kpszsu/posts/pfbid0YjfqTBnr5eY9m4btDoQbUU5Hm7eKWRKGuUJomfMJv3xbbGq7KNtMBKeVcaGhrwEUl
2026-01-11,3,173.0,152.0,110.0,PvKPivden/posts/pfbid0Q7GbSZbWHp5Z7FZPGs4GPdf26dxMeCb7jQcWRAynngC9aT7iRPJnFigzMCxkDSaXl;PvkZahid/posts/pfbid02JJaGDkVGXypHvgJHRCcAJL2aXehwPEc7s1MsxHQzoa7JwGHtgUPj9Q7mP9iP6iMPl;kpszsu/posts/pfbid0tR2SaWAaJvVfr3VSRTt19fkeZf27iuUx4CmNyRsRWixtLuJF8jXy4c1NR8V1boD9l
2026-01-12,5,337.0,266.0,200.0,PvKPivden/posts/pfbid02KZ6BqZGipDbvcFbWefFKDincUjoxhLVZCjoa394Ef1eJzvBdo27wsd8QfKNfg4pEl;kpszsu/posts/pfbid0e7FKTsL4Q75mHnY3Yyzp9j7bHYNmCs9mhhszh1eibzRgaxDNdDNBEzV7HJEZJPsDl
2026-01-13,4,139.0,113.0,70.0,PvKPivden/posts/pfbid025KMTKezy6AVtgHtimJX9wmauT4dzHhAjDwTqF6gf7wSRQ6SBMUN2qoo9rsLmx42cl;kpszsu/posts/pfbid02LphUidF2DRMPvnPCjpcB3HpcmS13U6Yu8YVdGcoRKdQhiaZeipGk9pFi1zxb9REql
2026-01-14,3,111.0,90.0,70.0,PvKPivden/posts/pfbid02wuW4Zy6ySHrtjjWGs9FvnRwTEWPyt3EXweT7sg7Rbdp1eYiCAPsofwgTDBiKFxmyl;kpszsu/posts/pfbid0gzZLnprzLhmewGEM2PJ36twJNcQTwMCcA6fAXKPP3cgQvBjFwxnmNxgpYvB3AgsPl;kpszsu/posts/pfbid0if6mBz3m27TrtzobyRz81h8VB7gHDDLfUdGEdr15awgZ5n2snAEe3CsV7cWFKZ2Fl
2026-01-15,4,105.0,79.0,50.0,PvKPivden/posts/pfbid0ZEPrJfV5SWTmuhSKForWryV38zEujZ8G4g8Wr6fQEW3UdibuDK2Ytbomo4scL2bCl;kpszsu/posts/pfbid0Z5L8y5UtE8jv7aRdqMTmznz64NtqgNAZpoFTK5tsNgNws36sop2cymSL8HvwBj1Jl
2026-01-16,3,136.0,117.0,75.0,PvKPivden/posts/pfbid0o5RAwML7RRc16vD7NW6VdsUoSRsFbf2vuY4RV47gusH5skswU4kYMTpJVUvkxMt2l;kpszsu/posts/pfbid0U17tZZWEsimyA2xrJyXKJZuYNMjJeryy5AmDh8f7JTZ6bDzRwGoqm9izALrodgs5l
2026-01-17,2,212.0,178.0,120.0,PvKPivden/posts/pfbid024ccuH13SAYEjEsbegA8k8yjxzmHtdv9jfArjhiQrRmLR5cKsmAZ7VYBnFTYcrKDwl;kpszsu/posts/pfbid02udo8eVTBBQwht4zh3JRtkQg6bnah2e6sLxQd5VhZsWwJYFYRwGfx4Gea2kZAmHz4l
2026-01-18,2,165.0,146.0,90.0,PvKPivden/posts/pfbid02jVGE9Ypp33Bt15pqYx24Njc7wrvWVnL9xN1TDymSKWLt9SjnS9DG5uLPZGNzpPdDl;kpszsu/posts/pfbid02V62NTYcTsBk7xuoZLUCXQYEvvjf6omg7RqEuF1Wh9JHwy3k66mV7fjShFkGW594tl
2026-01-19,6,389.0,358.0,250.0,PvKPivden/posts/pfbid022mvW1wE2WQnJ6cBjZ44cVyAtisT2u3LJAdEkFh4S7E8nuQYfcnBs7u66ESiTwyhyl;kpszsu/posts/pfbid0JL7FQAMHMqhW722B1fPd3ZySSap2eu8yXAceFC4su6t3uSeUsV966AAKiQAjPH17l
2026-01-20,4,127.0,113.0,70.0,PvKPivden/posts/pfbid02auV4CG2GCpE27V6dH85y8epeZ8ZoZxvf7bJtoSXZeM3vaxMAfPubHT1LHhPEVLaTl;kpszsu/posts/pfbid02uEx8jh69AzNH6zNQLDuxJ7UKLCnfNMLzc5buHQTCMiba77K9Z1xzPM7hqNvjwKCl
2026-01-21,4,106.0,91.0,55.0,PvKPivden/posts/pfbid02wrtGJDkHiBtwNCdSMezdgvDGffCjhQRgZ5YjSYNm3zzj1BaJfE29LX6J9yURB3atl;kpszsu/posts/pfbid02uEx8jh69AzNH6zNQLDuxJ7UKLCnfNMLzc5buHQTCMiba77K9Z1xzPM7hqNvjwKCl
2026-01-22,1,101.0,76.0,60.0,kpszsu/posts/pfbid02wpUxkERSy3utbvJoK2oxqZ9givVK1ytzKtco1xUzCrm8keXj9Pxb8Hwn3qEMCw7Dl
2026-01-23,6,417.0,393.0,250.0,PvKPivden/posts/pfbid02KbptVv6Vmt8XSTU6rvRXtZ93GisjxkhrDK2dNd6XM61AvRkJ6Wtk6toi5yfBVZkCl;kpszsu/posts/pfbid026zSsHtGvKqUqgU2FWshKhBKGMuh5ddWr39BhKdUHXXqHxWQAiw8Xm3E4PxSG23J1l
2026-01-24,3,137.0,120.0,70.0,PvKPivden/posts/pfbid0Diz175kFSv8Tb43nxG9bfno4J6Z27Prgkw9rfsetnReRLVRwquVaPVXTXjLnpuKEl;kpszsu/posts/pfbid02U8EhXwXerdZyx2CgXtNvQbLLVPVPQVH2djNpE5EHjmFDhBgV6ah175AUR2yRdrfl
2026-01-25,2,161.0,133.0,90.0,PvKPivden/posts/pfbid025mMMxRDqdnSvk7XEXKsSBmWCGB3csH3tvccDft86DUpBjUHqoW2zNyHYAp2MSdaMl;kpszsu/posts/pfbid02U8EhXwXerdZyx2CgXtNvQbLLVPVPQVH2djNpE5EHjmFDhBgV6ah175AUR2yRdrfl
2026-01-26,2,170.0,140.0,100.0,PvKPivden/posts/pfbid0271sHaE1HutvfbbuAzQfAZn34RNcW1CKZxWQvBMpK11p86bDoyazgKa8hvJwAdNAbl;kpszsu/posts/pfbid02BniSyzFyKz1R3epTKNuPtVbmX74QSJCdRSXFA9LAASyUZ5FFBJaQ3VehpWGWP4mzl
2026-01-27,4,167.0,123.0,90.0,PvKPivden/posts/pfbid0vuQjM8ieQcqGdyeGM46sgkk6fcVUp5rjXrc6ae8F7pf9Pds13uvki43HXazE2JWTl;PvkZahid/posts/pfbid0jVhvNQRHFsehjrmz41FDivSZisN8RMF3QrVoYEJeqSBWvTqCi1QoGsm3e4Si6K8cl;kpszsu/posts/pfbid02LxgJ4RDHFpsehprWzgHeKDbj8WZyzkcnkYQjSbsnTaPnRgtXUdNsjM9DRme5oxrZl
2026-01-28,4,122.0,101.0,70.0,PvKPivden/posts/pfbid02tYMKL2uXYxsogYrKFNSPUXxGgri44vUiuV5zhzSviYA7hTqkkuTAgNxWb5139pGtl;PvkZahid/posts/pfbid09dtZLo8qUZQYv4kB7EuND3FX8SAH76WpxUSkE8NF1JErofTuxupJ9aEBqzbP2gP8l;kpszsu/posts/pfbid023vKxYk97C6iD8NY1WLuvrYnKMeFdc1T4ibYALLQqRDr4XA22u93c9qmeSRv8NSV8l
2026-01-29,3,128.0,96.0,70.0,PvKPivden/posts/pfbid0Uz2RQ9bXq2g56jFHmqLrhF3CkyJLbBrX3UpxdkRkKjLAauRf4wg4pCxwQoCMAK3sl;kpszsu/posts/pfbid0wiUs5RZutpLCuhpxLGVhaiN99Fz822Migp1F9ixtTjoGUziqtdQBhY9iHYAwmXgGl
2026-01-30,2,91.0,70.0,55.0,PvKPivden/posts/pfbid02yb9KVrdWBvPHerGGDZBdtwXpgfhaPoxYPNA2gqVT3T4oCAWP1SVrc3UDtKorpi5zl;kpszsu/posts/pfbid0qFnJ7JiGVj75DJuZTFF1hUJgMaNR5d7DxFBkm85RaZ57XJW75yNbnxpCd3G7Db55l
2026-01-31,1,90.0,76.0,60.0,kpszsu/posts/pfbid05aetptuzeDuLmpAR9mRFACxL8adQiCtYDa1r9DKzvKb3NKuSZn14uwHZRpapDG57l
2026-02-01,4,197.0,182.0,100.0,PvKPivden/posts/pfbid02NQE7x74aLWdmBsAvmBjTTW1hgk38KFg1CwiSeVtTsxoKXNsTJb89sf9V7n5baLFtl;kpszsu/posts/pfbid02EzhmP1gy4PMTnvWXAbbhDxrWfDrNYw5YgcCuv8EGTpUYqVhNQv1ydgBqVzYcuT7Kl
2026-02-02,7,550.0,479.0,300.0,PvKPivden/posts/pfbid03816b3Yz3LivixTt1gskBYF4hJEKrj9wLMwrXTXiaUUF7FtUUCfnj8f8ZRFJax88Vl;kpszsu/posts/pfbid0219MYLf91ei1mY69nNHj1QJ8hMfvh5q1FvGs3BWXfVAgRWnhLjRpvEptau2pGLHK9l
2026-02-03,3,120.0,103.0,70.0,PvKPivden/posts/pfbid0pxrcx4vhoD3NSXBQ33MddRP9Gs4DTkk9LJNnhD9EZpCyq9bkY9JRvAv7a1KY59wTl;kpszsu/posts/pfbid0bBSMPJdLHzir3A9iDkocUa2YY6NN78ZZ4ZYTZ2K7MoyAMH3ZHtjk1CX4t6VfZD47l
2026-02-04,4,204.0,175.0,110.0,PvKPivden/posts/pfbid02N2w43XSvfNEqZsFUXL5wUTF59hB6MKuW1twohevWPhmCx4YHEdz8AfWVFs2S54Qzl;kpszsu/posts/pfbid0yFbjVSuiKagC9jP8ybhR4fZWqcPzH9qWFoEv1A2v5qdGBN3X1pYhtNRUnKAyF6sPl
2026-02-05,6,346.0,308.0,200.0,PvKPivden/posts/pfbid0nWmzXorX2LiVBsJGXpgo3AkJhN56Tnj94hTQMYFeFdVjTG8KcqJHnMxdgTcdwC5ul;PvkZahid/posts/pfbid02eB5it2g8VHYSWspWup4FWyVj65BnMoysCw2jHJMk3MAJE7R9TQ5MeTxTpnWMcsiwl;kpszsu/posts/pfbid02xRf69RszXrjjEP5qEKQsdZUim2d684iaTaR3xfxXS9uPztPFMcTJ8CjyBnfT3xfhl
2026-02-06,2,417.0,391.0,250.0,PvKPivden/posts/pfbid02VZ7v9A4HmT7nhdSMz2DUCnCNUeYijviw8v89EdqRfuvP1DzW4kSjSwWK4ZLZRNNsl;kpszsu/posts/pfbid02CZcDiHL4AMfPNjuL3T8g4Pt7NVQqyQZMnPpxsqYFUd2butHEpVnRz1V4h7kEgFbjl
2026-02-07,4,140.0,93.0,70.0,kpszsu/posts/pfbid02CZcDiHL4AMfPNjuL3T8g4Pt7NVQqyQZMnPpxsqYFUd2butHEpVnRz1V4h7kEgFbjl;kpszsu/posts/pfbid0SyvTrtmBdBfWqr74VrhCWL4cR8fGmUTD4aE1ccv6kwqXivDYBJQLaQMUGvLRJZxyl;kpszsu/posts/pfbid0emp8PQVvfF6nJsWas4j7jV573z9kT3NAf5g3EHK53ZWnuUDPVsFgVhrwPzfhq5Ngl
2026-02-08,3,191.0,147.0,90.0,PvKPivden/posts/pfbid02dcYFyoxo2kGfMZbJub4ova2Rxg2G3FYSRLHwzhbVzvUkeB1Lv7Py1x2qAQPeHPBxl;kpszsu/posts/pfbid0eQC1TkLkX6yXBzXHUoC47yHp41kcLghmTpaTCbDHqCmqF5CmJ5YfDV7FgRpxuzQsl
2026-02-09,3,151.0,136.0,80.0,PvKPivden/posts/pfbid02P1wfuxtz9dKDbFp6yXrYQdKiPP5PciqsnWQ77XgWDBMiSZpWkhPx144vrFCLo2jQl;kpszsu/posts/pfbid0g215Hqf9zHQ5V7CSzWkYFFuzzHAzLSXN9WzNggr1X88kChiSay9RCUWhe9ftjPpel
2026-02-10,4,161.0,143.0,80.0,PvKPivden/posts/pfbid05BWLtkayuTctg6hxsBEqGTbaHYJC9dQhf4e5x7LnF61bfnh2gGw5fc4XPPL7ohnQl;kpszsu/posts/pfbid01Ugzv72HoTFty6pNeofpysWXVq46XwFe98KFmzjimmFxvBCA63GM9tnoYu1U51RVl
2026-02-11,7,278.0,243.0,150.0,PvKPivden/posts/pfbid02aE5A49keFXD6DEtkLoopGfdh4CRWDdM9WvWi2TBKCBxmgR4Mf6EeRxQN9C51F2Mgl;kpszsu/posts/pfbid026CooA3neFjxHHGbAQFvqpD11x712ddGdtyKB6xUdzd2pPKUt7HgXdx2ZojqfpaWVl;kpszsu/posts/pfbid02tRG3H6MzKMJV9vT8eS2QSXd6otRKeZiwaTebDt2MYY7kqk453GvcMANTc9NsXkDWl
2026-02-12,3,182.0,138.0,100.0,PvKPivden/posts/pfbid0GXwE8LoWZVHNfqDRktNvmZMErGNCa9M74rvxfSa4QNd3fwuJ8CzfgHdCHs7YBgoJl;kpszsu/posts/pfbid0aaH4n6vDGm2Td1RAHYwNKsSUxamJpdWX466Zh7eWBVwBciNuNoX4a2CtkGxXjXJQl
2026-02-13,6,148.0,124.0,70.0,PvKPivden/posts/pfbid036iqFYQeV2iW7idvNV16hd6v66CDZJMwgpmRTX98FU4ibT1AGbb688LztQD68nvQl;PvkZahid/posts/pfbid0S4YEZ5QDxEpNNQDqyfBqteZ1QLQUhP4Z6c8dVpMZPMkuMkRbc8qGwCMx2P6e3c2vl;kpszsu/posts/pfbid02c1AgHwW6Jw4opmxgGEA1bP8WHynLGaUtciiHxtdJ9Urq52GFf3NE4PnTD1YjeHzWl
2026-02-14,2,103.0,75.0,50.0,PvKPivden/posts/pfbid02z6RNnsh7nLkD38sPEkKnoAc8ywQhjhx7r51UaxCaMWPpDZ9JJg3X1VkqRBo2fABfl;kpszsu/posts/pfbid0GzUWTJ83g643MFnrtmZdGxn6tVf2dsGvZHZZp69F1R9rkfk458LrjPpVnKtMByvxl
2026-02-15,6,72.0,58.0,40.0,PvKPivden/posts/pfbid02AfkGxkTncqCgzPjcwqNkZRYp75qCsA5mbd9KkfWjYRYdxSzHNiv5EaU2dTqj8DPQl;kpszsu/posts/pfbid02FADHWssAwVCGqvfhSJy6p33grxhQjKQCN1RUdZkgqatdvT3wAGjhcQbcsjPBFnccl
2026-02-16,7,430.0,396.0,250.0,PvKPivden/posts/pfbid02distXv8jGoNXQo4oP9nPxtVWQwRDXx4HMMjrahdomfu27LsRYuTDxFFsCyqg2KcSl;kpszsu/posts/pfbid0jQUXJnpiXAcHsfgDVYbkMFoPvL436RGexwnqgjV68drS7YJDCDJzPsLdP6eUAQTjl
2026-02-17,5,174.0,147.0,80.0,PvKPivden/posts/pfbid02cJyJJPMxfvDysN549Yc5XazPhN3V3MFdtNrVEtUtu9y51kapEJweBB32XdRUnZF8l;kpszsu/posts/pfbid02zDXDrDwyKqN3TN55q85BFaEMmf3LFcPPjc7vGsPrxPEmGU9ZUY2TkTb3VneCjuUdl;kpszsu/posts/pfbid0jQUXJnpiXAcHsfgDVYbkMFoPvL436RGexwnqgjV68drS7YJDCDJzPsLdP6eUAQTjl
2026-02-18,1,37.0,29.0,20.0,kpszsu/posts/pfbid06VQvbfSf32WSwBfr2RYb85vunqRXkNzgHKybE1hTYDeiTKRHJwkkaGb5TU1UmTKRl
2026-02-19,5,153.0,130.0,80.0,PvKPivden/posts/pfbid02beCm9NzNTZTkBp2i1Nx5td4vKmJ77b5dMjmBExBcvFQF2VVT3BUqzT3SFkX2UHoFl;kpszsu/posts/pfbid02aRYX3235xz4AUKiJLpeuZhUwW3ZY1T3vGGHqBeWbtWtNywgBd7x25ZrP9nHJxBqal
2026-02-20,4,141.0,126.0,80.0,PvKPivden/posts/pfbid02JsaUTBgSZbAA7ALKjAkRmUBtay8ucp48VFaibmZLUA5K2QgwD1YF78wP8mmyi2fgl;kpszsu/posts/pfbid02xQ8qBbBrooMrkfEoxVfzTCY475AUQ8T9fyBgKeNKUcizKZibZuJTakMu3XhQywsrl
2026-02-21,3,329.0,306.0,200.0,PvKPivden/posts/pfbid0RPfY4WkZgtfDFAw9GpfPbFWpnnRb5FTUqe26dg636tDEk9ibpeWpZuMt2eVZC4F2l;kpszsu/posts/pfbid02keSs9mmjmBBcRL7vWrBCpw8eRWT4bCcPq8Gi6UBrrNGa4PeLku629XsN8FdfaaBJl
2026-02-22,9,216.0,177.0,80.0,PvKPivden/posts/pfbid0Q6JyMudAxHkhzz2M7RcpGXqSb8mJXnRW7Vv4Nx5cLTVUfjL4upWR9BfU9n4itP8Vl;kpszsu/posts/pfbid02fqCNknZ7m9x7qvLL8jZ9V75AFGFgXGQ8QWaFAp7VTZTMTRVGYhNXBaFgzhxqKkwDl;kpszsu/posts/pfbid02keSs9mmjmBBcRL7vWrBCpw8eRWT4bCcPq8Gi6UBrrNGa4PeLku629XsN8FdfaaBJl
2026-02-23,4,168.0,145.0,90.0,PvKPivden/posts/pfbid02MBaeL2wQsHayikEYiQz2vvTcztrPxwvzFuyUy1TRD97ADMmAnfYmr3czMDJDJgqQl;kpszsu/posts/pfbid07zEhfj1tSutAREd2VkvX4LSuQUkB3wxU5ohkjpffwRD9PLZMvnxNKi9csFMMafzsl
2026-02-24,2,127.0,107.0,60.0,PvKPivden/posts/pfbid021ATaMGbaShbCgypUojJtUqtwckHf2S8gmLVhuWWw4Yi2fGQpwCEb5AkaDouo3Kbdl;kpszsu/posts/pfbid03yqbvvDgZHEDZ2isGtBw5sGd7SDyc7HjaDGtveLziBkp9TepYoRUvAQfCuwfSyjnl
2026-02-25,3,448.0,400.0,280.0,PvKPivden/posts/pfbid0fdJ7ErkFMtWU38ezJRMUaFuz61V6CvgR8tkkieA71PvBfRBojVrAEGL9Jy2XewMTl;kpszsu/posts/pfbid02MZ6XcRuDSNkLHf2Ck2w6E7v9WWiw1KMcQ8EbTvgzF4ybex4gUktiWpH7EkD1xU3Gl
2026-02-26,6,239.0,210.0,120.0,PvKPivden/posts/pfbid0243fHjG1qJ5biLYKdrwCfCgLFLgzfaDPHTyExt293J9Xak484R7EspWjAMwtvyihwl;kpszsu/posts/pfbid012veiDLbLVUbo3KoqChvbPNjefzBsMsYpdKp1TtMHVWxRGY8fdnY2386jP9J7jtgl;kpszsu/posts/pfbid02MZ6XcRuDSNkLHf2Ck2w6E7v9WWiw1KMcQ8EbTvgzF4ybex4gUktiWpH7EkD1xU3Gl
2026-02-27,4,143.0,133.0,60.0,PvKPivden/posts/pfbid02adnF8YF41vEP6j6YKfpQd8XmVk2qdqQB3Cots2yd4arSoFPbYSgFfFLGUfcrY3wpl;kpszsu/posts/pfbid02m1xvUpDFCyo5TXqDX2L5bKpJrtc5owuTthHL19ND6d4HBLpVCVrPJ8fQycAHRUccl
2026-02-28,3,165.0,152.0,70.0,PvKPivden/posts/pfbid0vw4ooHYbSBkqkoUx2TFbvdWEJbvvEuk4DH3BRKLVsHwVmpKq1yUDXGzzfZgrKWYhl;kpszsu/posts/pfbid02m1xvUpDFCyo5TXqDX2L5bKpJrtc5owuTthHL19ND6d4HBLpVCVrPJ8fQycAHRUccl
