time_start,time_end,model,launch_place,target,target_main,launched,destroyed,not_reach_goal,still_attacking,border_crossing,is_shahed,num_hit_location,num_fall_fragment_location,carrier,turbojet,turbojet_destroyed,affected region,destroyed_details,launched_details,launch_place_details,source
2026-02-28 18:00,2026-03-01 08:30,Shahed-136/131,"Primorsko-Akhtarsk and Kursk oblast and Millerovo and Hvardiiske, Crimea",Ukraine,,123.0,110.0,0.0,0.0,{},70.0,7.0,4.0,,,,,"{'south': 49, 'east': NaN, 'north': NaN}",,,kpszsu/posts/pfbid02m1xvUpDFCyo5TXqDX2L5bKpJrtc5owuTthHL19ND6d4HBLpVCVrPJ8fQycAHRUccl
2026-02-27 18:00,2026-02-28 08:00,Shahed-136/131,"Primorsko-Akhtarsk and Kursk oblast and Bryansk oblast and Oryol oblast and Millerovo and Shatalovo and Hvardiiske, Crimea and Donetsk oblast",Ukraine,,105.0,96.0,0.0,3.0,{},60.0,7.0,0.0,,,,,"{'south': 14, 'east': NaN, 'north': NaN}",,,kpszsu/posts/pfbid02m1xvUpDFCyo5TXqDX2L5bKpJrtc5owuTthHL19ND6d4HBLpVCVrPJ8fQycAHRUccl
2026-02-27 18:00,2026-02-28 08:00,Iskander-M,Voronezh oblast,Ukraine,,1.0,0.0,,,{},,,,,,,,,,,kpszsu/posts/pfbid02m1xvUpDFCyo5TXqDX2L5bKpJrtc5owuTthHL19ND6d4HBLpVCVrPJ8fQycAHRUccl
2026-02-28,2026-02-28,Unknown UAV,,south,,41.0,41.0,,,{},,,,,,,,,,,PvKPivden/posts/pfbid0vw4ooHYbSBkqkoUx2TFbvdWEJbvvEuk4DH3BRKLVsHwVmpKq1yUDXGzzfZgrKWYhl
2026-02-28,2026-02-28,Reconnaissance UAV,,south,,1.0,1.0,,,{},,,,,,,,,,,PvKPivden/posts/pfbid0vw4ooHYbSBkqkoUx2TFbvdWEJbvvEuk4DH3BRKLVsHwVmpKq1yUDXGzzfZgrKWYhl
2026-02-26 18:00,2026-02-27 08:30,Shahed-136/131,"Primorsko-Akhtarsk and Bryansk oblast and Oryol oblast and Shatalovo and Hvardiiske, Crimea",Ukraine,,187.0,165.0,0.0,2.0,{},120.0,14.0,0.0,,,,,"{'south': 39, 'east': NaN, 'north': NaN}",,,kpszsu/posts/pfbid012veiDLbLVUbo3KoqChvbPNjefzBsMsYpdKp1TtMHVWxRGY8fdnY2386jP9J7jtgl
2026-02-27,2026-02-27,Unknown UAV,,south,,36.0,36.0,,,{},,,,,,,,,,,PvKPivden/posts/pfbid02adnF8YF41vEP6j6YKfpQd8XmVk2qdqQB3Cots2yd4arSoFPbYSgFfFLGUfcrY3wpl
2026-02-27,2026-02-27,Reconnaissance UAV,,south,,1.0,1.0,,,{},,,,,,,,,,,PvKPivden/posts/pfbid02adnF8YF41vEP6j6YKfpQd8XmVk2qdqQB3Cots2yd4arSoFPbYSgFfFLGUfcrY3wpl
2026-02-25 18:00,2026-02-26 10:00,Shahed-136/131,"Primorsko-Akhtarsk and Kursk oblast and Bryansk oblast and Oryol oblast and Millerovo and Shatalovo and Hvardiiske, Crimea",Ukraine,,420.0,374.0,0.0,0.0,{},280.0,32.0,15.0,,,,,"{'south': 88, 'east': NaN, 'north': NaN}",,,kpszsu/posts/pfbid02MZ6XcRuDSNkLHf2Ck2w6E7v9WWiw1KMcQ8EbTvgzF4ybex4gUktiWpH7EkD1xU3Gl
2026-02-26 04:00,2026-02-26 07:00,X-69,,Ukraine,,2.0,2.0,,,{},,,,,,,,,,,kpszsu/posts/pfbid02MZ6XcRuDSNkLHf2Ck2w6E7v9WWiw1KMcQ8EbTvgzF4ybex4gUktiWpH7EkD1xU3Gl
2026-02-26 04:00,2026-02-26 07:00,X-101/X-555,Vologda oblast,Ukraine,,24.0,24.0,,,{},,,,,,,,,,,kpszsu/posts/pfbid02MZ6XcRuDSNkLHf2Ck2w6E7v9WWiw1KMcQ8EbTvgzF4ybex4gUktiWpH7EkD1xU3Gl
2026-02-26 04:00,2026-02-26 07:00,C-400 and Iskander-M,Bryansk oblast and Rostov oblast,Ukraine,,11.0,4.0,,,{},,,,,,,,,,,kpszsu/posts/pfbid02MZ6XcRuDSNkLHf2Ck2w6E7v9WWiw1KMcQ8EbTvgzF4ybex4gUktiWpH7EkD1xU3Gl
2026-02-26 04:00,2026-02-26 07:00,3M22 Zircon,Crimea,Ukraine,,2.0,2.0,,,{},,,,,,,,,,,kpszsu/posts/pfbid02MZ6XcRuDSNkLHf2Ck2w6E7v9WWiw1KMcQ8EbTvgzF4ybex4gUktiWpH7EkD1xU3Gl
2026-02-26,2026-02-26,Unknown UAV,,south,,13.0,13.0,,,{},,,,,,,,,,,PvKPivden/posts/pfbid0243fHjG1qJ5biLYKdrwCfCgLFLgzfaDPHTyExt293J9Xak484R7EspWjAMwtvyihwl
2026-02-24 18:30,2026-02-25 07:30,Shahed-136/131,Kursk oblast and Bryansk oblast and Donetsk oblast,Ukraine,,115.0,95.0,0.0,2.0,{},60.0,11.0,0.0,,,,,"{'south': 13, 'east': NaN, 'north': NaN}",,,kpszsu/posts/pfbid03yqbvvDgZHEDZ2isGtBw5sGd7SDyc7HjaDGtveLziBkp9TepYoRUvAQfCuwfSyjnl
2026-02-25,2026-02-25,Unknown UAV,,south,,27.0,26.0,,,{},,,,,,,,,,,PvKPivden/posts/pfbid0fdJ7ErkFMtWU38ezJRMUaFuz61V6CvgR8tkkieA71PvBfRBojVrAEGL9Jy2XewMTl
2026-02-25,2026-02-25,Iskander-M,Crimea,Odesa oblast,,1.0,0.0,,,{},,,,,,,,,,,PvKPivden/posts/pfbid0fdJ7ErkFMtWU38ezJRMUaFuz61V6CvgR8tkkieA71PvBfRBojVrAEGL9Jy2XewMTl
2026-02-23 18:00,2026-02-24 08:30,Shahed-136/131,Primorsko-Akhtarsk and Kursk oblast and Bryansk oblast and Oryol oblast and Millerovo,Ukraine,,133.0,111.0,0.0,3.0,{},90.0,16.0,1.0,,,,,"{'south': 9, 'east': NaN, 'north': NaN}",,,kpszsu/posts/pfbid07zEhfj1tSutAREd2VkvX4LSuQUkB3wxU5ohkjpffwRD9PLZMvnxNKi9csFMMafzsl
2026-02-24,2026-02-24,Unknown UAV,,south,,12.0,12.0,,,{},,,,,,,,,,,PvKPivden/posts/pfbid021ATaMGbaShbCgypUojJtUqtwckHf2S8gmLVhuWWw4Yi2fGQpwCEb5AkaDouo3Kbdl
2026-02-22 18:00,2026-02-23 08:00,Shahed-136/131,"Primorsko-Akhtarsk and Chauda, Crimea and Kursk oblast and Bryansk oblast and Oryol oblast",Ukraine,,126.0,105.0,0.0,1.0,{},80.0,11.0,1.0,,,,,"{'south': 30, 'east': NaN, 'north': NaN}",,,kpszsu/posts/pfbid02fqCNknZ7m9x7qvLL8jZ9V75AFGFgXGQ8QWaFAp7VTZTMTRVGYhNXBaFgzhxqKkwDl
2026-02-22 18:00,2026-02-23 08:00,Iskander-M,Rostov oblast,Ukraine,,1.0,0.0,,,{},,,,,,,,,,,kpszsu/posts/pfbid02fqCNknZ7m9x7qvLL8jZ9V75AFGFgXGQ8QWaFAp7VTZTMTRVGYhNXBaFgzhxqKkwDl
2026-02-23,2026-02-23,Unknown UAV,,south,,30.0,30.0,,,{},,,,,,,,,,,PvKPivden/posts/pfbid02MBaeL2wQsHayikEYiQz2vvTcztrPxwvzFuyUy1TRD97ADMmAnfYmr3czMDJDJgqQl
2026-02-23,2026-02-23,Reconnaissance UAV,,south,,4.0,4.0,,,{},,,,,,,,,,,PvKPivden/posts/pfbid02MBaeL2wQsHayikEYiQz2vvTcztrPxwvzFuyUy1TRD97ADMmAnfYmr3czMDJDJgqQl
2026-02-23,2026-02-23,Iskander-M,Crimea,Odesa oblast,,1.0,0.0,,,{},,,,,,,,,,,PvKPivden/posts/pfbid02MBaeL2wQsHayikEYiQz2vvTcztrPxwvzFuyUy1TRD97ADMmAnfYmr3czMDJDJgqQl
2026-02-21 19:00,2026-02-22 10:00,Shahed-136/131,Primorsko-Akhtarsk and Kursk oblast and Bryansk oblast and Oryol oblast and Millerovo and Shatalovo,Ukraine,Kyiv oblast and Poltava oblast and Kirovohrad oblast and Odesa oblast,297.0,274.0,0.0,0.0,{},200.0,14.0,5.0,,,,,"{'south': 22, 'east': NaN, 'north': NaN}",,,kpszsu/posts/pfbid02keSs9mmjmBBcRL7vWrBCpw8eRWT4bCcPq8Gi6UBrrNGa4PeLku629XsN8FdfaaBJl
2026-02-22 04:00,2026-02-22 07:00,X-59/X-69,Donetsk oblast,Ukraine,,4.0,4.0,,,{},,,,,,,,,,,kpszsu/posts/pfbid02keSs9mmjmBBcRL7vWrBCpw8eRWT4bCcPq8Gi6UBrrNGa4PeLku629XsN8FdfaaBJl
2026-02-22 04:00,2026-02-22 07:00,X-101/X-555,Vologda oblast,Ukraine,,18.0,17.0,,,{},,,,,,,,,,,kpszsu/posts/pfbid02keSs9mmjmBBcRL7vWrBCpw8eRWT4bCcPq8Gi6UBrrNGa4PeLku629XsN8FdfaaBJl
2026-02-22 04:00,2026-02-22 07:00,Iskander-K,Kursk oblast,Ukraine,,2.0,2.0,,,{},,,,,,,,,,,kpszsu/posts/pfbid02keSs9mmjmBBcRL7vWrBCpw8eRWT4bCcPq8Gi6UBrrNGa4PeLku629XsN8FdfaaBJl
2026-02-22 04:00,2026-02-22 07:00,C-400 and Iskander-M,Bryansk oblast and Belgorod oblast and Donetsk oblast,Ukraine,,22.0,8.0,,,{},,,,,,,,,,,kpszsu/posts/pfbid02keSs9mmjmBBcRL7vWrBCpw8eRWT4bCcPq8Gi6UBrrNGa4PeLku629XsN8FdfaaBJl
2026-02-22 04:00,2026-02-22 05:00,3M22 Zircon,Crimea,Kyiv oblast,,4.0,2.0,,,{},,,,,,,,,,,kpszsu/posts/pfbid02keSs9mmjmBBcRL7vWrBCpw8eRWT4bCcPq8Gi6UBrrNGa4PeLku629XsN8FdfaaBJl
2026-02-22,2026-02-22,Unknown UAV,,south,,33.0,33.0,,,{},,,,,,,,,,,PvKPivden/posts/pfbid0Q6JyMudAxHkhzz2M7RcpGXqSb8mJXnRW7Vv4Nx5cLTVUfjL4upWR9BfU9n4itP8Vl
2026-02-22,2026-02-22,Reconnaissance UAV,,south,,6.0,6.0,,,{},,,,,,,,,,,PvKPivden/posts/pfbid0Q6JyMudAxHkhzz2M7RcpGXqSb8mJXnRW7Vv4Nx5cLTVUfjL4upWR9BfU9n4itP8Vl
2026-02-20 18:00,2026-02-21 08:30,Shahed-136/131,"Primorsko-Akhtarsk and Kursk oblast and Bryansk oblast and Oryol oblast and Shatalovo and Hvardiiske, Crimea",Ukraine,,120.0,106.0,0.0,1.0,{},80.0,11.0,8.0,,,,,"{'south': 17, 'east': NaN, 'north': NaN}",,,kpszsu/posts/pfbid02xQ8qBbBrooMrkfEoxVfzTCY475AUQ8T9fyBgKeNKUcizKZibZuJTakMu3XhQywsrl
2026-02-20 18:00,2026-02-21 08:30,Iskander-M,Voronezh oblast,Ukraine,,1.0,0.0,,,{},,,,,,,,,,,kpszsu/posts/pfbid02xQ8qBbBrooMrkfEoxVfzTCY475AUQ8T9fyBgKeNKUcizKZibZuJTakMu3XhQywsrl
2026-02-21,2026-02-21,Unknown UAV,,south,,28.0,28.0,,,{},,,,,,,,,,,PvKPivden/posts/pfbid0RPfY4WkZgtfDFAw9GpfPbFWpnnRb5FTUqe26dg636tDEk9ibpeWpZuMt2eVZC4F2l
2026-02-21,2026-02-21,Reconnaissance UAV,,south,,4.0,4.0,,,{},,,,,,,,,,,PvKPivden/posts/pfbid0RPfY4WkZgtfDFAw9GpfPbFWpnnRb5FTUqe26dg636tDEk9ibpeWpZuMt2eVZC4F2l
2026-02-19 18:00,2026-02-20 08:30,Shahed-136/131,Primorsko-Akhtarsk and Kursk oblast and Bryansk oblast and Oryol oblast and Shatalovo and Donetsk oblast,Ukraine,,128.0,107.0,0.0,0.0,{},80.0,14.0,1.0,,,,,"{'south': 10, 'east': NaN, 'north': NaN}",,,kpszsu/posts/pfbid02aRYX3235xz4AUKiJLpeuZhUwW3ZY1T3vGGHqBeWbtWtNywgBd7x25ZrP9nHJxBqal
2026-02-19 18:00,2026-02-20 08:30,Iskander-M,Rostov oblast,Ukraine,,1.0,0.0,,,{},,,,,,,,,,,kpszsu/posts/pfbid02aRYX3235xz4AUKiJLpeuZhUwW3ZY1T3vGGHqBeWbtWtNywgBd7x25ZrP9nHJxBqal
2026-02-20,2026-02-20,Unknown UAV,,south,,19.0,19.0,,,{},,,,,,,,,,,PvKPivden/posts/pfbid02JsaUTBgSZbAA7ALKjAkRmUBtay8ucp48VFaibmZLUA5K2QgwD1YF78wP8mmyi2fgl
2026-02-20,2026-02-20,Reconnaissance UAV,,south,,1.0,1.0,,,{},,,,,,,,,,,PvKPivden/posts/pfbid02JsaUTBgSZbAA7ALKjAkRmUBtay8ucp48VFaibmZLUA5K2QgwD1YF78wP8mmyi2fgl
2026-02-18 18:00,2026-02-19 08:30,Shahed-136/131,Kursk oblast and Bryansk oblast and Donetsk oblast,Ukraine,,37.0,29.0,0.0,0.0,{},20.0,4.0,0.0,,,,,"{'south': NaN, 'east': NaN, 'north': NaN}",,,kpszsu/posts/pfbid06VQvbfSf32WSwBfr2RYb85vunqRXkNzgHKybE1hTYDeiTKRHJwkkaGb5TU1UmTKRl
2026-02-19,2026-02-19,Unknown UAV,,south,,22.0,22.0,,,{},,,,,,,,,,,PvKPivden/posts/pfbid02beCm9NzNTZTkBp2i1Nx5td4vKmJ77b5dMjmBExBcvFQF2VVT3BUqzT3SFkX2UHoFl
2026-02-19,2026-02-19,Reconnaissance UAV,,south,,1.0,1.0,,,{},,,,,,,,,,,PvKPivden/posts/pfbid02beCm9NzNTZTkBp2i1Nx5td4vKmJ77b5dMjmBExBcvFQF2VVT3BUqzT3SFkX2UHoFl
2026-02-19,2026-02-19,Iskander-M,Crimea,Mykolaiv oblast,,1.0,0.0,,,{},,,,,,,,,,,PvKPivden/posts/pfbid02beCm9NzNTZTkBp2i1Nx5td4vKmJ77b5dMjmBExBcvFQF2VVT3BUqzT3SFkX2UHoFl
2026-02-17 18:00,2026-02-18 08:30,Shahed-136/131,"Primorsko-Akhtarsk and Kursk oblast and Bryansk oblast and Oryol oblast and Shatalovo and Hvardiiske, Crimea",Ukraine,,126.0,100.0,0.0,3.0,{},80.0,14.0,3.0,,,,,"{'south': 6, 'east': NaN, 'north': NaN}",,,kpszsu/posts/pfbid02zDXDrDwyKqN3TN55q85BFaEMmf3LFcPPjc7vGsPrxPEmGU9ZUY2TkTb3VneCjuUdl
2026-02-17 18:00,2026-02-18 08:30,Iskander-M,Crimea,Ukraine,,1.0,0.0,,,{},,,,,,,,,,,kpszsu/posts/pfbid02zDXDrDwyKqN3TN55q85BFaEMmf3LFcPPjc7vGsPrxPEmGU9ZUY2TkTb3VneCjuUdl
2026-02-16 18:00,2026-02-17 09:30,X-59/X-69,Donetsk oblast,Ukraine,,1.0,1.0,,,{},,,,,,,,,,,kpszsu/posts/pfbid0jQUXJnpiXAcHsfgDVYbkMFoPvL436RGexwnqgjV68drS7YJDCDJzPsLdP6eUAQTjl
2026-02-16 18:00,2026-02-17 09:30,Shahed-136/131,Primorsko-Akhtarsk and Kursk oblast and Bryansk oblast and Oryol oblast and Millerovo and Shatalovo,Ukraine,,396.0,367.0,0.0,11.0,{},250.0,13.0,8.0,,,,"['Lviv oblast', 'Ivano-Frankivsk oblast', 'Zaporizhzhia oblast', 'Dnipropetrovsk oblast', 'Kharkiv oblast', 'Donetsk oblast', 'Odesa oblast']","{'south': 59, 'west': 15, 'east': NaN, 'north': NaN}",,,kpszsu/posts/pfbid0jQUXJnpiXAcHsfgDVYbkMFoPvL436RGexwnqgjV68drS7YJDCDJzPsLdP6eUAQTjl
2026-02-16 18:00,2026-02-17 09:30,Iskander-M,Rostov oblast and Crimea,Ukraine,,4.0,0.0,,,{},,,,,,,,,,,kpszsu/posts/pfbid0jQUXJnpiXAcHsfgDVYbkMFoPvL436RGexwnqgjV68drS7YJDCDJzPsLdP6eUAQTjl
2026-02-16 18:00,2026-02-17 09:30,Iskander-K,Kursk oblast,Ukraine,,4.0,4.0,,,{},,,,,,,,,,,kpszsu/posts/pfbid0jQUXJnpiXAcHsfgDVYbkMFoPvL436RGexwnqgjV68drS7YJDCDJzPsLdP6eUAQTjl
2026-02-17 05:00,2026-02-17 08:00,X-101/X-555,Caspian Sea,Ukraine,,20.0,20.0,,,{},,,,,,,,"{'south': 10, 'west': 8}",,,kpszsu/posts/pfbid0jQUXJnpiXAcHsfgDVYbkMFoPvL436RGexwnqgjV68drS7YJDCDJzPsLdP6eUAQTjl
2026-02-17,2026-02-17,Молнія,,south,,26.0,26.0,,,{},,,,,,,,,,,PvKPivden/posts/pfbid02cJyJJPMxfvDysN549Yc5XazPhN3V3MFdtNrVEtUtu9y51kapEJweBB32XdRUnZF8l
2026-02-17,2026-02-17,Reconnaissance UAV,,south,,1.0,1.0,,,{},,,,,,,,,,,PvKPivden/posts/pfbid02cJyJJPMxfvDysN549Yc5XazPhN3V3MFdtNrVEtUtu9y51kapEJweBB32XdRUnZF8l
2026-02-15 18:00,2026-02-16 09:00,X-31P,Zaporizhzhia oblast,Ukraine,,1.0,0.0,,,{},,,,,,,,,,,kpszsu/posts/pfbid02FADHWssAwVCGqvfhSJy6p33grxhQjKQCN1RUdZkgqatdvT3wAGjhcQbcsjPBFnccl
2026-02-15 18:00,2026-02-16 09:00,Shahed-136/131,"Primorsko-Akhtarsk and Kursk oblast and Bryansk oblast and Millerovo and Shatalovo and Hvardiiske, Crimea",Ukraine,,62.0,52.0,0.0,1.0,{},40.0,8.0,2.0,,,,,"{'south': 1, 'east': NaN, 'north': NaN}",,,kpszsu/posts/pfbid02FADHWssAwVCGqvfhSJy6p33grxhQjKQCN1RUdZkgqatdvT3wAGjhcQbcsjPBFnccl
2026-02-15 18:00,2026-02-16 09:00,Iskander-M,Bryansk oblast,Ukraine,,1.0,0.0,,,{},,,,,,,,,,,kpszsu/posts/pfbid02FADHWssAwVCGqvfhSJy6p33grxhQjKQCN1RUdZkgqatdvT3wAGjhcQbcsjPBFnccl
2026-02-15 18:00,2026-02-16 09:00,3M22 Zircon,Crimea,Ukraine,,4.0,2.0,,,{},,,,,,,,,,,kpszsu/posts/pfbid02FADHWssAwVCGqvfhSJy6p33grxhQjKQCN1RUdZkgqatdvT3wAGjhcQbcsjPBFnccl
2026-02-16,2026-02-16,Молнія,,south,,23.0,23.0,,,{},,,,,,,,,,,PvKPivden/posts/pfbid02distXv8jGoNXQo4oP9nPxtVWQwRDXx4HMMjrahdomfu27LsRYuTDxFFsCyqg2KcSl
2026-02-16,2026-02-16,X-31,Black Sea,Odesa oblast,,1.0,0.0,1.0,,{},,,,Su-30,,,,,,,PvKPivden/posts/pfbid02distXv8jGoNXQo4oP9nPxtVWQwRDXx4HMMjrahdomfu27LsRYuTDxFFsCyqg2KcSl
2026-02-16,2026-02-16,Reconnaissance UAV,,south,,1.0,1.0,,,{},,,,,,,,,,,PvKPivden/posts/pfbid02distXv8jGoNXQo4oP9nPxtVWQwRDXx4HMMjrahdomfu27LsRYuTDxFFsCyqg2KcSl
2026-02-14 18:30,2026-02-15 08:00,Shahed-136/131,"Primorsko-Akhtarsk and Chauda, Crimea and Bryansk oblast and Millerovo and Hvardiiske, Crimea",Ukraine,,83.0,55.0,0.0,3.0,{},50.0,12.0,3.0,,,,,"{'south': 22, 'east': NaN, 'north': NaN}",,,kpszsu/posts/pfbid0GzUWTJ83g643MFnrtmZdGxn6tVf2dsGvZHZZp69F1R9rkfk458LrjPpVnKtMByvxl
2026-02-15,2026-02-15,Молнія,,south,,3.0,3.0,,,{},,,,,,,,,,,PvKPivden/posts/pfbid02AfkGxkTncqCgzPjcwqNkZRYp75qCsA5mbd9KkfWjYRYdxSzHNiv5EaU2dTqj8DPQl
2026-02-15,2026-02-15,Reconnaissance UAV,,south,,1.0,1.0,,,{},,,,,,,,,,,PvKPivden/posts/pfbid02AfkGxkTncqCgzPjcwqNkZRYp75qCsA5mbd9KkfWjYRYdxSzHNiv5EaU2dTqj8DPQl
2026-02-13 18:30,2026-02-14 08:30,Shahed-136/131,"Primorsko-Akhtarsk and Kursk oblast and Bryansk oblast and Oryol oblast and Hvardiiske, Crimea and Donetsk oblast",Ukraine,,112.0,91.0,0.0,3.0,{},70.0,11.0,2.0,,,,,"{'south': 6, 'west': 11, 'east': NaN, 'north': NaN}",,,kpszsu/posts/pfbid02c1AgHwW6Jw4opmxgGEA1bP8WHynLGaUtciiHxtdJ9Urq52GFf3NE4PnTD1YjeHzWl
2026-02-13 18:30,2026-02-14 08:30,Iskander-M,Kursk oblast,Ukraine,,1.0,0.0,,,{},,,,,,,,,,,kpszsu/posts/pfbid02c1AgHwW6Jw4opmxgGEA1bP8WHynLGaUtciiHxtdJ9Urq52GFf3NE4PnTD1YjeHzWl
2026-02-14,2026-02-14,Молнія,,south,,20.0,20.0,,,{},,,,,,,,,,,PvKPivden/posts/pfbid02z6RNnsh7nLkD38sPEkKnoAc8ywQhjhx7r51UaxCaMWPpDZ9JJg3X1VkqRBo2fABfl
2026-02-12 18:00,2026-02-13 08:30,Shahed-136/131,"Primorsko-Akhtarsk and Chauda, Crimea and Bryansk oblast and Oryol oblast and Hvardiiske, Crimea and Donetsk oblast",Ukraine,,154.0,111.0,0.0,21.0,{},100.0,18.0,2.0,,,,,"{'south': 39, 'west': 5, 'east': NaN, 'north': NaN}",,,kpszsu/posts/pfbid0aaH4n6vDGm2Td1RAHYwNKsSUxamJpdWX466Zh7eWBVwBciNuNoX4a2CtkGxXjXJQl
2026-02-12 18:00,2026-02-13 08:30,Iskander-M,Kursk oblast,Ukraine,,1.0,0.0,,,{},,,,,,,,,,,kpszsu/posts/pfbid0aaH4n6vDGm2Td1RAHYwNKsSUxamJpdWX466Zh7eWBVwBciNuNoX4a2CtkGxXjXJQl
2026-02-13,2026-02-13,X-31,Black Sea,Odesa oblast,,2.0,0.0,2.0,,{},,,,Su-30,,,,,,,PvKPivden/posts/pfbid036iqFYQeV2iW7idvNV16hd6v66CDZJMwgpmRTX98FU4ibT1AGbb688LztQD68nvQl
2026-02-13,2026-02-13,Unknown UAV,,south,,12.0,12.0,,,{},,,,,,,,,,,PvKPivden/posts/pfbid036iqFYQeV2iW7idvNV16hd6v66CDZJMwgpmRTX98FU4ibT1AGbb688LztQD68nvQl
2026-02-13,2026-02-13,Shahed-136/131,,west,,19.0,19.0,,,{},,,,,,,,,,,PvkZahid/posts/pfbid0S4YEZ5QDxEpNNQDqyfBqteZ1QLQUhP4Z6c8dVpMZPMkuMkRbc8qGwCMx2P6e3c2vl
2026-02-13,2026-02-13,Reconnaissance UAV,,south,,2.0,2.0,,,{},,,,,,,,,,,PvKPivden/posts/pfbid036iqFYQeV2iW7idvNV16hd6v66CDZJMwgpmRTX98FU4ibT1AGbb688LztQD68nvQl
2026-02-11 18:00,2026-02-12 09:00,X-59/X-69,Donetsk oblast,Ukraine,,1.0,1.0,,,{},,,,,,,,,,,kpszsu/posts/pfbid026CooA3neFjxHHGbAQFvqpD11x712ddGdtyKB6xUdzd2pPKUt7HgXdx2ZojqfpaWVl
2026-02-11 18:00,2026-02-12 09:00,Shahed-136/131,"Primorsko-Akhtarsk and Kursk oblast and Bryansk oblast and Oryol oblast and Millerovo and Hvardiiske, Crimea",Ukraine,Kyiv oblast and Kharkiv oblast and Dnipropetrovsk oblast and Odesa oblast,219.0,197.0,0.0,3.0,{},150.0,13.0,14.0,,,,,"{'south': 16, 'east': NaN, 'north': NaN}",,,kpszsu/posts/pfbid026CooA3neFjxHHGbAQFvqpD11x712ddGdtyKB6xUdzd2pPKUt7HgXdx2ZojqfpaWVl
2026-02-11 18:00,2026-02-12 09:00,C-300 and Iskander-M,Bryansk oblast and Voronezh oblast and Rostov oblast and Crimea,Ukraine,,24.0,15.0,,,{},,,,,,,,,,,kpszsu/posts/pfbid026CooA3neFjxHHGbAQFvqpD11x712ddGdtyKB6xUdzd2pPKUt7HgXdx2ZojqfpaWVl
2026-02-12,2026-02-12,Unknown UAV,,south,,27.0,27.0,,,{},,,,,,,,,,,PvKPivden/posts/pfbid0GXwE8LoWZVHNfqDRktNvmZMErGNCa9M74rvxfSa4QNd3fwuJ8CzfgHdCHs7YBgoJl
2026-02-11 14:40,2026-02-11 15:20,X-47 Kinzhal,Nizhny Novgorod oblast,Ukraine,,3.0,0.0,3.0,,{},,,,MiG-31K,,,,,,,kpszsu/posts/pfbid02tRG3H6MzKMJV9vT8eS2QSXd6otRKeZiwaTebDt2MYY7kqk453GvcMANTc9NsXkDWl
2026-02-10 18:30,2026-02-11 08:00,Shahed-136/131,Primorsko-Akhtarsk and Kursk oblast and Bryansk oblast and Millerovo and Donetsk oblast,Ukraine,,129.0,112.0,0.0,2.0,{},80.0,8.0,0.0,,,,,"{'south': 19, 'east': NaN, 'north': NaN}",,,kpszsu/posts/pfbid01Ugzv72HoTFty6pNeofpysWXVq46XwFe98KFmzjimmFxvBCA63GM9tnoYu1U51RVl
2026-02-11,2026-02-11,X-31PD,Black Sea,Odesa oblast,,1.0,0.0,1.0,,{},,,,Su-30,,,,,,,PvKPivden/posts/pfbid02aE5A49keFXD6DEtkLoopGfdh4CRWDdM9WvWi2TBKCBxmgR4Mf6EeRxQN9C51F2Mgl
2026-02-11,2026-02-11,Unknown UAV,,south,,28.0,28.0,,,{},,,,,,,,,,,PvKPivden/posts/pfbid02aE5A49keFXD6DEtkLoopGfdh4CRWDdM9WvWi2TBKCBxmgR4Mf6EeRxQN9C51F2Mgl
2026-02-11,2026-02-11,Reconnaissance UAV,,south,,2.0,2.0,,,{},,,,,,,,,,,PvKPivden/posts/pfbid02aE5A49keFXD6DEtkLoopGfdh4CRWDdM9WvWi2TBKCBxmgR4Mf6EeRxQN9C51F2Mgl
2026-02-09 18:00,2026-02-10 08:30,Shahed-136/131,Primorsko-Akhtarsk and Kursk oblast and Bryansk oblast and Oryol oblast and Millerovo and Shatalovo,Ukraine,,125.0,110.0,0.0,2.0,{},80.0,6.0,2.0,,,,,"{'south': 19, 'east': NaN, 'north': NaN}",,,kpszsu/posts/pfbid0g215Hqf9zHQ5V7CSzWkYFFuzzHAzLSXN9WzNggr1X88kChiSay9RCUWhe9ftjPpel
2026-02-10,2026-02-10,X-31,Black Sea,Odesa oblast,,1.0,0.0,,,{},,,,Su-30,,,,,,,PvKPivden/posts/pfbid05BWLtkayuTctg6hxsBEqGTbaHYJC9dQhf4e5x7LnF61bfnh2gGw5fc4XPPL7ohnQl
2026-02-10,2026-02-10,Unknown UAV,,south,,26.0,26.0,,,{},,,,,,,,,,,PvKPivden/posts/pfbid05BWLtkayuTctg6hxsBEqGTbaHYJC9dQhf4e5x7LnF61bfnh2gGw5fc4XPPL7ohnQl
2026-02-10,2026-02-10,Reconnaissance UAV,,south,,5.0,5.0,,,{},,,,,,,,,,,PvKPivden/posts/pfbid05BWLtkayuTctg6hxsBEqGTbaHYJC9dQhf4e5x7LnF61bfnh2gGw5fc4XPPL7ohnQl
2026-02-08 17:30,2026-02-09 09:30,Shahed-136/131,"Primorsko-Akhtarsk and Kursk oblast and Bryansk oblast and Oryol oblast and Shatalovo and Hvardiiske, Crimea and Donetsk oblast",Ukraine,,149.0,116.0,0.0,10.0,{},90.0,15.0,6.0,,,,,"{'south': 12, 'west': 3, 'east': NaN, 'north': NaN, 'center': NaN}",,,kpszsu/posts/pfbid0eQC1TkLkX6yXBzXHUoC47yHp41kcLghmTpaTCbDHqCmqF5CmJ5YfDV7FgRpxuzQsl
2026-02-08 17:30,2026-02-09 09:30,Iskander-M,Bryansk oblast,Ukraine,,11.0,0.0,,,{},,,,,,,,,,,kpszsu/posts/pfbid0eQC1TkLkX6yXBzXHUoC47yHp41kcLghmTpaTCbDHqCmqF5CmJ5YfDV7FgRpxuzQsl
2026-02-09,2026-02-09,Молнія,,south,,24.0,24.0,,,{},,,,,,,,,,,PvKPivden/posts/pfbid02P1wfuxtz9dKDbFp6yXrYQdKiPP5PciqsnWQ77XgWDBMiSZpWkhPx144vrFCLo2jQl
2026-02-09,2026-02-09,Reconnaissance UAV,,south,,2.0,2.0,,,{},,,,,,,,,,,PvKPivden/posts/pfbid02P1wfuxtz9dKDbFp6yXrYQdKiPP5PciqsnWQ77XgWDBMiSZpWkhPx144vrFCLo2jQl
2026-02-07 18:00,2026-02-08 08:30,Shahed-136/131,Primorsko-Akhtarsk and Kursk oblast and Bryansk oblast and Oryol oblast and Shatalovo,Ukraine,,101.0,69.0,0.0,0.0,{},70.0,13.0,1.0,,,,,"{'south': 11, 'west': 3, 'east': NaN, 'north': NaN, 'center': NaN}",,,kpszsu/posts/pfbid0emp8PQVvfF6nJsWas4j7jV573z9kT3NAf5g3EHK53ZWnuUDPVsFgVhrwPzfhq5Ngl
2026-02-08,2026-02-08,Молнія,,south,,31.0,31.0,,,{},,,,,,,,,,,PvKPivden/posts/pfbid02dcYFyoxo2kGfMZbJub4ova2Rxg2G3FYSRLHwzhbVzvUkeB1Lv7Py1x2qAQPeHPBxl
2026-02-06 19:00,2026-02-07 10:30,Shahed-136/131,"Primorsko-Akhtarsk and Kursk oblast and Bryansk oblast and Oryol oblast and Millerovo and Shatalovo and Hvardiiske, Crimea and Donetsk oblast",Ukraine,Lviv oblast and Ivano-Frankivsk oblast and Rivne oblast and Vinnytsia oblast,408.0,382.0,0.0,5.0,{},250.0,19.0,3.0,,,,,"{'south': 9, 'west': 65, 'east': NaN, 'north': NaN, 'center': NaN}",,,kpszsu/posts/pfbid02CZcDiHL4AMfPNjuL3T8g4Pt7NVQqyQZMnPpxsqYFUd2butHEpVnRz1V4h7kEgFbjl
2026-02-07 05:00,2026-02-07 07:30,X-101/X-555,Caspian Sea,Ukraine,,21.0,14.0,,,{},,,,,,,,,,,kpszsu/posts/pfbid0SyvTrtmBdBfWqr74VrhCWL4cR8fGmUTD4aE1ccv6kwqXivDYBJQLaQMUGvLRJZxyl
2026-02-07 02:30,2026-02-07 07:30,Kalibr,Black Sea,Ukraine,,16.0,10.0,,,{},,,,Navi,,,,,,,kpszsu/posts/pfbid0SyvTrtmBdBfWqr74VrhCWL4cR8fGmUTD4aE1ccv6kwqXivDYBJQLaQMUGvLRJZxyl
2026-02-07 04:00,2026-02-07 04:10,3M22 Zircon,Crimea,Kyiv oblast,,2.0,0.0,,,{},,,,,,,,,,,kpszsu/posts/pfbid02CZcDiHL4AMfPNjuL3T8g4Pt7NVQqyQZMnPpxsqYFUd2butHEpVnRz1V4h7kEgFbjl
2026-02-05 18:00,2026-02-06 12:30,X-59/X-69,,Ukraine,,5.0,0.0,2.0,,{},,,,,,,,,,,kpszsu/posts/pfbid02xRf69RszXrjjEP5qEKQsdZUim2d684iaTaR3xfxXS9uPztPFMcTJ8CjyBnfT3xfhl
2026-02-05 18:00,2026-02-06 12:30,X-47 Kinzhal,,Ukraine,,2.0,0.0,2.0,,{},,,,MiG-31K,,,,,,,kpszsu/posts/pfbid02xRf69RszXrjjEP5qEKQsdZUim2d684iaTaR3xfxXS9uPztPFMcTJ8CjyBnfT3xfhl
2026-02-05 18:00,2026-02-06 12:30,Shahed-136/131,Primorsko-Akhtarsk and Kursk oblast and Bryansk oblast and Oryol oblast and Millerovo and Donetsk oblast,Ukraine,,328.0,297.0,0.0,9.0,{},200.0,14.0,2.0,,,,,"{'south': 17, 'west': 2, 'east': NaN, 'north': NaN, 'center': NaN}",,,kpszsu/posts/pfbid02xRf69RszXrjjEP5qEKQsdZUim2d684iaTaR3xfxXS9uPztPFMcTJ8CjyBnfT3xfhl
2026-02-06,2026-02-06,Молнія,,south,,9.0,9.0,,,{},,,,,,,,,,,PvKPivden/posts/pfbid02VZ7v9A4HmT7nhdSMz2DUCnCNUeYijviw8v89EdqRfuvP1DzW4kSjSwWK4ZLZRNNsl
2026-02-04 18:00,2026-02-05 08:00,Shahed-136/131,Primorsko-Akhtarsk and Kursk oblast and Bryansk oblast and Oryol oblast and Millerovo and Donetsk oblast,Ukraine,,183.0,156.0,0.0,7.0,{},110.0,16.0,7.0,,,,,"{'south': NaN, 'east': NaN, 'north': NaN, 'center': NaN}",,,kpszsu/posts/pfbid0yFbjVSuiKagC9jP8ybhR4fZWqcPzH9qWFoEv1A2v5qdGBN3X1pYhtNRUnKAyF6sPl
2026-02-04 18:00,2026-02-05 08:00,Iskander-M,Crimea,Ukraine,,2.0,0.0,,,{},,,,,,,,,,,kpszsu/posts/pfbid0yFbjVSuiKagC9jP8ybhR4fZWqcPzH9qWFoEv1A2v5qdGBN3X1pYhtNRUnKAyF6sPl
2026-02-05,2026-02-05,Молнія,,south,,9.0,9.0,,,{},,,,,,,,,,,PvKPivden/posts/pfbid0nWmzXorX2LiVBsJGXpgo3AkJhN56Tnj94hTQMYFeFdVjTG8KcqJHnMxdgTcdwC5ul
2026-02-05,2026-02-05,Shahed-136/131,,Lviv oblast,,1.0,1.0,,,{},,,,,,,,,,,PvkZahid/posts/pfbid02eB5it2g8VHYSWspWup4FWyVj65BnMoysCw2jHJMk3MAJE7R9TQ5MeTxTpnWMcsiwl
2026-02-05,2026-02-05,Reconnaissance UAV,,south,,1.0,1.0,,,{},,,,,,,,,,,PvKPivden/posts/pfbid0nWmzXorX2LiVBsJGXpgo3AkJhN56Tnj94hTQMYFeFdVjTG8KcqJHnMxdgTcdwC5ul
2026-02-03 19:00,2026-02-04 08:00,Shahed-136/131,"Primorsko-Akhtarsk and Chauda, Crimea and Bryansk oblast and Oryol oblast and Donetsk oblast",Ukraine,,105.0,88.0,0.0,0.0,{},70.0,14.0,5.0,,,,,"{'south': 26, 'east': NaN, 'north': NaN, 'center': NaN}",,,kpszsu/posts/pfbid0bBSMPJdLHzir3A9iDkocUa2YY6NN78ZZ4ZYTZ2K7MoyAMH3ZHtjk1CX4t6VfZD47l
2026-02-04,2026-02-04,Unknown UAV,,south,,17.0,17.0,,,{},,,,,,,,,,,PvKPivden/posts/pfbid02N2w43XSvfNEqZsFUXL5wUTF59hB6MKuW1twohevWPhmCx4YHEdz8AfWVFs2S54Qzl
2026-02-04,2026-02-04,Reconnaissance UAV,,south,,2.0,2.0,,,{},,,,,,,,,,,PvKPivden/posts/pfbid02N2w43XSvfNEqZsFUXL5wUTF59hB6MKuW1twohevWPhmCx4YHEdz8AfWVFs2S54Qzl
2026-02-02 18:00,2026-02-03 09:30,X-22 and X-32,Bryansk oblast,Kyiv oblast,,7.0,3.0,,,{},,,,,,,,,,,kpszsu/posts/pfbid0219MYLf91ei1mY69nNHj1QJ8hMfvh5q1FvGs3BWXfVAgRWnhLjRpvEptau2pGLHK9l
2026-02-02 18:00,2026-02-03 09:30,X-101/X-555 and Iskander-K,Caspian Sea and Kursk oblast,Ukraine,,28.0,20.0,,,{},,,,,,,,{'south': 6},,,kpszsu/posts/pfbid0219MYLf91ei1mY69nNHj1QJ8hMfvh5q1FvGs3BWXfVAgRWnhLjRpvEptau2pGLHK9l
2026-02-02 18:00,2026-02-03 09:30,Shahed-136/131,Primorsko-Akhtarsk and Kursk oblast and Bryansk oblast and Oryol oblast and Millerovo and Shatalovo,Ukraine,Kyiv oblast and Kharkiv oblast and Dnipropetrovsk oblast and Vinnytsia oblast and Odesa oblast,450.0,412.0,0.0,7.0,{},300.0,27.0,17.0,,,,"['Kyiv oblast', 'Kharkiv oblast', 'Zaporizhzhia oblast', 'Dnipropetrovsk oblast', 'Donetsk oblast', 'Vinnytsia oblast', 'Odesa oblast', 'Sumy oblast', 'Chernihiv oblast', 'Poltava oblast']","{'south': 55, 'east': NaN, 'north': NaN, 'center': NaN}",,,kpszsu/posts/pfbid0219MYLf91ei1mY69nNHj1QJ8hMfvh5q1FvGs3BWXfVAgRWnhLjRpvEptau2pGLHK9l
2026-02-02 18:00,2026-02-03 09:30,C-300 and Iskander-M,Bryansk oblast and Crimea,Ukraine,,32.0,11.0,,,{},,,,,,,,,,,kpszsu/posts/pfbid0219MYLf91ei1mY69nNHj1QJ8hMfvh5q1FvGs3BWXfVAgRWnhLjRpvEptau2pGLHK9l
2026-02-02 18:00,2026-02-03 09:30,3M22 Zircon,Crimea,Kyiv oblast,,4.0,4.0,,,{},,,,,,,,,,,kpszsu/posts/pfbid0219MYLf91ei1mY69nNHj1QJ8hMfvh5q1FvGs3BWXfVAgRWnhLjRpvEptau2pGLHK9l
2026-02-03,2026-02-03,Unknown UAV,,south,,14.0,14.0,,,{},,,,,,,,,,,PvKPivden/posts/pfbid0pxrcx4vhoD3NSXBQ33MddRP9Gs4DTkk9LJNnhD9EZpCyq9bkY9JRvAv7a1KY59wTl
2026-02-03,2026-02-03,Reconnaissance UAV,,south,,1.0,1.0,,,{},,,,,,,,,,,PvKPivden/posts/pfbid0pxrcx4vhoD3NSXBQ33MddRP9Gs4DTkk9LJNnhD9EZpCyq9bkY9JRvAv7a1KY59wTl
2026-02-01 18:00,2026-02-02 09:00,Shahed-136/131,Primorsko-Akhtarsk and Kursk oblast and Oryol oblast and Millerovo and Donetsk oblast,Ukraine,,171.0,157.0,0.0,2.0,{},100.0,8.0,0.0,,,,,"{'south': 18, 'east': NaN, 'north': NaN}",,,kpszsu/posts/pfbid02EzhmP1gy4PMTnvWXAbbhDxrWfDrNYw5YgcCuv8EGTpUYqVhNQv1ydgBqVzYcuT7Kl
2026-02-01 18:00,2026-02-02 09:00,Iskander-M,Crimea,Ukraine,,1.0,0.0,,,{},,,,,,,,,,,kpszsu/posts/pfbid02EzhmP1gy4PMTnvWXAbbhDxrWfDrNYw5YgcCuv8EGTpUYqVhNQv1ydgBqVzYcuT7Kl
2026-02-02,2026-02-02,Unknown UAV,,south,,26.0,26.0,,,{},,,,,,,,,,,PvKPivden/posts/pfbid03816b3Yz3LivixTt1gskBYF4hJEKrj9wLMwrXTXiaUUF7FtUUCfnj8f8ZRFJax88Vl
2026-02-02,2026-02-02,Reconnaissance UAV,,south,,3.0,3.0,,,{},,,,,,,,,,,PvKPivden/posts/pfbid03816b3Yz3LivixTt1gskBYF4hJEKrj9wLMwrXTXiaUUF7FtUUCfnj8f8ZRFJax88Vl
2026-01-31 18:00,2026-02-01 08:30,Shahed-136/131,Primorsko-Akhtarsk and Kursk oblast and Bryansk oblast and Oryol oblast and Donetsk oblast,Ukraine,,90.0,76.0,0.0,0.0,{},60.0,9.0,2.0,,,,,"{'east': NaN, 'north': NaN}",,,kpszsu/posts/pfbid05aetptuzeDuLmpAR9mRFACxL8adQiCtYDa1r9DKzvKb3NKuSZn14uwHZRpapDG57l
2026-02-01,2026-02-01,Unknown UAV,,south,,23.0,23.0,,,{},,,,,,,,,,,PvKPivden/posts/pfbid02NQE7x74aLWdmBsAvmBjTTW1hgk38KFg1CwiSeVtTsxoKXNsTJb89sf9V7n5baLFtl
2026-02-01,2026-02-01,Reconnaissance UAV,,south,,2.0,2.0,,,{},,,,,,,,,,,PvKPivden/posts/pfbid02NQE7x74aLWdmBsAvmBjTTW1hgk38KFg1CwiSeVtTsxoKXNsTJb89sf9V7n5baLFtl
2026-01-30 17:40,2026-01-31 08:00,Shahed-136/131,Primorsko-Akhtarsk and Oryol oblast and Millerovo,Ukraine,,85.0,64.0,0.0,1.0,{},55.0,13.0,0.0,,,,,"{'south': NaN, 'east': NaN, 'north': NaN}",,,kpszsu/posts/pfbid0qFnJ7JiGVj75DJuZTFF1hUJgMaNR5d7DxFBkm85RaZ57XJW75yNbnxpCd3G7Db55l
2026-01-29 18:00,2026-01-30 08:00,Shahed-136/131,Primorsko-Akhtarsk and Kursk oblast and Bryansk oblast and Oryol oblast and Millerovo and Donetsk oblast,Ukraine,,111.0,80.0,0.0,6.0,{},70.0,15.0,2.0,,,,,"{'south': 2, 'east': NaN, 'north': NaN, 'center': NaN}",,,kpszsu/posts/pfbid0wiUs5RZutpLCuhpxLGVhaiN99Fz822Migp1F9ixtTjoGUziqtdQBhY9iHYAwmXgGl
2026-01-29 18:00,2026-01-30 08:00,Iskander-M,Voronezh oblast,Ukraine,,1.0,0.0,,,{},,,,,,,,,,,kpszsu/posts/pfbid0wiUs5RZutpLCuhpxLGVhaiN99Fz822Migp1F9ixtTjoGUziqtdQBhY9iHYAwmXgGl
2026-01-30,2026-01-30,Unknown UAV,,south,,6.0,6.0,,,{},,,,,,,,,,,PvKPivden/posts/pfbid02yb9KVrdWBvPHerGGDZBdtwXpgfhaPoxYPNA2gqVT3T4oCAWP1SVrc3UDtKorpi5zl
2026-01-28 18:00,2026-01-29 08:30,Shahed-136/131,"Primorsko-Akhtarsk and Bryansk oblast and Oryol oblast and Millerovo and Hvardiiske, Crimea and Donetsk oblast",Ukraine,,105.0,84.0,0.0,3.0,{},70.0,7.0,0.0,,,,,"{'west': 6, 'south': 10, 'east': NaN, 'north': NaN, 'center': NaN}",,,kpszsu/posts/pfbid023vKxYk97C6iD8NY1WLuvrYnKMeFdc1T4ibYALLQqRDr4XA22u93c9qmeSRv8NSV8l
2026-01-29,2026-01-29,Молнія,,south,,16.0,16.0,,,{},,,,,,,,,,,PvKPivden/posts/pfbid0Uz2RQ9bXq2g56jFHmqLrhF3CkyJLbBrX3UpxdkRkKjLAauRf4wg4pCxwQoCMAK3sl
2026-01-28 08:00,2026-01-28 10:30,Shahed-136/131,,Rivne oblast and Volyn oblast,,6.0,6.0,,,{},,,,,,,,,,,PvkZahid/posts/pfbid09dtZLo8qUZQYv4kB7EuND3FX8SAH76WpxUSkE8NF1JErofTuxupJ9aEBqzbP2gP8l
2026-01-27 18:00,2026-01-28 09:00,Shahed-136/131,"Primorsko-Akhtarsk and Chauda, Crimea and Kursk oblast and Oryol oblast and Hvardiiske, Crimea",Ukraine,,146.0,103.0,0.0,7.0,{},90.0,22.0,0.0,,,,,"{'south': 31, 'east': NaN, 'north': NaN, 'center': NaN}",,,kpszsu/posts/pfbid02LxgJ4RDHFpsehprWzgHeKDbj8WZyzkcnkYQjSbsnTaPnRgtXUdNsjM9DRme5oxrZl
2026-01-27 18:00,2026-01-28 09:00,Iskander-M,Rostov oblast,Ukraine,,1.0,0.0,,,{},,,,,,,,,,,kpszsu/posts/pfbid02LxgJ4RDHFpsehprWzgHeKDbj8WZyzkcnkYQjSbsnTaPnRgtXUdNsjM9DRme5oxrZl
2026-01-28,2026-01-28,Unknown UAV,,south,,7.0,7.0,,,{},,,,,,,,,,,PvKPivden/posts/pfbid02tYMKL2uXYxsogYrKFNSPUXxGgri44vUiuV5zhzSviYA7hTqkkuTAgNxWb5139pGtl
2026-01-28,2026-01-28,Reconnaissance UAV,,south,,4.0,4.0,,,{},,,,,,,,,,,PvKPivden/posts/pfbid02tYMKL2uXYxsogYrKFNSPUXxGgri44vUiuV5zhzSviYA7hTqkkuTAgNxWb5139pGtl
2026-01-27 08:00,2026-01-27 15:00,Shahed-136/131,,west,,3.0,3.0,,,{},,,,,,,,,,,PvkZahid/posts/pfbid0jVhvNQRHFsehjrmz41FDivSZisN8RMF3QrVoYEJeqSBWvTqCi1QoGsm3e4Si6K8cl
2026-01-26 18:00,2026-01-27 08:00,Shahed-136/131,"Primorsko-Akhtarsk and Chauda, Crimea and Kursk oblast and Bryansk oblast and Oryol oblast and Millerovo and Hvardiiske, Crimea",Ukraine,,165.0,135.0,0.0,6.0,{},100.0,14.0,9.0,,,,,"{'south': 47, 'east': NaN, 'north': NaN, 'center': NaN}",,,kpszsu/posts/pfbid02BniSyzFyKz1R3epTKNuPtVbmX74QSJCdRSXFA9LAASyUZ5FFBJaQ3VehpWGWP4mzl
2026-01-27,2026-01-27,Unknown UAV,,south,,17.0,17.0,,,{},,,,,,,,,,,PvKPivden/posts/pfbid0vuQjM8ieQcqGdyeGM46sgkk6fcVUp5rjXrc6ae8F7pf9Pds13uvki43HXazE2JWTl
2026-01-25 18:00,2026-01-26 08:00,Shahed-136/131,Primorsko-Akhtarsk and Kursk oblast and Bryansk oblast and Oryol oblast and Millerovo and Donetsk oblast,Ukraine,,138.0,110.0,0.0,7.0,{},90.0,11.0,1.0,,,,,"{'east': NaN, 'north': NaN}",,,kpszsu/posts/pfbid02U8EhXwXerdZyx2CgXtNvQbLLVPVPQVH2djNpE5EHjmFDhBgV6ah175AUR2yRdrfl
2026-01-26,2026-01-26,Unknown UAV,,south,,5.0,5.0,,,{},,,,,,,,,,,PvKPivden/posts/pfbid0271sHaE1HutvfbbuAzQfAZn34RNcW1CKZxWQvBMpK11p86bDoyazgKa8hvJwAdNAbl
2026-01-24 18:30,2026-01-25 08:30,Shahed-136/131,Kursk oblast and Bryansk oblast and Oryol oblast and Shatalovo and Donetsk oblast,Ukraine,,102.0,87.0,0.0,0.0,{},70.0,10.0,1.0,,,,,"{'south': NaN, 'east': NaN, 'north': NaN, 'center': NaN}",,,kpszsu/posts/pfbid02U8EhXwXerdZyx2CgXtNvQbLLVPVPQVH2djNpE5EHjmFDhBgV6ah175AUR2yRdrfl
2026-01-24 18:30,2026-01-25 08:30,C-300 and Iskander-M,Bryansk oblast,Ukraine,,2.0,0.0,,,{},,,,,,,,,,,kpszsu/posts/pfbid02U8EhXwXerdZyx2CgXtNvQbLLVPVPQVH2djNpE5EHjmFDhBgV6ah175AUR2yRdrfl
2026-01-25,2026-01-25,Молнія,,south,,23.0,23.0,,,{},,,,,,,,,,,PvKPivden/posts/pfbid025mMMxRDqdnSvk7XEXKsSBmWCGB3csH3tvccDft86DUpBjUHqoW2zNyHYAp2MSdaMl
2026-01-23 18:00,2026-01-24 09:00,X-59/X-69,Kursk oblast,Ukraine,,1.0,1.0,,,{},,,,,,,,,,,kpszsu/posts/pfbid026zSsHtGvKqUqgU2FWshKhBKGMuh5ddWr39BhKdUHXXqHxWQAiw8Xm3E4PxSG23J1l
2026-01-23 18:00,2026-01-24 09:00,X-22 and X-32,Bryansk oblast,Kyiv oblast,,12.0,9.0,,,{},,,,,,,,,,,kpszsu/posts/pfbid026zSsHtGvKqUqgU2FWshKhBKGMuh5ddWr39BhKdUHXXqHxWQAiw8Xm3E4PxSG23J1l
2026-01-23 18:00,2026-01-24 09:00,Shahed-136/131,Kursk oblast and Bryansk oblast and Oryol oblast and Millerovo and Shatalovo and Donetsk oblast,Ukraine,Kyiv oblast,375.0,357.0,0.0,0.0,{},250.0,17.0,12.0,,,,"['Kyiv oblast', 'Kharkiv oblast']","{'south': NaN, 'east': NaN, 'north': NaN, 'center': NaN}",,,kpszsu/posts/pfbid026zSsHtGvKqUqgU2FWshKhBKGMuh5ddWr39BhKdUHXXqHxWQAiw8Xm3E4PxSG23J1l
2026-01-23 18:00,2026-01-24 09:00,C-300 and Iskander-M,Bryansk oblast and Crimea,Ukraine,,6.0,5.0,,,{},,,,,,,,,,,kpszsu/posts/pfbid026zSsHtGvKqUqgU2FWshKhBKGMuh5ddWr39BhKdUHXXqHxWQAiw8Xm3E4PxSG23J1l
2026-01-23 18:00,2026-01-24 09:00,3M22 Zircon,Crimea,Kyiv oblast,,2.0,0.0,,,{},,,,,,,,,,,kpszsu/posts/pfbid026zSsHtGvKqUqgU2FWshKhBKGMuh5ddWr39BhKdUHXXqHxWQAiw8Xm3E4PxSG23J1l
2026-01-24,2026-01-24,Unknown UAV,,south,,33.0,33.0,,,{},,,,,,,,,,,PvKPivden/posts/pfbid0Diz175kFSv8Tb43nxG9bfno4J6Z27Prgkw9rfsetnReRLVRwquVaPVXTXjLnpuKEl
2026-01-22 20:00,2026-01-23 08:00,Shahed-136/131,Primorsko-Akhtarsk and Kursk oblast and Oryol oblast and Millerovo and Shatalovo and Donetsk oblast,Ukraine,,101.0,76.0,0.0,6.0,{},60.0,12.0,0.0,,,,,"{'south': NaN, 'east': 30, 'north': NaN, 'center': NaN}",,,kpszsu/posts/pfbid02wpUxkERSy3utbvJoK2oxqZ9givVK1ytzKtco1xUzCrm8keXj9Pxb8Hwn3qEMCw7Dl
2026-01-23,2026-01-23,Молнія,,south,,21.0,21.0,,,{},,,,,,,,,,,PvKPivden/posts/pfbid02KbptVv6Vmt8XSTU6rvRXtZ93GisjxkhrDK2dNd6XM61AvRkJ6Wtk6toi5yfBVZkCl
2026-01-21 18:00,2026-01-22 09:00,Shahed-136/131,"Primorsko-Akhtarsk and Chauda, Crimea and Kursk oblast and Oryol oblast and Millerovo and Hvardiiske, Crimea",Ukraine,,94.0,80.0,0.0,4.0,{},55.0,10.0,4.0,,,,,"{'south': 28, 'east': NaN, 'north': NaN, 'center': NaN}",,,kpszsu/posts/pfbid02uEx8jh69AzNH6zNQLDuxJ7UKLCnfNMLzc5buHQTCMiba77K9Z1xzPM7hqNvjwKCl
2026-01-20 18:00,2026-01-21 08:30,Shahed-136/131,"Primorsko-Akhtarsk and Chauda, Crimea and Kursk oblast and Oryol oblast and Millerovo and Donetsk oblast",Ukraine,,97.0,84.0,0.0,0.0,{},70.0,11.0,1.0,,,,,"{'south': 13, 'west': 4, 'east': NaN, 'north': NaN, 'center': NaN}",,,kpszsu/posts/pfbid02uEx8jh69AzNH6zNQLDuxJ7UKLCnfNMLzc5buHQTCMiba77K9Z1xzPM7hqNvjwKCl
2026-01-20 18:00,2026-01-21 08:30,Iskander-M,Crimea,Ukraine,,1.0,0.0,,,{},,,,,,,,,,,kpszsu/posts/pfbid02uEx8jh69AzNH6zNQLDuxJ7UKLCnfNMLzc5buHQTCMiba77K9Z1xzPM7hqNvjwKCl
2026-01-21,2026-01-21,Молнія,,south,,9.0,9.0,,,{},,,,,,,,,,,PvKPivden/posts/pfbid02wrtGJDkHiBtwNCdSMezdgvDGffCjhQRgZ5YjSYNm3zzj1BaJfE29LX6J9yURB3atl
2026-01-21,2026-01-21,X-22,Black Sea,Mykolaiv oblast,,1.0,0.0,,,{},,,,Tu-22M3,,,,,,,PvKPivden/posts/pfbid02wrtGJDkHiBtwNCdSMezdgvDGffCjhQRgZ5YjSYNm3zzj1BaJfE29LX6J9yURB3atl
2026-01-21,2026-01-21,Reconnaissance UAV,,south,,2.0,2.0,,,{},,,,,,,,,,,PvKPivden/posts/pfbid02wrtGJDkHiBtwNCdSMezdgvDGffCjhQRgZ5YjSYNm3zzj1BaJfE29LX6J9yURB3atl
2026-01-19 19:00,2026-01-20 10:00,X-101/X-555,Vologda oblast,Ukraine,,15.0,13.0,,,{},,,,,,,,,,,kpszsu/posts/pfbid0JL7FQAMHMqhW722B1fPd3ZySSap2eu8yXAceFC4su6t3uSeUsV966AAKiQAjPH17l
2026-01-19 19:00,2026-01-20 10:00,Shahed-136/131,"Primorsko-Akhtarsk and Chauda, Crimea and Kursk oblast and Bryansk oblast and Oryol oblast and Millerovo and Shatalovo and Hvardiiske, Crimea and Donetsk oblast",Ukraine,Kyiv oblast,339.0,315.0,0.0,0.0,{},250.0,11.0,12.0,,,,"['Kyiv oblast', 'Rivne oblast', 'Kharkiv oblast', 'Odesa oblast', 'Dnipropetrovsk oblast', 'Zaporizhzhia oblast']","{'south': 22, 'west': 4, 'east': NaN, 'north': NaN, 'center': NaN}",,,kpszsu/posts/pfbid0JL7FQAMHMqhW722B1fPd3ZySSap2eu8yXAceFC4su6t3uSeUsV966AAKiQAjPH17l
2026-01-19 19:00,2026-01-20 10:00,C-300 and Iskander-M,Bryansk oblast and Rostov oblast,Ukraine,,18.0,14.0,,,{},,,,,,,,,,,kpszsu/posts/pfbid0JL7FQAMHMqhW722B1fPd3ZySSap2eu8yXAceFC4su6t3uSeUsV966AAKiQAjPH17l
2026-01-19 19:00,2026-01-20 10:00,3M22 Zircon,Crimea,Ukraine,,1.0,0.0,,,{},,,,,,,,,,,kpszsu/posts/pfbid0JL7FQAMHMqhW722B1fPd3ZySSap2eu8yXAceFC4su6t3uSeUsV966AAKiQAjPH17l
2026-01-20,2026-01-20,Молнія,,south,,26.0,26.0,,,{},,,,,,,,,,,PvKPivden/posts/pfbid02auV4CG2GCpE27V6dH85y8epeZ8ZoZxvf7bJtoSXZeM3vaxMAfPubHT1LHhPEVLaTl
2026-01-20,2026-01-20,Reconnaissance UAV,,south,,3.0,3.0,,,{},,,,,,,,,,,PvKPivden/posts/pfbid02auV4CG2GCpE27V6dH85y8epeZ8ZoZxvf7bJtoSXZeM3vaxMAfPubHT1LHhPEVLaTl
2026-01-18 18:00,2026-01-19 08:30,Shahed-136/131,"Primorsko-Akhtarsk and Chauda, Crimea and Kursk oblast and Oryol oblast and Millerovo and Donetsk oblast",Ukraine,,145.0,126.0,0.0,6.0,{},90.0,12.0,5.0,,,,,"{'south': 18, 'east': NaN, 'north': NaN}",,,kpszsu/posts/pfbid02V62NTYcTsBk7xuoZLUCXQYEvvjf6omg7RqEuF1Wh9JHwy3k66mV7fjShFkGW594tl
2026-01-19,2026-01-19,Молнія,,south,,15.0,15.0,,,{},,,,,,,,,,,PvKPivden/posts/pfbid022mvW1wE2WQnJ6cBjZ44cVyAtisT2u3LJAdEkFh4S7E8nuQYfcnBs7u66ESiTwyhyl
2026-01-19,2026-01-19,Reconnaissance UAV,,south,,1.0,1.0,,,{},,,,,,,,,,,PvKPivden/posts/pfbid022mvW1wE2WQnJ6cBjZ44cVyAtisT2u3LJAdEkFh4S7E8nuQYfcnBs7u66ESiTwyhyl
2026-01-17 18:30,2026-01-18 08:00,Shahed-136/131,"Primorsko-Akhtarsk and Chauda, Crimea and Kursk oblast and Oryol oblast and Millerovo and Donetsk oblast",Ukraine,,201.0,167.0,0.0,4.0,{},120.0,15.0,2.0,,,,,"{'south': 28, 'west': 6, 'east': NaN, 'north': NaN}",,,kpszsu/posts/pfbid02udo8eVTBBQwht4zh3JRtkQg6bnah2e6sLxQd5VhZsWwJYFYRwGfx4Gea2kZAmHz4l
2026-01-18,2026-01-18,Молнія,,south,,20.0,20.0,,,{},,,,,,,,,,,PvKPivden/posts/pfbid02jVGE9Ypp33Bt15pqYx24Njc7wrvWVnL9xN1TDymSKWLt9SjnS9DG5uLPZGNzpPdDl
2026-01-16 18:00,2026-01-17 07:30,Shahed-136/131,Primorsko-Akhtarsk and Kursk oblast and Oryol oblast and Millerovo and Donetsk oblast,Ukraine,,115.0,96.0,0.0,3.0,{},75.0,11.0,2.0,,,,,"{'south': 16, 'east': NaN, 'north': NaN}",,,kpszsu/posts/pfbid0U17tZZWEsimyA2xrJyXKJZuYNMjJeryy5AmDh8f7JTZ6bDzRwGoqm9izALrodgs5l
2026-01-17,2026-01-17,Молнія,,south,,11.0,11.0,,,{},,,,,,,,,,,PvKPivden/posts/pfbid024ccuH13SAYEjEsbegA8k8yjxzmHtdv9jfArjhiQrRmLR5cKsmAZ7VYBnFTYcrKDwl
2026-01-15 18:00,2026-01-16 08:30,Shahed-136/131,Primorsko-Akhtarsk and Kursk oblast and Oryol oblast and Donetsk oblast,Ukraine,,76.0,53.0,0.0,0.0,{},50.0,9.0,1.0,,,,,"{'east': NaN, 'north': NaN, 'center': NaN}",,,kpszsu/posts/pfbid0Z5L8y5UtE8jv7aRdqMTmznz64NtqgNAZpoFTK5tsNgNws36sop2cymSL8HvwBj1Jl
2026-01-16,2026-01-16,Молнія,,south,,20.0,20.0,,,{},,,,,,,,,,,PvKPivden/posts/pfbid0o5RAwML7RRc16vD7NW6VdsUoSRsFbf2vuY4RV47gusH5skswU4kYMTpJVUvkxMt2l
2026-01-16,2026-01-16,Reconnaissance UAV,,south,,1.0,1.0,,,{},,,,,,,,,,,PvKPivden/posts/pfbid0o5RAwML7RRc16vD7NW6VdsUoSRsFbf2vuY4RV47gusH5skswU4kYMTpJVUvkxMt2l
2026-01-14 19:00,2026-01-15 08:30,Shahed-136/131,"Primorsko-Akhtarsk and Kursk oblast and Oryol oblast and Bryansk oblast and Millerovo and Hvardiiske, Crimea and Donetsk oblast",Ukraine,,82.0,61.0,0.0,0.0,{},60.0,13.0,3.0,,,,,"{'south': 7, 'west': 1, 'east': NaN, 'north': NaN, 'center': NaN}",,,kpszsu/posts/pfbid0if6mBz3m27TrtzobyRz81h8VB7gHDDLfUdGEdr15awgZ5n2snAEe3CsV7cWFKZ2Fl
2026-01-15,2026-01-15,Unknown UAV,,south,,25.0,25.0,,,{},,,,,,,,,,,PvKPivden/posts/pfbid0ZEPrJfV5SWTmuhSKForWryV38zEujZ8G4g8Wr6fQEW3UdibuDK2Ytbomo4scL2bCl
2026-01-15,2026-01-15,Merlin-VR,,south,,1.0,1.0,,,{},,,,,,,,,,,PvKPivden/posts/pfbid0ZEPrJfV5SWTmuhSKForWryV38zEujZ8G4g8Wr6fQEW3UdibuDK2Ytbomo4scL2bCl
2026-01-15,2026-01-15,Iskander-M,Crimea,Odesa oblast and Mykolaiv oblast,,3.0,0.0,,,{},,,,,,,,,,,PvKPivden/posts/pfbid0ZEPrJfV5SWTmuhSKForWryV38zEujZ8G4g8Wr6fQEW3UdibuDK2Ytbomo4scL2bCl
2026-01-14 07:00,2026-01-14 17:00,Shahed-136/131,,Ukraine,Kyiv oblast,10.0,10.0,0.0,0.0,{},10.0,0.0,0.0,,10.0,10.0,"['Kyiv oblast', 'Chernihiv oblast']",,,,kpszsu/posts/pfbid0gzZLnprzLhmewGEM2PJ36twJNcQTwMCcA6fAXKPP3cgQvBjFwxnmNxgpYvB3AgsPl
2026-01-13 18:30,2026-01-14 08:00,Shahed-136/131,"Primorsko-Akhtarsk and Chauda, Crimea and Kursk oblast and Oryol oblast and Millerovo and Hvardiiske, Crimea",Ukraine,,113.0,89.0,0.0,0.0,{},70.0,13.0,3.0,,,,"['Kyiv oblast', 'Chernihiv oblast', 'Mykolaiv oblast', 'Dnipropetrovsk oblast']","{'south': 20, 'east': NaN, 'north': NaN, 'center': NaN}",,,kpszsu/posts/pfbid02LphUidF2DRMPvnPCjpcB3HpcmS13U6Yu8YVdGcoRKdQhiaZeipGk9pFi1zxb9REql
2026-01-13 18:30,2026-01-14 08:00,Iskander-M,Rostov oblast and Voronezh oblast,,,3.0,1.0,,,{},,,,,,,,,,,kpszsu/posts/pfbid02LphUidF2DRMPvnPCjpcB3HpcmS13U6Yu8YVdGcoRKdQhiaZeipGk9pFi1zxb9REql
2026-01-14,2026-01-14,Unknown UAV,,south,,19.0,19.0,,,{},,,,,,,,,,,PvKPivden/posts/pfbid02wuW4Zy6ySHrtjjWGs9FvnRwTEWPyt3EXweT7sg7Rbdp1eYiCAPsofwgTDBiKFxmyl
2026-01-12 18:00,2026-01-13 09:30,Shahed-136/131,"Primorsko-Akhtarsk and Kursk oblast and Oryol oblast and Millerovo and Shatalovo and Kacha, Crimea",Ukraine,,293.0,240.0,0.0,5.0,{},200.0,24.0,0.0,,,,"['Kyiv oblast', 'Chernihiv oblast', 'Donetsk oblast', 'Kharkiv oblast', 'Odesa oblast', 'Zaporizhzhia oblast', 'Dnipropetrovsk oblast']","{'south': 41, 'east': NaN, 'north': NaN, 'center': NaN}",,,kpszsu/posts/pfbid0e7FKTsL4Q75mHnY3Yyzp9j7bHYNmCs9mhhszh1eibzRgaxDNdDNBEzV7HJEZJPsDl
2026-01-12 18:00,2026-01-13 09:30,Iskander-K,Kursk oblast and Belgorod oblast,Ukraine,,7.0,5.0,,,{},,,,,,,,,,,kpszsu/posts/pfbid0e7FKTsL4Q75mHnY3Yyzp9j7bHYNmCs9mhhszh1eibzRgaxDNdDNBEzV7HJEZJPsDl
2026-01-12 18:00,2026-01-13 09:30,C-300 and Iskander-M,Kursk oblast and Bryansk oblast and Voronezh oblast,Kyiv oblast and Kharkiv oblast and Dnipropetrovsk oblast and Zaporizhzhia oblast,,18.0,2.0,,,{},,,,,,,,,,,kpszsu/posts/pfbid0e7FKTsL4Q75mHnY3Yyzp9j7bHYNmCs9mhhszh1eibzRgaxDNdDNBEzV7HJEZJPsDl
2026-01-13,2026-01-13,Unknown UAV,,south,,21.0,21.0,,,{},,,,,,,,,,,PvKPivden/posts/pfbid025KMTKezy6AVtgHtimJX9wmauT4dzHhAjDwTqF6gf7wSRQ6SBMUN2qoo9rsLmx42cl
2026-01-13,2026-01-13,Reconnaissance UAV,,south,,2.0,2.0,,,{},,,,,,,,,,,PvKPivden/posts/pfbid025KMTKezy6AVtgHtimJX9wmauT4dzHhAjDwTqF6gf7wSRQ6SBMUN2qoo9rsLmx42cl
2026-01-11 18:00,2026-01-12 08:00,Shahed-136/131,"Primorsko-Akhtarsk and Chauda, Crimea and Kursk oblast and Bryansk oblast and Oryol oblast and Millerovo",Ukraine,,156.0,135.0,0.0,4.0,{},110.0,11.0,2.0,,,,,"{'south': 27, 'east': NaN, 'north': NaN, 'center': NaN}",,,kpszsu/posts/pfbid0tR2SaWAaJvVfr3VSRTt19fkeZf27iuUx4CmNyRsRWixtLuJF8jXy4c1NR8V1boD9l
2026-01-12,2026-01-12,Unknown UAV,,south,,15.0,15.0,,,{},,,,,,,,,,,PvKPivden/posts/pfbid02KZ6BqZGipDbvcFbWefFKDincUjoxhLVZCjoa394Ef1eJzvBdo27wsd8QfKNfg4pEl
2026-01-12,2026-01-12,Reconnaissance UAV,,south,,4.0,4.0,,,{},,,,,,,,,,,PvKPivden/posts/pfbid02KZ6BqZGipDbvcFbWefFKDincUjoxhLVZCjoa394Ef1eJzvBdo27wsd8QfKNfg4pEl
2026-01-11 11:00,2026-01-11 16:00,Shahed-136/131,,west,,11.0,11.0,,,{},,,,,,,,,,,PvkZahid/posts/pfbid02JJaGDkVGXypHvgJHRCcAJL2aXehwPEc7s1MsxHQzoa7JwGHtgUPj9Q7mP9iP6iMPl
2026-01-10 18:30,2026-01-11 08:00,Shahed-136/131,"Primorsko-Akhtarsk and Kursk oblast and Bryansk oblast and Oryol oblast and Millerovo and Hvardiiske, Crimea",Ukraine,,154.0,125.0,0.0,7.0,{},110.0,18.0,2.0,,,,,"{'south': 15, 'west': 5, 'east': NaN, 'north': NaN}",,,kpszsu/posts/pfbid0YjfqTBnr5eY9m4btDoQbUU5Hm7eKWRKGuUJomfMJv3xbbGq7KNtMBKeVcaGhrwEUl
2026-01-11,2026-01-11,Молнія,,south,,6.0,6.0,,,{},,,,,,,,,,,PvKPivden/posts/pfbid0Q7GbSZbWHp5Z7FZPGs4GPdf26dxMeCb7jQcWRAynngC9aT7iRPJnFigzMCxkDSaXl
2026-01-09 18:00,2026-01-10 08:30,Shahed-136/131,"Primorsko-Akhtarsk and Chauda, Crimea and Kursk oblast and Oryol oblast and Millerovo",Ukraine,,121.0,94.0,0.0,0.0,{},80.0,15.0,1.0,,,,,"{'south': 17, 'east': NaN, 'north': NaN}",,,kpszsu/posts/pfbid0nLbwxniYwpvLezfMftaxAfAdAaYvyQmu8f5Vy4UHiBUaQwLyBMPqrw5FpZteXAPbl
2026-01-09 18:00,2026-01-10 08:30,Iskander-M,Kursk oblast,Ukraine,,1.0,0.0,,,{},,,,,,,,,,,kpszsu/posts/pfbid0nLbwxniYwpvLezfMftaxAfAdAaYvyQmu8f5Vy4UHiBUaQwLyBMPqrw5FpZteXAPbl
2026-01-10,2026-01-10,Молнія,,south,,12.0,12.0,,,{},,,,,,,,,,,PvKPivden/posts/pfbid02LskjhMpJrE8MRgRk3jgRNen1rWWTRqrDYHJuW3G7RG1QYA1m3rbizFzqQnDgnxgwl
2026-01-08 19:30,2026-01-09 09:00,Shahed-136/131,"Primorsko-Akhtarsk and Chauda, Crimea and Kursk oblast and Oryol oblast and Millerovo and Hvardiiske, Crimea and Donetsk oblast",Ukraine,Kyiv oblast,242.0,226.0,0.0,0.0,{},150.0,19.0,0.0,,,,,"{'south': NaN, 'east': NaN, 'north': NaN}",,,kpszsu/posts/pfbid0SyvTrtmBdBfWqr74VrhCWL4cR8fGmUTD4aE1ccv6kwqXivDYBJQLaQMUGvLRJZxyl
2026-01-08 19:30,2026-01-09 09:00,Kalibr,Black Sea,Ukraine,,22.0,10.0,,,{},,,,Navi,,,,,,,kpszsu/posts/pfbid0SyvTrtmBdBfWqr74VrhCWL4cR8fGmUTD4aE1ccv6kwqXivDYBJQLaQMUGvLRJZxyl
2026-01-08 19:30,2026-01-09 09:00,C-400 and Iskander-M,Bryansk oblast,Ukraine,,13.0,8.0,,,{},,,,,,,,,,,kpszsu/posts/pfbid0SyvTrtmBdBfWqr74VrhCWL4cR8fGmUTD4aE1ccv6kwqXivDYBJQLaQMUGvLRJZxyl
2026-01-09,2026-01-09,Молнія,,south,,10.0,10.0,,,{},,,,,,,,,,,PvKPivden/posts/pfbid027kzkD7449YoRBHNmaAAfv3fhc4e4NJpZE123FonbtHJ53d9KxeFZC88voCupPSQ4l
2026-01-09,2026-01-09,Orlan-10,,south,,1.0,1.0,,,{},,,,,,,,,,,PvKPivden/posts/pfbid027kzkD7449YoRBHNmaAAfv3fhc4e4NJpZE123FonbtHJ53d9KxeFZC88voCupPSQ4l
2026-01-08 23:45,2026-01-08 23:50,Intercontinental Ballistic Missile,"Astrakhan oblast, Kapustin Yar",Lviv oblast,,1.0,0.0,,,{},,,,,,,,,,,PvkZahid/posts/pfbid0GW4Qc5YiAMSAhbnTs8FvMB2hxWH9my9gyAWQtn8GhiaAGGe6Sdgih2PJTaJTCwxql
2026-01-07 19:00,2026-01-08 08:00,Shahed-136/131,"Primorsko-Akhtarsk and Chauda, Crimea and Millerovo and Hvardiiske, Crimea and Donetsk oblast",Ukraine,Dnipropetrovsk oblast,97.0,70.0,0.0,0.0,{},70.0,13.0,1.0,,,,,"{'south': 23, 'east': NaN}",,,kpszsu/posts/pfbid0yw7pQM6WATc6pM9jdFXMHEndE1GHyNH4o1mn7JCuszfXYoQb9acdqn9LokrgkSGCl
2026-01-08,2026-01-08,Молнія,,south,,4.0,4.0,,,{},,,,,,,,,,,PvKPivden/posts/pfbid023yhg6uuW9BLSbfiPW6nxiL4H9njP2RCayieaBWjT1Qid3hcqhPVGH3ivFFrgpG1vl
2026-01-08,2026-01-08,Shahed-136/131,,south,,6.0,6.0,,,{},,,,,,,,,,,PvKPivden/posts/pfbid023yhg6uuW9BLSbfiPW6nxiL4H9njP2RCayieaBWjT1Qid3hcqhPVGH3ivFFrgpG1vl
2026-01-06 18:00,2026-01-07 07:30,Shahed-136/131,"Primorsko-Akhtarsk and Oryol oblast and Hvardiiske, Crimea and Donetsk oblast",Ukraine,,95.0,81.0,0.0,0.0,{},60.0,8.0,5.0,,,,,"{'south': 26, 'east': NaN, 'north': NaN, 'center': NaN}",,,kpszsu/posts/pfbid039DHJSnRrq9YvWQQDg1S5svtN6GWmB5YTAXSwFfZ9XfMR5kKovdsSn2VTMVZuLSDl
2026-01-06 18:00,2026-01-07 07:30,Iskander-M,Taganrog,Ukraine,,1.0,0.0,,,{},,,,,,,,,,,kpszsu/posts/pfbid039DHJSnRrq9YvWQQDg1S5svtN6GWmB5YTAXSwFfZ9XfMR5kKovdsSn2VTMVZuLSDl
2026-01-07,2026-01-07,Молнія,,south,,8.0,8.0,,,{},,,,,,,,,,,PvKPivden/posts/pfbid02HXgmH3THwUAYTgZSrTyqwegDmwUCjUMqZmxzdKQJSnUaCoCf5oMXXhHphpHFss61l
2026-01-07,2026-01-07,Orlan-10,,south,,2.0,2.0,,,{},,,,,,,,,,,PvKPivden/posts/pfbid02HXgmH3THwUAYTgZSrTyqwegDmwUCjUMqZmxzdKQJSnUaCoCf5oMXXhHphpHFss61l
2026-01-07,2026-01-07,Iskander-M,Crimea,Odesa oblast,,2.0,0.0,,,{},,,,,,,,,,,PvKPivden/posts/pfbid02HXgmH3THwUAYTgZSrTyqwegDmwUCjUMqZmxzdKQJSnUaCoCf5oMXXhHphpHFss61l
2026-01-05 18:00,2026-01-06 08:30,Shahed-136/131,Kursk oblast and Oryol oblast and Millerovo and Donetsk oblast,Ukraine,,61.0,53.0,0.0,0.0,{},40.0,6.0,0.0,,,,,"{'south': 4, 'east': NaN, 'north': NaN, 'center': NaN}",,,kpszsu/posts/pfbid02vdtXLYjfe2SEn4pgMFuophthLbdAcZcYifcH1v8YfVQ7wbbpFvSDGXHJWEK9Dm5al
2026-01-06,2026-01-06,Молнія,,south,,14.0,14.0,,,{},,,,,,,,,,,PvKPivden/posts/pfbid0agouRjrkqJN6aaTEEABTouQeSAkW6xo1W8bTpDLAwtLebMScdV8un5AJiiJF21iRl
2026-01-04 18:00,2026-01-05 08:00,Shahed-136/131,Kursk oblast and Oryol oblast and Millerovo and Shatalovo,Ukraine,,165.0,137.0,0.0,2.0,{},100.0,10.0,9.0,,,,,"{'east': NaN, 'north': NaN, 'center': NaN}",,,kpszsu/posts/pfbid02pYp3rrQ6YNUELRY6CUq57SXJf6UPyQBv2qjxMVMxfX8FjPzMcnqNiX4NgnKYzA87l
2026-01-04 18:00,2026-01-05 08:00,C-300 and Iskander-M,Bryansk oblast and Voronezh oblast,Ukraine,,9.0,0.0,,,{},,,,,,,,,,,kpszsu/posts/pfbid02pYp3rrQ6YNUELRY6CUq57SXJf6UPyQBv2qjxMVMxfX8FjPzMcnqNiX4NgnKYzA87l
2026-01-05,2026-01-05,Молнія,,south,,18.0,18.0,,,{},,,,,,,,,,,PvKPivden/posts/pfbid02s8sGhngdoNrXL5TRLRstLfuQrZ3dkbdJhPLEZEKVAhyPnSxkXdHKsi3s24FBHoqGl
2026-01-05,2026-01-05,Reconnaissance UAV,,south,,1.0,1.0,,,{},,,,,,,,,,,PvKPivden/posts/pfbid02s8sGhngdoNrXL5TRLRstLfuQrZ3dkbdJhPLEZEKVAhyPnSxkXdHKsi3s24FBHoqGl
2026-01-03 19:00,2026-01-04 08:00,Shahed-136/131,Kursk oblast and Bryansk oblast and Oryol oblast and Donetsk oblast,Ukraine,,52.0,39.0,0.0,0.0,{},40.0,9.0,0.0,,,,,"{'east': NaN, 'north': NaN}",,,kpszsu/posts/pfbid0FpXFz4rbDGTKqkEghui5aTmsfTGWcbYPzBtPZf4jUp5v3E5UtMvZ1Q3kboPfjQAUl
2026-01-04,2026-01-04,Молнія,,south,,12.0,12.0,,,{},,,,,,,,,,,PvKPivden/posts/pfbid032x511d5nnQbJgtPa7aW3byKC136vm8bx4Jb6apKLR2RAtWHuW1LsmN9amU4xi2oml
2026-01-02 18:00,2026-01-03 08:00,Shahed-136/131,"Primorsko-Akhtarsk and Chauda, Crimea and Kursk oblast and Bryansk oblast and Oryol oblast and Millerovo and Hvardiiske, Crimea and Kacha, Crimea",Ukraine,,95.0,80.0,0.0,3.0,{},60.0,8.0,0.0,,,,,"{'south': 54, 'east': NaN, 'north': NaN}",,,kpszsu/posts/pfbid0yA7xeCfeoPJsMTBEv9CiDmxgg4RpUzYKxx429oh5umQCsra7BX7BEFWzpMgRWSZXl
2026-01-03,2026-01-03,Молнія,,south,,12.0,12.0,,,{},,,,,,,,,,,PvKPivden/posts/pfbid02hVGrLr9FA2iabqmqP7rMmx9dfmWcKDCR332Rftaziq9dh48pY9fXhwWsg4WSY1Ncl
2026-01-01 18:00,2026-01-02 08:30,Shahed-136/131,"Primorsko-Akhtarsk and Chauda, Crimea and Kursk oblast and Bryansk oblast and Oryol oblast and Millerovo and Shatalovo and Hvardiiske, Crimea",Ukraine,Lutsk oblast,116.0,86.0,0.0,3.0,{},70.0,23.0,2.0,,,,"['Lutsk oblast', 'Kyiv oblast', 'Sumy oblast', 'Odesa oblast', 'Zaporizhzhia oblast', 'Donetsk oblast', 'Kharkiv oblast']","{'south': 33, 'east': NaN, 'north': NaN}",,,kpszsu/posts/pfbid06UqeQN6EpYFc57jas3PWAqknTA36Fj7iVbzYwMfW4uKUE3vPWHoPQe52bWsQ7U8Ul
2026-01-02,2026-01-02,Молнія,,south,,8.0,8.0,,,{},,,,,,,,,,,PvKPivden/posts/pfbid02TPBQtC9K4NjVdHmUise5rGp1nhPujdqx3DHmwMoLt76EGBqXLnEg4JLhZPpwoeX7l
2026-01-01 09:00,2026-01-01 16:00,Shahed-136/131,,west,,10.0,10.0,,,{},,,,,,,,,,,PvkZahid/posts/pfbid02YVo1iAizqFJREHVK6w2YmyxSF77htxcfyUK4pfhcsx7Pvg2oFeTMa93iDEjqPyXHl
2025-12-31 18:00,2026-01-01 08:30,Shahed-136/131,"Primorsko-Akhtarsk and Chauda, Crimea and Kursk oblast and Bryansk oblast and Oryol oblast and Millerovo and Hvardiiske, Crimea and Donetsk oblast",Ukraine,Lutsk oblast,205.0,176.0,0.0,5.0,{},130.0,15.0,0.0,,,,"['Lutsk oblast', 'Kyiv oblast', 'Sumy oblast', 'Odesa oblast', 'Zaporizhzhia oblast', 'Donetsk oblast', 'Kharkiv oblast']","{'south': 87, 'west': 27, 'east': NaN, 'north': NaN}",,,kpszsu/posts/pfbid0TdVCdVdkRoJN5jZ26dj64CFujFUSFAAmZpF7dEoGiCPVxvudBj7PXWo9GM5sfy4nl
2026-01-01,2026-01-01,Молнія,,south,,29.0,29.0,,,{},,,,,,,,,,,PvKPivden/posts/pfbid023jigBrYSkgGhHskZhRTiyimQmctcZbULZjPQEgMY24MyZX8F2ADN42KUqDvji43zl
2026-01-01,2026-01-01,Reconnaissance UAV,,south,,1.0,1.0,,,{},,,,,,,,,,,PvKPivden/posts/pfbid023jigBrYSkgGhHskZhRTiyimQmctcZbULZjPQEgMY24MyZX8F2ADN42KUqDvji43zl
2025-12-30 18:00,2025-12-31 08:00,Shahed-136/131,"Primorsko-Akhtarsk and Chauda, Crimea and Kursk oblast and Bryansk oblast and Oryol oblast and Millerovo",Ukraine,,127.0,101.0,0.0,,{},80.0,11.0,0.0,,,,,"{'south': 65, 'east': NaN, 'north': NaN}",,,kpszsu/posts/pfbid0F7ZpFtdbsjfYyEm2DckN4yGZLpuoLkg78CE4iQ2MXfUAu9PrGJXGXh4uiYXExMZ6l
2025-12-31,2025-12-31,Молнія,,south,,11.0,11.0,,,{},,,,,,,,,,,PvKPivden/posts/pfbid02ovmeMo8xyz1SWyyuk1M8YKpJMHgcmw3BpXY5refdBb32n5dfHmwwiEgEibydT18wl
2025-12-29 18:00,2025-12-30 09:00,Shahed-136/131,"Primorsko-Akhtarsk and Chauda, Crimea and Kursk oblast and Bryansk oblast and Oryol oblast and Hvardiiske, Crimea",Ukraine,,60.0,52.0,0.0,,{},40.0,5.0,0.0,,,,,"{'south': 25, 'east': NaN, 'north': NaN}",,,kpszsu/posts/pfbid02xhaYYKXejgBNoEfb4qgP45tbtnYGfEn7PFJWpLAsTW5M8My3BXtFw9kiVN4P3MYSl
2025-12-29 18:00,2025-12-30 09:00,Iskander-M,Crimea,Odesa oblast,,1.0,0.0,,,{},,,,,,,,,,,PvKPivden/posts/pfbid02U3cvTMcUeS7hXkrxFvJu1dWcNgo3t2RP5iLuvpyDPBCWKY37Rbysg2YTJZKRcHoPl
2025-12-29 18:00,2025-12-30 09:00,Iskander-M,Voronezh oblast,Ukraine,,1.0,1.0,,,{},,,,,,,,,,,kpszsu/posts/pfbid02xhaYYKXejgBNoEfb4qgP45tbtnYGfEn7PFJWpLAsTW5M8My3BXtFw9kiVN4P3MYSl
2025-12-30,2025-12-30,Молнія,,south,,12.0,12.0,,,{},,,,,,,,,,,PvKPivden/posts/pfbid0ynbTKiYsg8qwSV8s7xubFoFr6SFxFu9Qy36YH1vR7YYyDaDLENr5tu19RARKdyftl
2025-12-28 21:00,2025-12-29 08:30,Shahed-136/131,"Oryol oblast and Millerovo and Hvardiiske, Crimea and Donetsk oblast",Ukraine,,25.0,21.0,0.0,,{},15.0,2.0,0.0,,,,,"{'south': 5, 'east': NaN, 'north': NaN}",,,kpszsu/posts/pfbid0YpgmEGzfg4LuiPJoN8wDH1VvEJ2FdmhUUCqJa85k2TXJPt9C1EYMJ3En9xAYmDijl
2025-12-29,2025-12-29,Молнія,,south,,8.0,8.0,,,{},,,,,,,,,,,PvKPivden/posts/pfbid02U3cvTMcUeS7hXkrxFvJu1dWcNgo3t2RP5iLuvpyDPBCWKY37Rbysg2YTJZKRcHoPl
2025-12-27 18:00,2025-12-28 08:30,Shahed-136/131,"Primorsko-Akhtarsk and Chauda, Crimea and Kursk oblast and Oryol oblast and Hvardiiske, Crimea",Ukraine,Kyiv oblast,48.0,30.0,0.0,,{},30.0,9.0,0.0,,,,,"{'south': 5, 'east': NaN, 'north': NaN}",,,kpszsu/posts/pfbid0esgp8R5DcgowzrZSA4repGZPJdLC5ZDf24ZbKaaLrXQY6LzkPDRNtmvoXGGzcjzRl
2025-12-28,2025-12-28,Молнія,,south,,13.0,13.0,,,{},,,,,,,,,,,PvKPivden/posts/pfbid02GFRAswH8to8QvkXDkE8dLDdJK4YHz9BqumRuyGJYZNJR1nvBBUVEbF1RgEBiLNeal
2025-12-26 18:00,2025-12-27 13:00,X-47 Kinzhal and Iskander-M,Bryansk oblast and Ryazan oblast,Ukraine,,10.0,6.0,,,{},,,,,,,,,,,kpszsu/posts/pfbid028r7WWV4BK1ArpzwXG5BYQWundMz3ubFdXcN7Bn3H8XrV2qoLcYuB6ZKtChTSXtE2l
2025-12-26 18:00,2025-12-27 13:00,X-22,Black Sea,Mykolaiv oblast,,2.0,0.0,,,{},,,,Tu-22M3,,,,,,,kpszsu/posts/pfbid028r7WWV4BK1ArpzwXG5BYQWundMz3ubFdXcN7Bn3H8XrV2qoLcYuB6ZKtChTSXtE2l
2025-12-26 18:00,2025-12-27 13:00,X-101/X-555,Vologda oblast,Ukraine,,21.0,19.0,,,{},,,,,,,,,,,kpszsu/posts/pfbid028r7WWV4BK1ArpzwXG5BYQWundMz3ubFdXcN7Bn3H8XrV2qoLcYuB6ZKtChTSXtE2l
2025-12-26 18:00,2025-12-27 13:00,Shahed-136/131,"Primorsko-Akhtarsk and Kursk oblast and Oryol oblast and Millerovo and Shatalovo and Hvardiiske, Crimea",Ukraine,Kyiv oblast,519.0,474.0,15.0,5.0,{},300.0,30.0,16.0,,,,,"{'south': 69, 'west': 9, 'east': NaN, 'north': NaN}",,,kpszsu/posts/pfbid028r7WWV4BK1ArpzwXG5BYQWundMz3ubFdXcN7Bn3H8XrV2qoLcYuB6ZKtChTSXtE2l
2025-12-26 18:00,2025-12-27 13:00,Iskander-K and Kalibr,Rostov oblast and Black Sea,Ukraine,,7.0,4.0,,,{},,,,,,,,,,,kpszsu/posts/pfbid028r7WWV4BK1ArpzwXG5BYQWundMz3ubFdXcN7Bn3H8XrV2qoLcYuB6ZKtChTSXtE2l
2025-12-27,2025-12-27,Молнія,,south,,23.0,23.0,,,{},,,,,,,,,,,PvKPivden/posts/pfbid02opeokGg5nzmMi2o8NSHM9ucyb2fQnxVcfqVberkVTwkg84xEwzTBY53ks35w7aj4l
2025-12-25 18:00,2025-12-26 09:00,Shahed-136/131,"Primorsko-Akhtarsk and Kursk oblast and Bryansk oblast and Hvardiiske, Crimea",Ukraine,,99.0,73.0,0.0,0.0,{},60.0,16.0,0.0,,,,,"{'south': 47, 'east': NaN, 'north': NaN}",,,kpszsu/posts/pfbid025ZYFmtV3x3fkEChfVX7wzBVAi31fHbVqUK5EthZQ2sfHSn2jdKT7h6hyNLBqnXj5l
2025-12-25 18:00,2025-12-26 09:00,Iskander-M,Crimea,Ukraine,,1.0,0.0,,,{},,,,,,,,,,,kpszsu/posts/pfbid025ZYFmtV3x3fkEChfVX7wzBVAi31fHbVqUK5EthZQ2sfHSn2jdKT7h6hyNLBqnXj5l
2025-12-26,2025-12-26,Unknown UAV,,south,,10.0,10.0,,,{},,,,,,,,,,,PvKPivden/posts/pfbid023vdvRUYCiP6Uz7QPf2S1nBfNdQDJCJhyfh2xcFvP8A2P9schnQ7dVyuS5mzk16wrl
2025-12-24 19:00,2025-12-25 08:30,Shahed-136/131,"Primorsko-Akhtarsk and Chauda, Crimea and Kursk oblast and Oryol oblast and Hvardiiske, Crimea and Donetsk oblast",Ukraine,,131.0,106.0,0.0,3.0,{},90.0,15.0,0.0,,,,,"{'south': 49, 'east': NaN, 'north': NaN}",,,kpszsu/posts/pfbid0nK4oLUznziB9epicExEtaaRpRoNgUJuds36jKVpskHRzUK113qtHXuxcdfL74pUtl
2025-12-25,2025-12-25,Unknown UAV,,south,,32.0,32.0,,,{},,,,,,,,,,,PvKPivden/posts/pfbid033UyFgvMhbfZXgJR1Z8YckhfukZS4p6BxWBKmSZinzmeuvch7orooy9sBF66mp8cUl
2025-12-25,2025-12-25,Reconnaissance UAV,,south,,2.0,2.0,,,{},,,,,,,,,,,PvKPivden/posts/pfbid033UyFgvMhbfZXgJR1Z8YckhfukZS4p6BxWBKmSZinzmeuvch7orooy9sBF66mp8cUl
2025-12-23 19:00,2025-12-24 09:30,Shahed-136/131,"Primorsko-Akhtarsk and Kursk oblast and Oryol oblast and Millerovo and Shatalovo and Hvardiiske, Crimea",Ukraine,Chernihiv oblast,116.0,60.0,0.0,8.0,{},90.0,19.0,0.0,,,,,"{'south': 5, 'east': NaN, 'north': NaN}",,,kpszsu/posts/pfbid02TdvFmxzn9pVKEPBwwREcRouBdCnBzxLHTJKqxC8DeSS3CexMsh28Yv9ezxYkh7tYl
2025-12-24,2025-12-24,Unknown UAV,,south,,29.0,29.0,,,{},,,,,,,,,,,PvKPivden/posts/pfbid0iSCghxMje9eFm7QBkdEuLAShqrbfsHgsmKegfpEg43hiP7bwj4GnBKadSXQFTw84l
2025-12-24,2025-12-24,Reconnaissance UAV,,south,,2.0,2.0,,,{},,,,,,,,,,,PvKPivden/posts/pfbid0iSCghxMje9eFm7QBkdEuLAShqrbfsHgsmKegfpEg43hiP7bwj4GnBKadSXQFTw84l
2025-12-22 18:00,2025-12-23 11:30,Shahed-136/131,"Primorsko-Akhtarsk and Chauda, Crimea and Kursk oblast and Bryansk oblast and Oryol oblast and Millerovo",Ukraine,,635.0,587.0,0.0,9.0,{},400.0,21.0,8.0,,,,"['Rivne oblast', 'Khmelnytskyi oblast', 'Zhytomyr oblast', 'Odesa oblast', 'Donetsk oblast']","{'south': 98, 'west': 49, 'east': NaN, 'north': NaN}",,,kpszsu/posts/pfbid0FoCxAp85ztgf726AWrWAHUb95J5pg2trsLyLJ4tuu9F4fCJjikuyhC5oM7kXpTmUl
2025-12-23 05:20,2025-12-23 08:40,X-47 Kinzhal,Ryazan oblast,Ukraine,,3.0,0.0,3.0,,{},,,,MiG-31K,,,,,,,kpszsu/posts/pfbid0FoCxAp85ztgf726AWrWAHUb95J5pg2trsLyLJ4tuu9F4fCJjikuyhC5oM7kXpTmUl
2025-12-23 05:20,2025-12-23 08:40,Iskander-K and Kalibr,Kursk oblast and Vologda oblast,Ukraine,,35.0,34.0,,,{},,,,,,,,{'west': 12},,,kpszsu/posts/pfbid0FoCxAp85ztgf726AWrWAHUb95J5pg2trsLyLJ4tuu9F4fCJjikuyhC5oM7kXpTmUl
2025-12-23,2025-12-23,Unknown UAV,,south,,37.0,37.0,,,{},,,,,,,,,,,PvKPivden/posts/pfbid02Uro9DVpWfX9cS1pdqouKDY1tnKxdhaxM2WZj16RtfpzS4khcQySv2UkCeHMRicu9l
2025-12-23,2025-12-23,Reconnaissance UAV,,south,,1.0,1.0,,,{},,,,,,,,,,,PvKPivden/posts/pfbid02Uro9DVpWfX9cS1pdqouKDY1tnKxdhaxM2WZj16RtfpzS4khcQySv2UkCeHMRicu9l
2025-12-21 19:00,2025-12-22 08:30,Shahed-136/131,"Primorsko-Akhtarsk and Chauda, Crimea and Oryol oblast and Millerovo and Donetsk oblast",Ukraine,,86.0,58.0,0.0,,{},50.0,12.0,1.0,,,,,"{'south': 19, 'east': NaN, 'north': NaN}",,,kpszsu/posts/pfbid02BzvjqsN6gti8C9T4V5ChP5aRAyLoFwLpNSWZe3X4sgmPGh5XnqfMAJBdKyyFdFuAl
2025-12-22,2025-12-22,Unknown UAV,,south,,22.0,22.0,,,{},,,,,,,,,,,PvKPivden/posts/pfbid02CZam3Qb7dLT5oz3yKez8QRHmTUgtCA9MCC1XgN1HYaXq6MmdTzvcehJpAyJnYq6ql
2025-12-20 18:00,2025-12-21 08:30,Shahed-136/131,"Primorsko-Akhtarsk and Chauda, Crimea and Kursk oblast and Millerovo and Hvardiiske, Crimea",Ukraine,,97.0,75.0,0.0,3.0,{},60.0,8.0,1.0,,,,,"{'south': 49, 'east': NaN, 'north': NaN, 'west': NaN}",,,kpszsu/posts/pfbid02qLEaQTaKxDLxG5DEmkr3VQwhcqGKdCZZL6trtJKBwqYsxvPAvsDrN2eziPzuz9wul
2025-12-21,2025-12-21,Молнія,,south,,2.0,2.0,,,{},,,,,,,,,,,PvKPivden/posts/pfbid02DHqy1fUPi9Qw3pRT4a5qduZZ3z8DXG1expZwnbHdgp9ZfcsPR2YzkTucyjgaWevpl
2025-12-21,2025-12-21,Iskander-M,Crimea,Odesa oblast,,1.0,0.0,,,{},,,,,,,,,,,PvKPivden/posts/pfbid02DHqy1fUPi9Qw3pRT4a5qduZZ3z8DXG1expZwnbHdgp9ZfcsPR2YzkTucyjgaWevpl
2025-12-19 19:00,2025-12-20 09:00,Shahed-136/131,Primorsko-Akhtarsk and Kursk oblast and Oryol oblast and Millerovo and Shatalovo,Ukraine,,51.0,31.0,0.0,,{},30.0,15.0,0.0,,,,,"{'south': 40, 'east': NaN, 'north': NaN}",,,kpszsu/posts/pfbid02kZAkEHp6gEc96TCivvhyQjZVv9n4XtUbwhEMfdktqdubmMMYrNHVy7BWJTvV5xbkl
2025-12-18 18:30,2025-12-19 08:00,Shahed-136/131,"Primorsko-Akhtarsk and Kursk oblast and Bryansk oblast and Oryol oblast and Millerovo and Hvardiiske, Crimea",Ukraine,,160.0,108.0,0.0,5.0,{},90.0,23.0,0.0,,,,,"{'south': 60, 'east': NaN}",,,kpszsu/posts/pfbid0RTZVJ4Bzax1v3iHB24oKFmie7yEN5cKa7mTFsU1nU4N4a2bf6rMHSnMq9BrujSsDl
2025-12-19,2025-12-19,Unknown UAV,,south,,19.0,19.0,,,{},,,,,,,,,,,PvKPivden/posts/pfbid0BYwBu9ibeYnRxWBtBUf4igQTvBh7fzGqSVX4PUbrjF1VMoTwJXDeZToR8PN7E8Zul
2025-12-19,2025-12-19,Reconnaissance UAV,,south,,8.0,8.0,,,{},,,,,,,,,,,PvKPivden/posts/pfbid0BYwBu9ibeYnRxWBtBUf4igQTvBh7fzGqSVX4PUbrjF1VMoTwJXDeZToR8PN7E8Zul
2025-12-19,2025-12-19,Iskander-M,Crimea,Odesa oblast,,4.0,0.0,,,{},,,,,,,,,,,PvKPivden/posts/pfbid0BYwBu9ibeYnRxWBtBUf4igQTvBh7fzGqSVX4PUbrjF1VMoTwJXDeZToR8PN7E8Zul
2025-12-17 18:00,2025-12-18 08:30,Shahed-136/131,Primorsko-Akhtarsk and Kursk oblast and Oryol oblast and Millerovo,Ukraine,,82.0,63.0,0.0,,{},50.0,12.0,8.0,,,,,"{'south': 30, 'east': NaN, 'north': NaN, 'center': NaN}",,,kpszsu/posts/pfbid0Py4iNbt5xdmMdm3o8ih484zPWBaJU6a14CyjNcgtoXJmuDdKtu3BENXyZN5NygEWl
2025-12-18,2025-12-18,Unknown UAV,,south,,11.0,11.0,,,{},,,,,,,,,,,PvKPivden/posts/pfbid02M1c5e8cAM24AAype6k2bFteWSVbSHUbuWonWb6DYhQYXo8tZmoRqbDf5dLkx7bEYl
2025-12-18,2025-12-18,Reconnaissance UAV,,south,,1.0,1.0,,,{},,,,,,,,,,,PvKPivden/posts/pfbid02M1c5e8cAM24AAype6k2bFteWSVbSHUbuWonWb6DYhQYXo8tZmoRqbDf5dLkx7bEYl
2025-12-16 18:00,2025-12-17 09:00,Shahed-136/131,"Primorsko-Akhtarsk and Kursk oblast and Oryol oblast and Millerovo and Hvardiiske, Crimea",Ukraine,,69.0,37.0,0.0,3.0,{},40.0,12.0,0.0,,,,,"{'south': 9, 'east': NaN, 'north': NaN}",,,kpszsu/posts/pfbid02tGpTArGnsACM3zraDTR44mahdQWv8f3PHiuaczVU9pyaUM5hM6EmUyWZP98uZmgWl
2025-12-17,2025-12-17,Unknown UAV,,south,,21.0,21.0,,,{},,,,,,,,,,,PvKPivden/posts/pfbid02TzEAdJyrSDG7ZyPMidjqntLhvaVvaCJLHKWTrGEDQhMNn1WFvZwtpRJo4x3pjBWLl
2025-12-17,2025-12-17,Reconnaissance UAV,,south,,1.0,1.0,,,{},,,,,,,,,,,PvKPivden/posts/pfbid02TzEAdJyrSDG7ZyPMidjqntLhvaVvaCJLHKWTrGEDQhMNn1WFvZwtpRJo4x3pjBWLl
2025-12-15 18:00,2025-12-16 09:00,Shahed-136/131,"Primorsko-Akhtarsk and Oryol oblast and Millerovo and Hvardiiske, Crimea",Ukraine,,69.0,57.0,0.0,2.0,{},40.0,7.0,0.0,,,,,"{'south': 24, 'east': NaN}",,,kpszsu/posts/pfbid0rRMeXQscwb1Q9DPAWe92KK1KPJSbrH11wubTTpohv5xBq3T5CdTWsZKmT6u3qVeTl
2025-12-16,2025-12-16,Unknown UAV,,south,,27.0,27.0,,,{},,,,,,,,,,,PvKPivden/posts/pfbid0XqfvSinhdgX1rutEp62z5XkL3BusAKjuTwCvvPT3PrKEbx45KM4Gs3xSpp22kTPVl
2025-12-16,2025-12-16,Reconnaissance UAV,,south,,1.0,1.0,,,{},,,,,,,,,,,PvKPivden/posts/pfbid0XqfvSinhdgX1rutEp62z5XkL3BusAKjuTwCvvPT3PrKEbx45KM4Gs3xSpp22kTPVl
2025-12-14 18:00,2025-12-15 09:00,Shahed-136/131,"Primorsko-Akhtarsk and Kursk oblast and Oryol oblast and Millerovo and Shatalovo and Hvardiiske, Crimea",Ukraine,,153.0,133.0,0.0,,{},90.0,10.0,0.0,,,,,"{'south': 47, 'east': NaN, 'north': NaN}",,,kpszsu/posts/pfbid0HPGJM8mb29pP8SUVr3dGHEJGdNS9EKsZY6Vf3JuzTnaBmBhuiWkUkHbpJ9WxW3Kpl
2025-12-15,2025-12-15,Молнія,,south,,20.0,20.0,,,{},,,,,,,,,,,PvKPivden/posts/pfbid02exbRMnYQNADFf8wjqY43qCzneiEgGDEG9TJuN6Mcbba4cdPc342JRbUk3WzNj9qnl
2025-12-13 19:00,2025-12-14 08:30,Shahed-136/131,"Primorsko-Akhtarsk and Kursk oblast and Oryol oblast and Millerovo and Shatalovo and Hvardiiske, Crimea",Ukraine,,138.0,110.0,0.0,18.0,{},85.0,6.0,0.0,,,,,"{'south': 44, 'east': NaN, 'north': NaN}",,,kpszsu/posts/pfbid026Q2GDLzUYxaCVAsqT46hYAoUZBSixeL9Wk3gvwrtQswNUcWhTHAmWx14GvgLzeuvl
2025-12-13 19:00,2025-12-14 08:30,Iskander-M/KN-23,Rostov oblast,Ukraine,,1.0,0.0,,,{},,,,,,,,,,,kpszsu/posts/pfbid026Q2GDLzUYxaCVAsqT46hYAoUZBSixeL9Wk3gvwrtQswNUcWhTHAmWx14GvgLzeuvl
2025-12-14,2025-12-14,Unknown UAV,,south,,10.0,10.0,,,{},,,,,,,,,,,PvKPivden/posts/pfbid02V3GssfKU318oBnjuZSeuvrVRY5tSGanyBKMvNeaDQe3QaG8yyYHz32trdmF5StUvl
2025-12-14,2025-12-14,Reconnaissance UAV,,south,,2.0,2.0,,,{},,,,,,,,,,,PvKPivden/posts/pfbid02V3GssfKU318oBnjuZSeuvrVRY5tSGanyBKMvNeaDQe3QaG8yyYHz32trdmF5StUvl
2025-12-12 18:00,2025-12-13 12:00,Shahed-136/131,"Primorsko-Akhtarsk and Chauda, Crimea and Kursk oblast and Oryol oblast and Millerovo and Shatalovo and Hvardiiske, Crimea",Ukraine,Odesa oblast,465.0,417.0,0.0,,{},270.0,18.0,3.0,,,,,"{'south': 165, 'east': NaN, 'north': NaN}",,,kpszsu/posts/pfbid02ZcDb86fcRJkTEX2nFWUauYaSohMZAqqQwmUdbJXdnk9ACAScbdUNMcczyUYaVnbvl
2025-12-12 18:00,2025-12-13 12:00,Kalibr,Caspian Sea and Black Sea,Ukraine,,16.0,9.0,,,{},,,,Navi,,,,{'south': 9},,,kpszsu/posts/pfbid02ZcDb86fcRJkTEX2nFWUauYaSohMZAqqQwmUdbJXdnk9ACAScbdUNMcczyUYaVnbvl
2025-12-12 18:00,2025-12-13 12:00,Iskander-M/KN-23,Crimea,Odesa oblast,,5.0,0.0,,,{},,,,,,,,,,,kpszsu/posts/pfbid02ZcDb86fcRJkTEX2nFWUauYaSohMZAqqQwmUdbJXdnk9ACAScbdUNMcczyUYaVnbvl
2025-12-12 18:00,2025-12-13 12:00,Iskander-K,Kursk oblast,Ukraine,,5.0,4.0,,,{},,,,,,,,{'south': 4},,,kpszsu/posts/pfbid02ZcDb86fcRJkTEX2nFWUauYaSohMZAqqQwmUdbJXdnk9ACAScbdUNMcczyUYaVnbvl
2025-12-13 02:20,2025-12-13 03:20,X-47 Kinzhal,Tambov oblast and Tula oblast,Ukraine,,4.0,0.0,,,{},,,,MiG-31K,,,,,,,kpszsu/posts/pfbid02ZcDb86fcRJkTEX2nFWUauYaSohMZAqqQwmUdbJXdnk9ACAScbdUNMcczyUYaVnbvl
2025-12-11 18:00,2025-12-12 09:00,Shahed-136/131,"Primorsko-Akhtarsk and Chauda, Crimea and Kursk oblast and Bryansk oblast and Oryol oblast and Millerovo and Hvardiiske, Crimea",Ukraine,,80.0,64.0,0.0,,{},50.0,8.0,3.0,,,,,"{'south': 17, 'east': NaN, 'north': NaN}",,,kpszsu/posts/pfbid02HqN3cFmrGoh3yk6GsPEZKhbpwYma2rSYdVEkzVB6UB1EHyaGoJfappvzGBJSBhZl
2025-12-12,2025-12-12,Iskander-M/KN-23,Crimea,Odesa oblast,,3.0,0.0,,,{},,,,,,,,,,,PvKPivden/posts/pfbid0GHvUKb2JZi31baCdGjeCGoRJqr669dLF2YG2yviSU3dFhaCm6Aj8yftsBLZwKb8rl
2025-12-10 19:00,2025-12-11 10:00,Shahed-136/131,"Primorsko-Akhtarsk and Chauda, Crimea and Kursk oblast and Oryol oblast and Shatalovo and Hvardiiske, Crimea",Ukraine,Poltava oblast,151.0,83.0,0.0,,{},120.0,34.0,0.0,,,,,"{'south': 9, 'east': NaN}",,,kpszsu/posts/pfbid02dXow9WyXnULBmapJQHGAwrsC54D8rPjAXdRrJLZh35EPUg3zyDVCsrPP6GutbKCpl
2025-12-10 19:00,2025-12-11 10:00,Iskander-M/KN-23,Kursk oblast,Ukraine,,3.0,2.0,,,{},,,,,,,,,,,kpszsu/posts/pfbid02dXow9WyXnULBmapJQHGAwrsC54D8rPjAXdRrJLZh35EPUg3zyDVCsrPP6GutbKCpl
2025-12-11,2025-12-11,Молнія,,south,,11.0,11.0,,,{},,,,,,,,,,,PvKPivden/posts/pfbid02i2pfV8RzRossFiTQD3A8GamWv4YC963PtgST3MaV4vRN8oJVRxoboe12V6kkb5nkl
2025-12-09 18:00,2025-12-10 09:00,Shahed-136/131,"Primorsko-Akhtarsk and Chauda, Crimea and Kursk oblast and Millerovo",Ukraine,,80.0,50.0,0.0,,{},50.0,7.0,0.0,,,,,"{'south': 16, 'east': NaN}",,,kpszsu/posts/pfbid0tvGwThvr1pXu5s6RnKr9reCYxRL7fmtkKimSdy3fXP4Gu6G2m8KR7ZA3utiN7beFl
2025-12-10,2025-12-10,Молнія,,south,,9.0,9.0,,,{},,,,,,,,,,,PvKPivden/posts/pfbid02tuQEN6dazi7q42VYPFDSDHYmehr4NSyPqtGC4hjs6QSEV8pUvUVvxvPkQdcZkNdwl
2025-12-08 18:00,2025-12-09 09:00,Shahed-136/131,"Primorsko-Akhtarsk and Kursk oblast and Bryansk oblast and Oryol oblast and Millerovo and Hvardiiske, Crimea and Donetsk oblast",Ukraine,,110.0,84.0,0.0,,{},70.0,9.0,0.0,,,,,"{'south': NaN, 'north': NaN, 'east': NaN}",,,kpszsu/posts/pfbid0Ampr9PhNKJScH6f5vwSy2AdS5FFu9B3azDQPPeQDU9pWt8pNBP2Sya3bprdRGer4l
2025-12-09,2025-12-09,Молнія,,south,,21.0,21.0,,,{},,,,,,,,,,,PvKPivden/posts/pfbid07jtT1fBLsgTWXoXE3pESCTSzgYHQ7tYicEpdUytzXnFuGXr6jzJTyQC2xhGA4H4vl
2025-12-07 18:00,2025-12-08 09:00,Shahed-136/131,"Primorsko-Akhtarsk and Chauda, Crimea and Kursk oblast and Bryansk oblast and Oryol oblast and Millerovo and Donetsk oblast",Ukraine,,149.0,131.0,0.0,,{},90.0,11.0,4.0,,,,,"{'south': 14, 'north': NaN, 'east': NaN}",,,kpszsu/posts/pfbid02VX2GMTFpyPn5YEyVSrjzBacExTcvDn7vHDdXLVy1Um7ZUnBsnUKb8AgCV413vq7l
2025-12-08,2025-12-08,Молнія,,south,,5.0,5.0,,,{},,,,,,,,,,,PvKPivden/posts/pfbid033hQrdKbze4zWPwJNwGgPNdGzYoefriparpVwCjPcoSLrEcY7D9doRfxwnVcMAPptl
2025-12-06 18:00,2025-12-07 09:00,X-47 Kinzhal,Tambov oblast,Ukraine,,3.0,2.0,,,{},,,,MiG-31K,,,,,,,kpszsu/posts/pfbid0d2Rx2p1iSxS4i874x54NCZzg9fcsBvdA5SGa8s53UAmBLQsePqC2TyKm8KhpvAARl
2025-12-06 18:00,2025-12-07 09:00,Shahed-136/131,"Primorsko-Akhtarsk and Chauda, Crimea and Kursk oblast and Oryol oblast and Millerovo",Ukraine,,241.0,175.0,0.0,,{},150.0,14.0,0.0,,,,,"{'south': 8, 'north': NaN, 'east': NaN}",,,kpszsu/posts/pfbid0d2Rx2p1iSxS4i874x54NCZzg9fcsBvdA5SGa8s53UAmBLQsePqC2TyKm8KhpvAARl
2025-12-06 18:00,2025-12-07 09:00,Iskander-M/KN-23,Kursk oblast,Ukraine,,2.0,2.0,,,{},,,,,,,,,,,kpszsu/posts/pfbid0d2Rx2p1iSxS4i874x54NCZzg9fcsBvdA5SGa8s53UAmBLQsePqC2TyKm8KhpvAARl
2025-12-07,2025-12-07,Молнія,,south,,6.0,6.0,,,{},,,,,,,,,,,PvKPivden/posts/pfbid0ycrzdrq1huxrxWN7519qCh1voyRxB7b1V3bw3Ncs2L9iEW4hS49C2xge27XV93nhl
2025-12-05 18:00,2025-12-06 10:00,Shahed-136/131,"Primorsko-Akhtarsk and Chauda, Crimea and Kursk oblast and Bryansk oblast and Oryol oblast and Millerovo",Ukraine,,653.0,585.0,0.0,,{},300.0,29.0,3.0,,,,"['Lviv oblast', 'Ivano-Frankivsk oblast', 'Lutsk oblast', 'Kyiv oblast', 'Odesa oblast', 'Dnipropetrovsk oblast', 'Donetsk oblast', 'Chernihiv oblast']","{'west': 39, 'south': 28, 'north': NaN, 'east': NaN, 'center': NaN}",,,kpszsu/posts/pfbid08V2L3Y6pPBmVG3bXDkQWysJ4fhRpdpuUoPaD3BmYkJ5d4GWwKjzCjys9NmEZ7vPNl
2025-12-05 18:00,2025-12-06 10:00,Iskander-M/KN-23,Crimea and Bryansk oblast and Rostov oblast and Krasnodar Krai,Ukraine,,14.0,1.0,,,{},,,,,,,,,,,kpszsu/posts/pfbid08V2L3Y6pPBmVG3bXDkQWysJ4fhRpdpuUoPaD3BmYkJ5d4GWwKjzCjys9NmEZ7vPNl
2025-12-05 05:00,2025-12-06 08:00,X-101/X-555 and Kalibr and Iskander-K,Rostov oblast and Black Sea,Ukraine,,34.0,29.0,,,{},,,,,,,,"{'west': 12, 'south': 3}",,,kpszsu/posts/pfbid08V2L3Y6pPBmVG3bXDkQWysJ4fhRpdpuUoPaD3BmYkJ5d4GWwKjzCjys9NmEZ7vPNl
2025-12-06 01:20,2025-12-06 03:00,X-47 Kinzhal,Ryazan oblast and Tambov oblast,Ukraine,,3.0,0.0,,,{},,,,MiG-31K,,,,,,,kpszsu/posts/pfbid08V2L3Y6pPBmVG3bXDkQWysJ4fhRpdpuUoPaD3BmYkJ5d4GWwKjzCjys9NmEZ7vPNl
2025-12-06,2025-12-06,Молнія,,south,,5.0,5.0,,,{},,,,,,,,,,,PvKPivden/posts/pfbid02poRv4JsAszQac9RAWUZdmhxmrmSFZXa6awvLnSaxbqRJuGwZuHEkemYEPb5b6nZ3l
2025-12-04 19:00,2025-12-05 08:30,Shahed-136/131,"Primorsko-Akhtarsk and Chauda, Crimea and Kursk oblast and Oryol oblast and Millerovo",Ukraine,,137.0,80.0,0.0,,{},90.0,13.0,0.0,,,,,"{'south': 1, 'north': NaN, 'east': NaN, 'center': NaN}",,,kpszsu/posts/pfbid02ULXuS1VDqhdBr4W6JeJaGAZihR51Lrdsbv1XSznLTgRYLEysMoXM5YJFda5Q797il
2025-12-05,2025-12-05,Молнія,,south,,5.0,5.0,,,{},,,,,,,,,,,PvKPivden/posts/pfbid0EccSTRX19v2DiQ4ayzFhpcfPuVmg1kCqMKQxfNQieabpsP8YcYa4NULLoQEy4TVbl
2025-12-03 18:00,2025-12-04 09:00,Shahed-136/131,"Primorsko-Akhtarsk and Chauda, Crimea and Kursk oblast and Bryansk oblast and Oryol oblast and Millerovo",Ukraine,,138.0,114.0,0.0,,{},85.0,14.0,0.0,,,,,"{'south': 17, 'north': NaN, 'east': NaN}",,,kpszsu/posts/pfbid02jbnqt51T3VBG6ATaxLgPZwitZtn5p7X4wo6HrU9WovGFPmCz8jsBeDeaPNV1dMCsl
2025-12-03 18:00,2025-12-04 09:00,Iskander-M,Rostov oblast,Ukraine,,1.0,0.0,,,{},,,,,,,,,,,kpszsu/posts/pfbid02jbnqt51T3VBG6ATaxLgPZwitZtn5p7X4wo6HrU9WovGFPmCz8jsBeDeaPNV1dMCsl
2025-12-04,2025-12-04,Молнія,,south,,12.0,12.0,,,{},,,,,,,,,,,PvKPivden/posts/pfbid02oRbYvTEcik2rciMpGGNDMZSemcE3C6DXAt9Q1vTXN4ycNwcinZwxC5zP5rsudUKnl
2025-12-02 18:00,2025-12-03 08:00,Shahed-136/131,"Primorsko-Akhtarsk and Chauda, Crimea and Kursk oblast and Millerovo",Ukraine,,111.0,83.0,0.0,,{},60.0,13.0,1.0,,,,"['Kharkiv oblast', 'Odesa oblast', 'Dnipropetrovsk oblast', 'Zaporizhzhia oblast']","{'south': 13, 'north': NaN, 'east': NaN}",,,kpszsu/posts/pfbid0SrUYwpjgCWFbupTiPUohXfpphYV8W8Gnfeho1kd7hCuo1PLwFtyPCC1G7qWnGofCl
2025-12-03,2025-12-03,Iskander-M,Crimea,Mykolaiv oblast,,1.0,0.0,,,{},,,,,,,,,,,PvKPivden/posts/pfbid0djAXWhcMDBVhfzee7u4MCwAuSkCm5yc7ZSREZtBUcZnNvTkYvmKrQLdzFjnfsCfZl
2025-12-01 18:00,2025-12-02 08:30,Shahed-136/131,"Primorsko-Akhtarsk and Chauda, Crimea and Bryansk oblast and Oryol oblast and Millerovo and Donetsk oblast",Ukraine,,62.0,39.0,0.0,,{},35.0,8.0,0.0,,,,,"{'south': 11, 'north': NaN, 'east': NaN}",,,kpszsu/posts/pfbid02YydEvSbVz8TpwW8PdrL3apsg9ef8cv5ZcucN7VpMi3WpsGdarrBsjMiMYca3XTzCl
2025-12-02,2025-12-02,Unknown UAV,,south,,3.0,3.0,,,{},,,,,,,,,,,PvKPivden/posts/pfbid02XBf7vjjA1tVSGesadEAGUh9sKAXHVYe5pXuaQ5PFBiCikc972rnx71SWr8ft8Dv4l
