aoi,aoi_label,date,temperature_2m_mean,precipitation_sum,wind_speed_10m_max
kyiv,Kyiv,2025-12-01,3.4,0.9,8.1
kyiv,Kyiv,2025-12-02,3.9,0.1,5.4
kyiv,Kyiv,2025-12-03,5.3,1.2,12.2
kyiv,Kyiv,2025-12-04,5.6,1.4,14.6
kyiv,Kyiv,2025-12-05,4.2,0.0,14.2
kyiv,Kyiv,2025-12-06,0.9,0.0,14.5
kyiv,Kyiv,2025-12-07,2.2,0.0,12.6
kyiv,Kyiv,2025-12-08,1.0,0.0,10.2
kyiv,Kyiv,2025-12-09,2.3,4.3,16.0
kyiv,Kyiv,2025-12-10,5.6,0.4,10.9
kyiv,Kyiv,2025-12-11,6.8,0.4,13.9
kyiv,Kyiv,2025-12-12,6.7,1.3,22.9
kyiv,Kyiv,2025-12-13,-1.5,0.0,19.8
kyiv,Kyiv,2025-12-14,-1.2,3.9,11.5
kyiv,Kyiv,2025-12-15,1.9,1.6,13.2
kyiv,Kyiv,2025-12-16,1.4,0.0,8.9
kyiv,Kyiv,2025-12-17,1.6,0.0,12.4
kyiv,Kyiv,2025-12-18,1.9,0.0,10.9
kyiv,Kyiv,2025-12-19,0.5,0.0,5.9
kyiv,Kyiv,2025-12-20,-0.2,0.0,7.8
kyiv,Kyiv,2025-12-21,0.6,0.6,11.0
kyiv,Kyiv,2025-12-22,2.3,0.2,13.8
kyiv,Kyiv,2025-12-23,-0.1,1.2,13.9
kyiv,Kyiv,2025-12-24,-7.9,0.0,13.1
kyiv,Kyiv,2025-12-25,-6.4,0.0,17.8
kyiv,Kyiv,2025-12-26,-1.6,3.6,22.0
kyiv,Kyiv,2025-12-27,0.7,2.7,22.9
kyiv,Kyiv,2025-12-28,-0.1,5.1,26.1
kyiv,Kyiv,2025-12-29,-2.1,2.5,21.3
kyiv,Kyiv,2025-12-30,-4.0,2.4,21.0
kyiv,Kyiv,2025-12-31,-5.8,1.2,19.1
kyiv,Kyiv,2026-01-01,-9.9,0.3,18.9
kyiv,Kyiv,2026-01-02,-1.8,3.0,20.1
kyiv,Kyiv,2026-01-03,-1.6,0.5,16.9
kyiv,Kyiv,2026-01-04,-3.7,1.0,16.1
kyiv,Kyiv,2026-01-05,-6.8,0.1,13.6
kyiv,Kyiv,2026-01-06,-2.2,9.8,20.8
kyiv,Kyiv,2026-01-07,-1.6,2.0,12.7
kyiv,Kyiv,2026-01-08,-1.3,15.7,17.6
kyiv,Kyiv,2026-01-09,-7.3,4.7,21.0
kyiv,Kyiv,2026-01-10,-11.0,0.0,15.1
kyiv,Kyiv,2026-01-11,-14.0,0.0,11.4
kyiv,Kyiv,2026-01-12,-13.3,0.0,9.5
kyiv,Kyiv,2026-01-13,-13.3,0.7,7.6
kyiv,Kyiv,2026-01-14,-12.7,0.0,7.8
kyiv,Kyiv,2026-01-15,-14.9,0.0,9.0
kyiv,Kyiv,2026-01-16,-15.2,0.0,10.1
kyiv,Kyiv,2026-01-17,-13.4,0.0,12.1
kyiv,Kyiv,2026-01-18,-15.1,0.0,8.7
kyiv,Kyiv,2026-01-19,-14.1,0.0,7.6
kyiv,Kyiv,2026-01-20,-12.5,0.0,11.9
kyiv,Kyiv,2026-01-21,-11.9,0.0,11.1
kyiv,Kyiv,2026-01-22,-6.3,0.0,14.6
kyiv,Kyiv,2026-01-23,-7.9,1.3,13.4
kyiv,Kyiv,2026-01-24,-12.0,0.0,11.1
kyiv,Kyiv,2026-01-25,-10.5,0.1,14.1
kyiv,Kyiv,2026-01-26,-5.2,2.9,22.2
kyiv,Kyiv,2026-01-27,-4.3,4.0,14.9
kyiv,Kyiv,2026-01-28,-0.6,5.0,9.9
kyiv,Kyiv,2026-01-29,-0.5,1.9,15.7
kyiv,Kyiv,2026-01-30,-8.3,0.3,18.5
kyiv,Kyiv,2026-01-31,-12.2,0.0,20.7
kyiv,Kyiv,2026-02-01,-16.3,0.0,13.2
kyiv,Kyiv,2026-02-02,-18.5,0.0,11.8
kyiv,Kyiv,2026-02-03,-17.6,0.0,10.1
kyiv,Kyiv,2026-02-04,-13.4,2.6,17.1
kyiv,Kyiv,2026-02-05,-7.2,4.1,20.7
kyiv,Kyiv,2026-02-06,-7.4,0.7,17.0
kyiv,Kyiv,2026-02-07,-5.5,5.4,9.5
kyiv,Kyiv,2026-02-08,-6.4,0.4,17.6
kyiv,Kyiv,2026-02-09,-12.1,0.0,14.5
kyiv,Kyiv,2026-02-10,-14.7,0.0,16.4
kyiv,Kyiv,2026-02-11,-3.8,0.0,18.0
kyiv,Kyiv,2026-02-12,1.5,0.2,17.1
kyiv,Kyiv,2026-02-13,1.6,0.0,11.3
kyiv,Kyiv,2026-02-14,1.5,0.5,13.9
kyiv,Kyiv,2026-02-15,-0.9,11.9,19.9
kyiv,Kyiv,2026-02-16,-7.5,1.2,22.0
kyiv,Kyiv,2026-02-17,-9.4,0.0,10.1
kyiv,Kyiv,2026-02-18,-10.2,2.5,15.7
kyiv,Kyiv,2026-02-19,-6.6,2.0,17.5
kyiv,Kyiv,2026-02-20,-6.1,0.0,15.1
kyiv,Kyiv,2026-02-21,-10.5,0.0,12.3
kyiv,Kyiv,2026-02-22,-3.6,0.0,12.9
kyiv,Kyiv,2026-02-23,1.8,5.7,17.8
kyiv,Kyiv,2026-02-24,2.0,0.7,12.5
kyiv,Kyiv,2026-02-25,0.3,3.2,13.7
kyiv,Kyiv,2026-02-26,-2.4,0.0,15.7
kyiv,Kyiv,2026-02-27,-2.1,0.0,11.2
kyiv,Kyiv,2026-02-28,-1.5,0.0,12.9
kyiv,Kyiv,2026-03-01,0.6,0.0,14.0
kyiv,Kyiv,2026-03-02,2.5,0.0,15.1
kyiv,Kyiv,2026-03-03,1.4,0.0,14.1
kyiv,Kyiv,2026-03-04,2.0,0.0,17.1
kyiv,Kyiv,2026-03-05,2.7,0.0,18.0
kyiv,Kyiv,2026-03-06,2.0,0.0,16.9
kyiv,Kyiv,2026-03-07,2.9,0.0,11.2
kyiv,Kyiv,2026-03-08,3.5,0.0,8.6
kyiv,Kyiv,2026-03-09,5.3,0.0,11.9
kyiv,Kyiv,2026-03-10,6.7,0.0,15.0
kyiv,Kyiv,2026-03-11,8.3,0.0,14.9
kyiv,Kyiv,2026-03-12,7.9,0.0,13.4
kyiv,Kyiv,2026-03-13,8.2,0.0,14.0
kyiv,Kyiv,2026-03-14,5.9,0.0,16.6
kyiv,Kyiv,2026-03-15,5.9,0.0,13.1
kyiv,Kyiv,2026-03-16,5.9,0.0,9.4
kyiv,Kyiv,2026-03-17,4.3,0.0,9.6
kyiv,Kyiv,2026-03-18,3.5,0.5,14.6
kyiv,Kyiv,2026-03-19,4.8,0.0,11.2
kyiv,Kyiv,2026-03-20,5.8,0.0,12.0
kyiv,Kyiv,2026-03-21,5.0,0.0,13.5
kyiv,Kyiv,2026-03-22,6.1,0.0,11.2
kyiv,Kyiv,2026-03-23,5.9,0.0,7.4
kyiv,Kyiv,2026-03-24,7.3,0.0,9.1
kyiv,Kyiv,2026-03-25,8.6,0.0,13.6
kyiv,Kyiv,2026-03-26,9.5,0.1,14.7
kyiv,Kyiv,2026-03-27,11.8,0.0,10.3
kyiv,Kyiv,2026-03-28,10.8,0.3,14.9
kyiv,Kyiv,2026-03-29,10.3,0.0,13.0
kyiv,Kyiv,2026-03-30,8.8,1.5,12.7
kyiv,Kyiv,2026-03-31,11.6,0.3,12.3
kyiv,Kyiv,2026-04-01,12.6,0.4,15.5
kyiv,Kyiv,2026-04-02,11.9,4.9,11.2
kyiv,Kyiv,2026-04-03,12.0,0.5,13.0
kyiv,Kyiv,2026-04-04,11.4,0.0,13.3
kyiv,Kyiv,2026-04-05,10.8,0.0,17.8
kyiv,Kyiv,2026-04-06,9.0,1.8,25.2
kyiv,Kyiv,2026-04-07,5.2,1.7,19.6
kyiv,Kyiv,2026-04-08,4.4,0.9,19.4
kyiv,Kyiv,2026-04-09,3.5,1.5,19.9
kyiv,Kyiv,2026-04-10,2.4,3.3,19.4
kyiv,Kyiv,2026-04-11,3.4,1.8,10.9
kyiv,Kyiv,2026-04-12,4.2,0.9,7.3
kyiv,Kyiv,2026-04-13,6.1,0.6,13.0
kyiv,Kyiv,2026-04-14,9.9,0.0,12.9
kyiv,Kyiv,2026-04-15,11.6,0.0,13.3
kyiv,Kyiv,2026-04-16,12.8,0.1,13.1
kyiv,Kyiv,2026-04-17,11.0,0.0,19.5
kyiv,Kyiv,2026-04-18,8.4,1.1,16.7
kyiv,Kyiv,2026-04-19,8.2,0.0,18.7
kyiv,Kyiv,2026-04-20,6.0,0.1,11.1
kyiv,Kyiv,2026-04-21,5.6,0.3,12.4
kyiv,Kyiv,2026-04-22,9.0,0.0,14.9
kyiv,Kyiv,2026-04-23,7.6,0.9,28.0
kyiv,Kyiv,2026-04-24,7.2,0.0,20.5
kyiv,Kyiv,2026-04-25,10.7,0.3,18.6
kyiv,Kyiv,2026-04-26,7.1,5.3,34.1
kyiv,Kyiv,2026-04-27,5.5,0.1,29.8
kyiv,Kyiv,2026-04-28,6.3,0.6,17.8
kyiv,Kyiv,2026-04-29,5.4,0.1,12.0
kyiv,Kyiv,2026-04-30,5.8,0.5,13.8
kyiv,Kyiv,2026-05-01,8.5,0.0,12.4
kyiv,Kyiv,2026-05-02,10.7,0.0,12.5
kyiv,Kyiv,2026-05-03,15.3,0.0,12.7
kyiv,Kyiv,2026-05-04,19.5,0.0,15.0
kyiv,Kyiv,2026-05-05,21.8,0.0,13.5
kyiv,Kyiv,2026-05-06,23.0,0.0,14.0
kyiv,Kyiv,2026-05-07,22.3,0.0,19.6
kyiv,Kyiv,2026-05-08,17.6,0.1,16.7
kyiv,Kyiv,2026-05-09,16.8,0.0,10.1
kyiv,Kyiv,2026-05-10,13.5,10.8,10.5
kyiv,Kyiv,2026-05-11,14.4,0.0,11.6
kyiv,Kyiv,2026-05-12,15.8,2.9,19.4
kyiv,Kyiv,2026-05-13,12.9,3.2,17.5
kyiv,Kyiv,2026-05-14,13.0,0.1,17.1
kyiv,Kyiv,2026-05-15,15.5,0.0,16.2
kyiv,Kyiv,2026-05-16,18.3,0.0,12.2
kyiv,Kyiv,2026-05-17,17.8,2.2,16.1
kyiv,Kyiv,2026-05-18,17.9,4.2,13.2
kyiv,Kyiv,2026-05-19,19.0,1.1,15.9
kyiv,Kyiv,2026-05-20,19.7,8.1,13.2
kyiv,Kyiv,2026-05-21,22.3,2.3,24.6
kyiv,Kyiv,2026-05-22,22.9,0.8,17.0
kyiv,Kyiv,2026-05-23,20.4,0.0,17.6
kyiv,Kyiv,2026-05-24,20.5,0.0,13.6
kyiv,Kyiv,2026-05-25,20.5,0.1,20.5
kyiv,Kyiv,2026-05-26,18.9,0.3,25.1
kyiv,Kyiv,2026-05-27,17.5,2.8,27.7
kyiv,Kyiv,2026-05-28,12.4,2.9,23.1
kyiv,Kyiv,2026-05-29,11.3,2.6,20.8
kyiv,Kyiv,2026-05-30,10.8,6.2,16.1
kyiv,Kyiv,2026-05-31,11.2,3.6,7.1
kyiv,Kyiv,2026-06-01,15.3,0.0,8.3
kyiv,Kyiv,2026-06-02,18.2,0.0,14.1
kyiv,Kyiv,2026-06-03,15.4,4.6,13.0
kyiv,Kyiv,2026-06-04,17.6,8.3,10.4
kyiv,Kyiv,2026-06-05,21.0,0.4,9.6
kyiv,Kyiv,2026-06-06,22.2,5.1,12.0
kyiv,Kyiv,2026-06-07,19.0,16.7,10.5
kyiv,Kyiv,2026-06-08,18.0,21.5,17.1
kyiv,Kyiv,2026-06-09,18.6,0.3,18.1
kyiv,Kyiv,2026-06-10,21.2,0.1,8.0
kyiv,Kyiv,2026-06-11,22.9,0.1,13.0
kyiv,Kyiv,2026-06-12,18.8,12.5,16.9
kyiv,Kyiv,2026-06-13,15.8,0.5,16.5
kyiv,Kyiv,2026-06-14,17.2,2.9,12.5
kyiv,Kyiv,2026-06-15,15.8,7.1,15.9
kyiv,Kyiv,2026-06-16,15.6,2.1,20.9
kyiv,Kyiv,2026-06-17,17.3,0.1,15.1
kyiv,Kyiv,2026-06-18,18.3,0.6,13.7
kyiv,Kyiv,2026-06-19,21.2,0.7,13.5
kyiv,Kyiv,2026-06-20,21.6,0.0,13.6
kyiv,Kyiv,2026-06-21,24.1,0.0,12.1
kyiv,Kyiv,2026-06-22,25.0,0.9,16.2
kyiv,Kyiv,2026-06-23,23.7,1.0,11.6
kyiv,Kyiv,2026-06-24,24.5,0.0,13.0
kyiv,Kyiv,2026-06-25,23.5,0.3,16.7
kyiv,Kyiv,2026-06-26,22.4,0.0,14.9
kyiv,Kyiv,2026-06-27,25.1,0.0,17.7
kyiv,Kyiv,2026-06-28,26.2,0.0,14.8
kyiv,Kyiv,2026-06-29,26.4,11.2,11.5
kyiv,Kyiv,2026-06-30,27.1,0.6,15.7
kyiv,Kyiv,2026-07-01,26.6,0.0,11.4
kyiv,Kyiv,2026-07-02,28.4,0.0,9.4
kyiv,Kyiv,2026-07-03,23.6,5.3,16.1
kharkiv,Kharkiv,2025-12-01,2.5,1.0,15.5
kharkiv,Kharkiv,2025-12-02,3.1,0.2,10.3
kharkiv,Kharkiv,2025-12-03,3.2,0.0,11.3
kharkiv,Kharkiv,2025-12-04,3.1,0.4,10.1
kharkiv,Kharkiv,2025-12-05,1.9,0.0,12.8
kharkiv,Kharkiv,2025-12-06,0.9,0.0,16.1
kharkiv,Kharkiv,2025-12-07,2.0,0.0,17.7
kharkiv,Kharkiv,2025-12-08,0.5,0.0,17.8
kharkiv,Kharkiv,2025-12-09,-0.2,1.0,14.0
kharkiv,Kharkiv,2025-12-10,0.9,3.2,9.5
kharkiv,Kharkiv,2025-12-11,2.5,3.6,16.8
kharkiv,Kharkiv,2025-12-12,5.5,3.6,24.5
kharkiv,Kharkiv,2025-12-13,-2.8,0.2,26.3
kharkiv,Kharkiv,2025-12-14,-5.0,0.0,11.5
kharkiv,Kharkiv,2025-12-15,-3.2,2.3,11.9
kharkiv,Kharkiv,2025-12-16,0.8,0.5,12.0
kharkiv,Kharkiv,2025-12-17,1.2,0.0,11.8
kharkiv,Kharkiv,2025-12-18,2.3,0.1,11.0
kharkiv,Kharkiv,2025-12-19,0.8,0.0,8.7
kharkiv,Kharkiv,2025-12-20,-1.2,0.0,6.5
kharkiv,Kharkiv,2025-12-21,-1.1,0.3,10.1
kharkiv,Kharkiv,2025-12-22,1.0,0.1,15.3
kharkiv,Kharkiv,2025-12-23,-0.8,1.6,13.6
kharkiv,Kharkiv,2025-12-24,-9.3,0.0,13.4
kharkiv,Kharkiv,2025-12-25,-7.2,0.0,14.7
kharkiv,Kharkiv,2025-12-26,-2.6,5.3,21.3
kharkiv,Kharkiv,2025-12-27,-0.8,1.1,18.7
kharkiv,Kharkiv,2025-12-28,-2.1,7.5,19.8
kharkiv,Kharkiv,2025-12-29,-2.8,3.4,15.9
kharkiv,Kharkiv,2025-12-30,-4.0,1.8,19.5
kharkiv,Kharkiv,2025-12-31,-7.1,0.6,17.8
kharkiv,Kharkiv,2026-01-01,-8.3,0.4,12.5
kharkiv,Kharkiv,2026-01-02,-3.9,1.2,25.0
kharkiv,Kharkiv,2026-01-03,1.1,11.3,27.8
kharkiv,Kharkiv,2026-01-04,-2.9,2.3,15.1
kharkiv,Kharkiv,2026-01-05,-5.3,0.3,12.5
kharkiv,Kharkiv,2026-01-06,-1.8,3.8,21.5
kharkiv,Kharkiv,2026-01-07,1.9,0.5,14.8
kharkiv,Kharkiv,2026-01-08,3.5,10.5,25.6
kharkiv,Kharkiv,2026-01-09,-0.9,3.1,21.8
kharkiv,Kharkiv,2026-01-10,-1.7,1.8,19.3
kharkiv,Kharkiv,2026-01-11,-7.0,12.0,23.5
kharkiv,Kharkiv,2026-01-12,-11.1,0.0,13.6
kharkiv,Kharkiv,2026-01-13,-11.7,0.0,7.5
kharkiv,Kharkiv,2026-01-14,-11.2,0.2,5.9
kharkiv,Kharkiv,2026-01-15,-11.6,1.8,16.6
kharkiv,Kharkiv,2026-01-16,-12.6,0.0,17.0
kharkiv,Kharkiv,2026-01-17,-14.2,0.0,16.7
kharkiv,Kharkiv,2026-01-18,-12.4,0.0,13.5
kharkiv,Kharkiv,2026-01-19,-13.0,0.0,11.8
kharkiv,Kharkiv,2026-01-20,-9.6,0.0,12.0
kharkiv,Kharkiv,2026-01-21,-9.2,0.0,12.5
kharkiv,Kharkiv,2026-01-22,-9.6,0.0,13.5
kharkiv,Kharkiv,2026-01-23,-10.9,0.0,16.3
kharkiv,Kharkiv,2026-01-24,-13.1,1.2,13.9
kharkiv,Kharkiv,2026-01-25,-11.6,0.3,11.3
kharkiv,Kharkiv,2026-01-26,-13.0,0.0,18.6
kharkiv,Kharkiv,2026-01-27,-10.1,0.5,17.4
kharkiv,Kharkiv,2026-01-28,-0.7,1.5,18.1
kharkiv,Kharkiv,2026-01-29,1.7,6.3,16.4
kharkiv,Kharkiv,2026-01-30,-2.6,11.5,18.0
kharkiv,Kharkiv,2026-01-31,-9.9,3.9,20.0
kharkiv,Kharkiv,2026-02-01,-16.8,0.0,16.5
kharkiv,Kharkiv,2026-02-02,-19.2,0.0,9.6
kharkiv,Kharkiv,2026-02-03,-18.6,0.0,10.3
kharkiv,Kharkiv,2026-02-04,-17.8,0.0,8.3
kharkiv,Kharkiv,2026-02-05,-13.1,0.0,16.3
kharkiv,Kharkiv,2026-02-06,-9.1,0.7,17.3
kharkiv,Kharkiv,2026-02-07,-1.4,6.3,13.1
kharkiv,Kharkiv,2026-02-08,-5.3,2.4,19.1
kharkiv,Kharkiv,2026-02-09,-11.7,0.3,18.2
kharkiv,Kharkiv,2026-02-10,-14.4,0.0,10.0
kharkiv,Kharkiv,2026-02-11,-10.4,0.0,12.6
kharkiv,Kharkiv,2026-02-12,-1.3,1.2,18.6
kharkiv,Kharkiv,2026-02-13,1.5,0.0,14.1
kharkiv,Kharkiv,2026-02-14,1.5,19.6,17.7
kharkiv,Kharkiv,2026-02-15,1.9,8.2,19.6
kharkiv,Kharkiv,2026-02-16,-0.1,5.3,30.0
kharkiv,Kharkiv,2026-02-17,-6.5,0.0,11.7
kharkiv,Kharkiv,2026-02-18,-5.4,14.6,23.7
kharkiv,Kharkiv,2026-02-19,-3.2,6.7,24.5
kharkiv,Kharkiv,2026-02-20,-5.5,1.4,13.3
kharkiv,Kharkiv,2026-02-21,-9.3,0.0,11.1
kharkiv,Kharkiv,2026-02-22,-6.8,0.0,11.6
kharkiv,Kharkiv,2026-02-23,-4.1,0.0,12.0
kharkiv,Kharkiv,2026-02-24,0.2,8.2,13.2
kharkiv,Kharkiv,2026-02-25,0.8,3.4,11.4
kharkiv,Kharkiv,2026-02-26,0.6,0.3,12.8
kharkiv,Kharkiv,2026-02-27,-1.5,0.0,9.1
kharkiv,Kharkiv,2026-02-28,-2.8,0.0,9.0
kharkiv,Kharkiv,2026-03-01,1.3,0.0,10.1
kharkiv,Kharkiv,2026-03-02,2.0,0.0,16.4
kharkiv,Kharkiv,2026-03-03,1.2,0.8,15.5
kharkiv,Kharkiv,2026-03-04,1.5,0.0,17.5
kharkiv,Kharkiv,2026-03-05,1.0,0.3,20.4
kharkiv,Kharkiv,2026-03-06,1.1,0.2,18.1
kharkiv,Kharkiv,2026-03-07,0.8,0.1,11.7
kharkiv,Kharkiv,2026-03-08,2.4,0.0,14.8
kharkiv,Kharkiv,2026-03-09,3.2,0.0,12.4
kharkiv,Kharkiv,2026-03-10,5.9,0.0,11.0
kharkiv,Kharkiv,2026-03-11,7.1,0.0,12.0
kharkiv,Kharkiv,2026-03-12,6.7,0.0,7.7
kharkiv,Kharkiv,2026-03-13,6.4,0.0,11.6
kharkiv,Kharkiv,2026-03-14,5.0,0.0,15.9
kharkiv,Kharkiv,2026-03-15,5.1,0.0,18.0
kharkiv,Kharkiv,2026-03-16,4.5,0.0,17.6
kharkiv,Kharkiv,2026-03-17,2.5,1.9,9.7
kharkiv,Kharkiv,2026-03-18,3.4,0.0,9.7
kharkiv,Kharkiv,2026-03-19,3.7,19.7,14.8
kharkiv,Kharkiv,2026-03-20,4.0,2.3,14.1
kharkiv,Kharkiv,2026-03-21,5.1,0.0,18.2
kharkiv,Kharkiv,2026-03-22,3.2,0.0,13.9
kharkiv,Kharkiv,2026-03-23,4.3,0.0,10.9
kharkiv,Kharkiv,2026-03-24,5.1,1.0,9.9
kharkiv,Kharkiv,2026-03-25,7.7,0.1,11.4
kharkiv,Kharkiv,2026-03-26,10.3,0.0,13.9
kharkiv,Kharkiv,2026-03-27,8.5,3.5,10.7
kharkiv,Kharkiv,2026-03-28,9.5,0.2,9.6
kharkiv,Kharkiv,2026-03-29,12.2,0.0,16.1
kharkiv,Kharkiv,2026-03-30,12.2,0.7,13.0
kharkiv,Kharkiv,2026-03-31,12.2,2.0,11.7
kharkiv,Kharkiv,2026-04-01,11.8,2.1,11.9
kharkiv,Kharkiv,2026-04-02,11.9,0.5,8.3
kharkiv,Kharkiv,2026-04-03,11.4,8.0,13.3
kharkiv,Kharkiv,2026-04-04,11.7,7.0,13.0
kharkiv,Kharkiv,2026-04-05,9.4,0.0,20.2
kharkiv,Kharkiv,2026-04-06,10.0,6.6,24.0
kharkiv,Kharkiv,2026-04-07,5.3,1.6,20.4
kharkiv,Kharkiv,2026-04-08,4.4,1.6,9.9
kharkiv,Kharkiv,2026-04-09,5.1,0.8,14.8
kharkiv,Kharkiv,2026-04-10,1.7,8.5,14.0
kharkiv,Kharkiv,2026-04-11,3.4,2.3,12.4
kharkiv,Kharkiv,2026-04-12,6.2,0.1,10.0
kharkiv,Kharkiv,2026-04-13,8.1,0.4,13.0
kharkiv,Kharkiv,2026-04-14,7.5,5.4,27.3
kharkiv,Kharkiv,2026-04-15,8.1,1.1,17.3
kharkiv,Kharkiv,2026-04-16,11.5,0.0,9.4
kharkiv,Kharkiv,2026-04-17,12.5,0.6,16.9
kharkiv,Kharkiv,2026-04-18,8.9,10.9,13.3
kharkiv,Kharkiv,2026-04-19,7.6,2.5,19.6
kharkiv,Kharkiv,2026-04-20,4.6,0.0,16.2
kharkiv,Kharkiv,2026-04-21,4.9,0.0,9.0
kharkiv,Kharkiv,2026-04-22,5.1,0.8,15.7
kharkiv,Kharkiv,2026-04-23,5.2,3.3,23.7
kharkiv,Kharkiv,2026-04-24,3.2,4.6,24.1
kharkiv,Kharkiv,2026-04-25,7.5,0.5,19.1
kharkiv,Kharkiv,2026-04-26,9.5,6.7,33.4
kharkiv,Kharkiv,2026-04-27,4.5,0.5,28.4
kharkiv,Kharkiv,2026-04-28,5.2,0.4,21.1
kharkiv,Kharkiv,2026-04-29,5.0,0.1,10.1
kharkiv,Kharkiv,2026-04-30,5.0,0.5,12.7
kharkiv,Kharkiv,2026-05-01,5.4,0.7,9.3
kharkiv,Kharkiv,2026-05-02,6.8,0.0,9.7
kharkiv,Kharkiv,2026-05-03,9.2,0.0,5.6
kharkiv,Kharkiv,2026-05-04,13.3,0.0,7.9
kharkiv,Kharkiv,2026-05-05,17.2,0.0,11.8
kharkiv,Kharkiv,2026-05-06,19.7,0.0,13.2
kharkiv,Kharkiv,2026-05-07,22.0,0.0,13.8
kharkiv,Kharkiv,2026-05-08,21.3,0.0,12.7
kharkiv,Kharkiv,2026-05-09,19.2,0.0,15.0
kharkiv,Kharkiv,2026-05-10,19.6,0.4,15.5
kharkiv,Kharkiv,2026-05-11,16.8,1.7,13.9
kharkiv,Kharkiv,2026-05-12,17.6,0.0,12.3
kharkiv,Kharkiv,2026-05-13,18.2,0.0,12.4
kharkiv,Kharkiv,2026-05-14,15.5,4.7,13.5
kharkiv,Kharkiv,2026-05-15,13.8,0.8,13.2
kharkiv,Kharkiv,2026-05-16,16.7,0.0,10.7
kharkiv,Kharkiv,2026-05-17,17.5,8.2,20.2
kharkiv,Kharkiv,2026-05-18,19.6,0.1,15.4
kharkiv,Kharkiv,2026-05-19,23.2,0.5,22.3
kharkiv,Kharkiv,2026-05-20,23.9,0.7,27.1
kharkiv,Kharkiv,2026-05-21,25.2,0.0,20.4
kharkiv,Kharkiv,2026-05-22,25.5,0.0,16.6
kharkiv,Kharkiv,2026-05-23,22.5,12.5,14.9
kharkiv,Kharkiv,2026-05-24,20.8,0.0,12.6
kharkiv,Kharkiv,2026-05-25,19.7,1.5,17.4
kharkiv,Kharkiv,2026-05-26,16.3,0.2,28.6
kharkiv,Kharkiv,2026-05-27,14.3,2.5,21.3
kharkiv,Kharkiv,2026-05-28,11.7,2.5,20.2
kharkiv,Kharkiv,2026-05-29,11.1,0.4,20.4
kharkiv,Kharkiv,2026-05-30,10.1,3.8,8.4
kharkiv,Kharkiv,2026-05-31,10.8,2.1,10.1
kharkiv,Kharkiv,2026-06-01,12.5,3.0,17.2
kharkiv,Kharkiv,2026-06-02,17.4,0.0,9.9
kharkiv,Kharkiv,2026-06-03,20.1,0.0,12.1
kharkiv,Kharkiv,2026-06-04,18.6,1.5,14.9
kharkiv,Kharkiv,2026-06-05,21.2,1.7,10.0
kharkiv,Kharkiv,2026-06-06,23.7,0.0,7.5
kharkiv,Kharkiv,2026-06-07,24.0,0.7,10.9
kharkiv,Kharkiv,2026-06-08,23.0,1.5,18.9
kharkiv,Kharkiv,2026-06-09,22.2,0.4,11.0
kharkiv,Kharkiv,2026-06-10,22.6,0.5,7.2
kharkiv,Kharkiv,2026-06-11,24.2,1.2,12.3
kharkiv,Kharkiv,2026-06-12,24.5,0.4,9.5
kharkiv,Kharkiv,2026-06-13,20.2,15.4,15.3
kharkiv,Kharkiv,2026-06-14,18.6,0.0,14.1
kharkiv,Kharkiv,2026-06-15,17.9,1.7,19.4
kharkiv,Kharkiv,2026-06-16,17.7,1.4,19.6
kharkiv,Kharkiv,2026-06-17,17.3,0.7,21.0
kharkiv,Kharkiv,2026-06-18,19.2,1.0,12.1
kharkiv,Kharkiv,2026-06-19,19.8,0.0,10.3
kharkiv,Kharkiv,2026-06-20,21.7,0.7,14.9
kharkiv,Kharkiv,2026-06-21,21.2,0.0,20.1
kharkiv,Kharkiv,2026-06-22,22.9,2.9,14.4
kharkiv,Kharkiv,2026-06-23,23.4,0.2,14.0
kharkiv,Kharkiv,2026-06-24,23.8,0.0,11.6
kharkiv,Kharkiv,2026-06-25,22.0,0.5,14.7
kharkiv,Kharkiv,2026-06-26,19.8,0.4,18.6
kharkiv,Kharkiv,2026-06-27,20.7,0.7,14.7
kharkiv,Kharkiv,2026-06-28,22.2,0.0,19.7
kharkiv,Kharkiv,2026-06-29,22.9,0.1,12.6
kharkiv,Kharkiv,2026-06-30,23.9,0.1,13.2
kharkiv,Kharkiv,2026-07-01,25.5,0.0,9.5
kharkiv,Kharkiv,2026-07-02,28.2,0.0,13.4
kharkiv,Kharkiv,2026-07-03,29.2,0.2,12.8
odesa,Odesa,2025-12-01,7.4,1.0,17.9
odesa,Odesa,2025-12-02,7.4,0.2,8.1
odesa,Odesa,2025-12-03,8.4,1.2,14.8
odesa,Odesa,2025-12-04,9.1,0.4,20.8
odesa,Odesa,2025-12-05,6.3,0.1,26.2
odesa,Odesa,2025-12-06,5.1,0.0,26.9
odesa,Odesa,2025-12-07,5.9,0.0,22.1
odesa,Odesa,2025-12-08,4.5,0.3,18.7
odesa,Odesa,2025-12-09,3.4,0.0,11.6
odesa,Odesa,2025-12-10,5.9,1.7,11.5
odesa,Odesa,2025-12-11,7.2,0.3,12.1
odesa,Odesa,2025-12-12,8.3,0.4,19.3
odesa,Odesa,2025-12-13,4.7,0.1,21.2
odesa,Odesa,2025-12-14,3.6,0.5,16.6
odesa,Odesa,2025-12-15,5.5,0.0,17.1
odesa,Odesa,2025-12-16,5.9,0.0,11.7
odesa,Odesa,2025-12-17,8.3,0.1,16.0
odesa,Odesa,2025-12-18,5.4,0.0,15.1
odesa,Odesa,2025-12-19,5.2,0.0,11.2
odesa,Odesa,2025-12-20,2.7,0.0,10.0
odesa,Odesa,2025-12-21,4.9,0.0,9.4
odesa,Odesa,2025-12-22,3.7,0.0,12.8
odesa,Odesa,2025-12-23,2.7,0.0,9.3
odesa,Odesa,2025-12-24,1.5,0.0,19.6
odesa,Odesa,2025-12-25,-5.2,0.0,19.8
odesa,Odesa,2025-12-26,-3.8,1.1,24.5
odesa,Odesa,2025-12-27,1.1,1.5,21.6
odesa,Odesa,2025-12-28,1.8,3.2,29.2
odesa,Odesa,2025-12-29,0.4,0.2,40.8
odesa,Odesa,2025-12-30,-0.5,0.2,19.8
odesa,Odesa,2025-12-31,-2.1,0.0,25.5
odesa,Odesa,2026-01-01,-2.7,0.0,20.2
odesa,Odesa,2026-01-02,2.9,0.0,25.3
odesa,Odesa,2026-01-03,3.8,3.5,24.1
odesa,Odesa,2026-01-04,3.0,2.1,20.6
odesa,Odesa,2026-01-05,2.1,3.3,26.0
odesa,Odesa,2026-01-06,9.0,0.1,21.4
odesa,Odesa,2026-01-07,9.6,0.0,19.3
odesa,Odesa,2026-01-08,4.4,11.0,32.0
odesa,Odesa,2026-01-09,-1.3,0.0,28.5
odesa,Odesa,2026-01-10,-1.0,1.6,19.7
odesa,Odesa,2026-01-11,-5.8,1.2,23.5
odesa,Odesa,2026-01-12,-4.2,0.1,11.6
odesa,Odesa,2026-01-13,-4.2,0.0,15.0
odesa,Odesa,2026-01-14,-3.9,0.0,12.0
odesa,Odesa,2026-01-15,-5.4,1.6,15.5
odesa,Odesa,2026-01-16,-7.1,0.0,23.1
odesa,Odesa,2026-01-17,-9.1,0.0,20.7
odesa,Odesa,2026-01-18,-7.7,0.0,22.3
odesa,Odesa,2026-01-19,-5.2,0.1,19.4
odesa,Odesa,2026-01-20,-6.9,0.0,12.3
odesa,Odesa,2026-01-21,-3.1,0.0,15.5
odesa,Odesa,2026-01-22,1.1,0.0,20.1
odesa,Odesa,2026-01-23,-1.3,1.4,17.7
odesa,Odesa,2026-01-24,-2.6,0.0,13.5
odesa,Odesa,2026-01-25,0.9,1.5,22.6
odesa,Odesa,2026-01-26,1.9,9.6,25.9
odesa,Odesa,2026-01-27,1.1,5.0,22.5
odesa,Odesa,2026-01-28,3.3,0.0,20.0
odesa,Odesa,2026-01-29,6.3,4.0,16.9
odesa,Odesa,2026-01-30,2.9,18.2,22.0
odesa,Odesa,2026-01-31,-5.6,1.8,22.9
odesa,Odesa,2026-02-01,-8.2,0.0,19.7
odesa,Odesa,2026-02-02,-8.7,0.0,20.1
odesa,Odesa,2026-02-03,-7.7,0.0,12.5
odesa,Odesa,2026-02-04,0.3,1.0,29.3
odesa,Odesa,2026-02-05,0.4,0.4,27.2
odesa,Odesa,2026-02-06,0.1,3.6,23.3
odesa,Odesa,2026-02-07,0.9,0.0,14.6
odesa,Odesa,2026-02-08,-0.6,0.4,16.0
odesa,Odesa,2026-02-09,-5.5,0.2,21.2
odesa,Odesa,2026-02-10,-6.4,0.0,11.8
odesa,Odesa,2026-02-11,1.9,0.2,19.8
odesa,Odesa,2026-02-12,5.3,0.0,23.9
odesa,Odesa,2026-02-13,3.6,4.3,13.6
odesa,Odesa,2026-02-14,4.6,4.5,19.7
odesa,Odesa,2026-02-15,6.2,13.3,28.7
odesa,Odesa,2026-02-16,0.5,0.1,26.9
odesa,Odesa,2026-02-17,-0.7,0.1,22.3
odesa,Odesa,2026-02-18,-2.3,16.7,32.6
odesa,Odesa,2026-02-19,-2.4,1.0,25.5
odesa,Odesa,2026-02-20,2.7,0.0,23.3
odesa,Odesa,2026-02-21,-0.4,0.0,20.9
odesa,Odesa,2026-02-22,-0.2,0.0,16.6
odesa,Odesa,2026-02-23,2.1,3.9,15.9
odesa,Odesa,2026-02-24,3.5,2.6,14.5
odesa,Odesa,2026-02-25,2.3,0.7,21.6
odesa,Odesa,2026-02-26,0.7,0.0,26.1
odesa,Odesa,2026-02-27,1.7,0.0,15.3
odesa,Odesa,2026-02-28,1.4,0.0,12.4
odesa,Odesa,2026-03-01,2.8,0.0,13.9
odesa,Odesa,2026-03-02,4.8,0.0,12.6
odesa,Odesa,2026-03-03,5.6,0.0,21.6
odesa,Odesa,2026-03-04,4.8,0.0,17.6
odesa,Odesa,2026-03-05,7.0,0.0,18.3
odesa,Odesa,2026-03-06,4.7,0.0,23.0
odesa,Odesa,2026-03-07,3.0,0.0,13.8
odesa,Odesa,2026-03-08,3.7,0.0,9.5
odesa,Odesa,2026-03-09,5.7,0.0,10.1
odesa,Odesa,2026-03-10,6.0,0.0,12.5
odesa,Odesa,2026-03-11,4.3,0.0,8.4
odesa,Odesa,2026-03-12,6.1,0.0,9.7
odesa,Odesa,2026-03-13,7.0,0.0,16.1
odesa,Odesa,2026-03-14,6.3,0.0,23.3
odesa,Odesa,2026-03-15,7.1,0.0,23.2
odesa,Odesa,2026-03-16,8.2,0.0,13.7
odesa,Odesa,2026-03-17,7.7,0.0,14.6
odesa,Odesa,2026-03-18,6.4,0.1,15.7
odesa,Odesa,2026-03-19,6.1,0.0,17.7
odesa,Odesa,2026-03-20,7.6,0.0,22.2
odesa,Odesa,2026-03-21,8.0,1.2,19.3
odesa,Odesa,2026-03-22,8.7,0.4,19.4
odesa,Odesa,2026-03-23,10.0,0.0,15.1
odesa,Odesa,2026-03-24,9.7,0.0,14.6
odesa,Odesa,2026-03-25,8.4,0.0,11.8
odesa,Odesa,2026-03-26,8.1,0.0,11.6
odesa,Odesa,2026-03-27,9.6,0.0,8.0
odesa,Odesa,2026-03-28,9.5,0.0,10.2
odesa,Odesa,2026-03-29,12.7,1.8,21.8
odesa,Odesa,2026-03-30,11.2,10.9,24.0
odesa,Odesa,2026-03-31,10.5,2.7,12.2
odesa,Odesa,2026-04-01,11.5,1.3,16.3
odesa,Odesa,2026-04-02,10.6,1.3,11.2
odesa,Odesa,2026-04-03,12.0,0.1,11.5
odesa,Odesa,2026-04-04,13.5,0.0,19.2
odesa,Odesa,2026-04-05,13.0,0.0,15.6
odesa,Odesa,2026-04-06,13.8,0.3,26.5
odesa,Odesa,2026-04-07,8.8,1.1,23.7
odesa,Odesa,2026-04-08,6.7,4.3,26.2
odesa,Odesa,2026-04-09,6.2,0.2,18.6
odesa,Odesa,2026-04-10,6.4,0.5,15.2
odesa,Odesa,2026-04-11,6.7,0.7,15.2
odesa,Odesa,2026-04-12,7.0,2.8,13.1
odesa,Odesa,2026-04-13,6.8,0.8,9.0
odesa,Odesa,2026-04-14,9.0,0.0,14.8
odesa,Odesa,2026-04-15,9.7,0.0,13.9
odesa,Odesa,2026-04-16,9.9,0.0,13.5
odesa,Odesa,2026-04-17,11.8,0.0,12.0
odesa,Odesa,2026-04-18,11.6,0.5,20.5
odesa,Odesa,2026-04-19,12.0,0.0,21.3
odesa,Odesa,2026-04-20,11.0,11.4,20.2
odesa,Odesa,2026-04-21,8.3,0.5,28.3
odesa,Odesa,2026-04-22,8.5,0.8,12.0
odesa,Odesa,2026-04-23,10.1,0.2,29.9
odesa,Odesa,2026-04-24,10.9,0.0,25.2
odesa,Odesa,2026-04-25,11.6,0.0,18.0
odesa,Odesa,2026-04-26,12.4,0.1,41.3
odesa,Odesa,2026-04-27,8.5,0.0,21.2
odesa,Odesa,2026-04-28,11.2,0.0,16.7
odesa,Odesa,2026-04-29,10.9,0.0,12.2
odesa,Odesa,2026-04-30,10.4,0.0,15.0
odesa,Odesa,2026-05-01,9.1,0.2,17.3
odesa,Odesa,2026-05-02,10.3,0.2,18.1
odesa,Odesa,2026-05-03,12.0,0.0,13.6
odesa,Odesa,2026-05-04,14.4,0.0,15.2
odesa,Odesa,2026-05-05,14.7,0.0,14.5
odesa,Odesa,2026-05-06,16.3,0.0,16.3
odesa,Odesa,2026-05-07,14.1,0.0,16.6
odesa,Odesa,2026-05-08,13.7,0.0,18.6
odesa,Odesa,2026-05-09,14.5,0.1,11.9
odesa,Odesa,2026-05-10,14.0,6.9,16.5
odesa,Odesa,2026-05-11,15.2,0.1,16.4
odesa,Odesa,2026-05-12,14.2,5.8,20.3
odesa,Odesa,2026-05-13,14.4,13.8,25.9
odesa,Odesa,2026-05-14,13.6,1.0,21.8
odesa,Odesa,2026-05-15,14.8,0.0,15.1
odesa,Odesa,2026-05-16,14.5,0.0,14.1
odesa,Odesa,2026-05-17,16.9,0.7,13.7
odesa,Odesa,2026-05-18,18.0,9.0,12.1
odesa,Odesa,2026-05-19,19.6,1.4,15.3
odesa,Odesa,2026-05-20,20.6,0.7,22.2
odesa,Odesa,2026-05-21,18.6,6.6,14.0
odesa,Odesa,2026-05-22,22.4,1.3,13.1
odesa,Odesa,2026-05-23,22.2,0.0,17.4
odesa,Odesa,2026-05-24,21.8,0.0,19.7
odesa,Odesa,2026-05-25,22.8,0.0,20.8
odesa,Odesa,2026-05-26,23.5,0.0,26.7
odesa,Odesa,2026-05-27,23.5,2.4,24.9
odesa,Odesa,2026-05-28,18.8,0.1,24.5
odesa,Odesa,2026-05-29,14.4,3.0,26.2
odesa,Odesa,2026-05-30,12.8,5.3,25.0
odesa,Odesa,2026-05-31,15.5,1.0,12.8
odesa,Odesa,2026-06-01,15.2,1.0,11.7
odesa,Odesa,2026-06-02,16.1,0.7,19.3
odesa,Odesa,2026-06-03,16.0,3.8,22.2
odesa,Odesa,2026-06-04,17.8,0.1,9.5
odesa,Odesa,2026-06-05,19.6,0.0,10.2
odesa,Odesa,2026-06-06,20.6,0.0,12.3
odesa,Odesa,2026-06-07,20.4,1.7,16.7
odesa,Odesa,2026-06-08,21.3,0.8,17.5
odesa,Odesa,2026-06-09,21.8,1.0,10.5
odesa,Odesa,2026-06-10,22.4,1.2,11.4
odesa,Odesa,2026-06-11,22.5,0.0,13.4
odesa,Odesa,2026-06-12,21.3,2.1,20.4
odesa,Odesa,2026-06-13,18.1,0.0,21.2
odesa,Odesa,2026-06-14,20.4,1.3,21.3
odesa,Odesa,2026-06-15,20.0,1.0,16.2
odesa,Odesa,2026-06-16,20.8,0.3,14.7
odesa,Odesa,2026-06-17,22.9,1.8,18.3
odesa,Odesa,2026-06-18,20.3,5.5,14.2
odesa,Odesa,2026-06-19,21.6,0.0,14.0
odesa,Odesa,2026-06-20,23.9,0.1,12.0
odesa,Odesa,2026-06-21,25.3,0.0,12.3
odesa,Odesa,2026-06-22,25.0,0.0,15.8
odesa,Odesa,2026-06-23,26.9,0.8,16.5
odesa,Odesa,2026-06-24,26.5,0.8,10.3
odesa,Odesa,2026-06-25,27.2,0.0,20.7
odesa,Odesa,2026-06-26,25.8,0.2,14.8
odesa,Odesa,2026-06-27,24.1,0.0,16.3
odesa,Odesa,2026-06-28,28.9,0.1,20.2
odesa,Odesa,2026-06-29,27.6,0.0,13.8
odesa,Odesa,2026-06-30,30.5,0.9,16.4
odesa,Odesa,2026-07-01,28.3,0.0,14.2
odesa,Odesa,2026-07-02,26.3,0.0,15.6
odesa,Odesa,2026-07-03,28.3,1.1,20.2
dnipro,Dnipro,2025-12-01,5.9,2.1,14.8
dnipro,Dnipro,2025-12-02,5.8,0.4,8.5
dnipro,Dnipro,2025-12-03,5.0,1.3,9.8
dnipro,Dnipro,2025-12-04,4.6,0.0,10.4
dnipro,Dnipro,2025-12-05,2.5,0.0,16.9
dnipro,Dnipro,2025-12-06,2.9,0.0,17.4
dnipro,Dnipro,2025-12-07,3.0,0.0,22.4
dnipro,Dnipro,2025-12-08,1.9,0.0,21.7
dnipro,Dnipro,2025-12-09,1.7,0.1,11.2
dnipro,Dnipro,2025-12-10,2.3,5.0,9.8
dnipro,Dnipro,2025-12-11,4.3,2.0,18.4
dnipro,Dnipro,2025-12-12,6.6,4.8,21.3
dnipro,Dnipro,2025-12-13,-0.1,0.4,25.5
dnipro,Dnipro,2025-12-14,-2.3,2.5,10.5
dnipro,Dnipro,2025-12-15,-0.2,1.5,10.0
dnipro,Dnipro,2025-12-16,1.7,0.0,10.4
dnipro,Dnipro,2025-12-17,2.1,0.0,11.0
dnipro,Dnipro,2025-12-18,4.7,0.4,13.3
dnipro,Dnipro,2025-12-19,1.5,0.0,6.9
dnipro,Dnipro,2025-12-20,0.3,0.1,6.0
dnipro,Dnipro,2025-12-21,0.3,0.0,8.0
dnipro,Dnipro,2025-12-22,1.6,0.1,14.6
dnipro,Dnipro,2025-12-23,1.3,0.0,9.7
dnipro,Dnipro,2025-12-24,-4.6,0.4,15.5
dnipro,Dnipro,2025-12-25,-6.3,0.0,12.2
dnipro,Dnipro,2025-12-26,-2.9,3.1,20.0
dnipro,Dnipro,2025-12-27,-0.6,0.2,18.6
dnipro,Dnipro,2025-12-28,-1.0,7.0,21.3
dnipro,Dnipro,2025-12-29,-2.2,1.3,22.1
dnipro,Dnipro,2025-12-30,-2.9,1.3,20.9
dnipro,Dnipro,2025-12-31,-6.1,0.2,20.9
dnipro,Dnipro,2026-01-01,-8.1,0.0,16.0
dnipro,Dnipro,2026-01-02,-1.3,0.0,28.2
dnipro,Dnipro,2026-01-03,2.3,14.1,29.4
dnipro,Dnipro,2026-01-04,-0.6,1.9,17.1
dnipro,Dnipro,2026-01-05,-2.0,0.0,16.2
dnipro,Dnipro,2026-01-06,1.5,2.6,19.3
dnipro,Dnipro,2026-01-07,4.1,1.0,20.4
dnipro,Dnipro,2026-01-08,6.6,10.2,27.2
dnipro,Dnipro,2026-01-09,-1.6,0.2,23.9
dnipro,Dnipro,2026-01-10,0.0,1.3,19.7
dnipro,Dnipro,2026-01-11,-6.3,12.2,26.0
dnipro,Dnipro,2026-01-12,-10.6,0.0,11.3
dnipro,Dnipro,2026-01-13,-8.0,0.0,9.0
dnipro,Dnipro,2026-01-14,-8.8,1.6,8.3
dnipro,Dnipro,2026-01-15,-7.0,4.3,16.5
dnipro,Dnipro,2026-01-16,-11.1,1.4,18.5
dnipro,Dnipro,2026-01-17,-13.0,0.0,17.4
dnipro,Dnipro,2026-01-18,-10.1,0.0,16.8
dnipro,Dnipro,2026-01-19,-10.4,0.0,12.4
dnipro,Dnipro,2026-01-20,-9.8,0.0,11.2
dnipro,Dnipro,2026-01-21,-8.4,0.0,12.7
dnipro,Dnipro,2026-01-22,-5.7,0.4,14.0
dnipro,Dnipro,2026-01-23,-7.6,0.0,15.6
dnipro,Dnipro,2026-01-24,-8.8,0.7,13.5
dnipro,Dnipro,2026-01-25,-8.4,0.9,11.2
dnipro,Dnipro,2026-01-26,-9.2,0.0,19.6
dnipro,Dnipro,2026-01-27,-7.1,0.3,19.0
dnipro,Dnipro,2026-01-28,1.2,13.6,17.1
dnipro,Dnipro,2026-01-29,2.7,6.4,19.0
dnipro,Dnipro,2026-01-30,2.5,9.0,9.4
dnipro,Dnipro,2026-01-31,-4.5,3.5,17.9
dnipro,Dnipro,2026-02-01,-11.7,0.0,18.1
dnipro,Dnipro,2026-02-02,-13.1,0.0,11.5
dnipro,Dnipro,2026-02-03,-13.4,0.0,10.1
dnipro,Dnipro,2026-02-04,-10.6,0.0,10.3
dnipro,Dnipro,2026-02-05,-9.0,0.4,16.1
dnipro,Dnipro,2026-02-06,-5.5,1.5,15.1
dnipro,Dnipro,2026-02-07,1.0,5.5,10.7
dnipro,Dnipro,2026-02-08,-2.2,1.5,17.6
dnipro,Dnipro,2026-02-09,-8.4,0.1,19.0
dnipro,Dnipro,2026-02-10,-9.6,0.0,8.3
dnipro,Dnipro,2026-02-11,-5.3,0.0,14.3
dnipro,Dnipro,2026-02-12,1.7,0.2,18.6
dnipro,Dnipro,2026-02-13,2.6,0.2,11.8
dnipro,Dnipro,2026-02-14,2.4,18.5,16.9
dnipro,Dnipro,2026-02-15,3.6,3.6,29.3
dnipro,Dnipro,2026-02-16,1.3,0.4,30.6
dnipro,Dnipro,2026-02-17,-2.2,0.9,16.6
dnipro,Dnipro,2026-02-18,-0.9,15.8,20.8
dnipro,Dnipro,2026-02-19,-2.8,3.0,25.1
dnipro,Dnipro,2026-02-20,-2.2,4.5,14.6
dnipro,Dnipro,2026-02-21,-6.8,0.0,10.1
dnipro,Dnipro,2026-02-22,-4.5,0.0,9.7
dnipro,Dnipro,2026-02-23,-1.1,0.1,15.3
dnipro,Dnipro,2026-02-24,0.5,9.0,14.1
dnipro,Dnipro,2026-02-25,0.9,0.2,14.8
dnipro,Dnipro,2026-02-26,1.0,3.5,17.5
dnipro,Dnipro,2026-02-27,0.7,0.0,13.5
dnipro,Dnipro,2026-02-28,0.4,0.0,6.9
dnipro,Dnipro,2026-03-01,3.5,0.0,10.8
dnipro,Dnipro,2026-03-02,4.1,0.0,14.5
dnipro,Dnipro,2026-03-03,2.5,0.0,17.3
dnipro,Dnipro,2026-03-04,2.5,0.0,17.6
dnipro,Dnipro,2026-03-05,3.6,0.1,18.7
dnipro,Dnipro,2026-03-06,2.3,0.8,15.9
dnipro,Dnipro,2026-03-07,1.6,0.0,10.2
dnipro,Dnipro,2026-03-08,3.8,0.0,11.4
dnipro,Dnipro,2026-03-09,4.9,0.0,11.6
dnipro,Dnipro,2026-03-10,7.0,0.0,10.6
dnipro,Dnipro,2026-03-11,7.7,0.0,10.1
dnipro,Dnipro,2026-03-12,7.4,0.0,8.5
dnipro,Dnipro,2026-03-13,6.9,0.0,13.2
dnipro,Dnipro,2026-03-14,5.9,0.0,16.3
dnipro,Dnipro,2026-03-15,6.2,0.0,20.5
dnipro,Dnipro,2026-03-16,5.8,0.0,17.7
dnipro,Dnipro,2026-03-17,4.3,0.1,9.7
dnipro,Dnipro,2026-03-18,4.5,0.0,10.0
dnipro,Dnipro,2026-03-19,5.2,0.1,12.6
dnipro,Dnipro,2026-03-20,6.5,0.0,16.9
dnipro,Dnipro,2026-03-21,7.5,0.0,18.0
dnipro,Dnipro,2026-03-22,6.3,0.0,17.1
dnipro,Dnipro,2026-03-23,6.6,0.0,14.1
dnipro,Dnipro,2026-03-24,6.2,0.6,10.8
dnipro,Dnipro,2026-03-25,7.6,0.4,9.3
dnipro,Dnipro,2026-03-26,10.7,0.0,10.3
dnipro,Dnipro,2026-03-27,10.6,1.2,11.2
dnipro,Dnipro,2026-03-28,11.3,0.0,9.9
dnipro,Dnipro,2026-03-29,13.3,3.9,16.7
dnipro,Dnipro,2026-03-30,12.6,1.5,15.1
dnipro,Dnipro,2026-03-31,11.7,0.2,10.1
dnipro,Dnipro,2026-04-01,12.2,0.3,8.1
dnipro,Dnipro,2026-04-02,12.7,0.3,9.5
dnipro,Dnipro,2026-04-03,12.6,0.3,8.6
dnipro,Dnipro,2026-04-04,12.7,3.0,12.1
dnipro,Dnipro,2026-04-05,11.0,0.0,18.0
dnipro,Dnipro,2026-04-06,12.1,3.3,24.2
dnipro,Dnipro,2026-04-07,7.1,3.3,15.3
dnipro,Dnipro,2026-04-08,6.0,1.0,13.0
dnipro,Dnipro,2026-04-09,5.8,1.3,10.2
dnipro,Dnipro,2026-04-10,5.1,1.1,17.1
dnipro,Dnipro,2026-04-11,5.6,0.3,14.1
dnipro,Dnipro,2026-04-12,7.4,0.0,7.2
dnipro,Dnipro,2026-04-13,8.2,0.2,9.7
dnipro,Dnipro,2026-04-14,9.7,0.1,24.4
dnipro,Dnipro,2026-04-15,10.8,0.0,16.7
dnipro,Dnipro,2026-04-16,12.9,0.0,9.7
dnipro,Dnipro,2026-04-17,13.4,0.0,10.9
dnipro,Dnipro,2026-04-18,10.1,5.4,10.7
dnipro,Dnipro,2026-04-19,9.1,4.6,16.0
dnipro,Dnipro,2026-04-20,7.0,11.5,11.7
dnipro,Dnipro,2026-04-21,5.7,2.9,16.3
dnipro,Dnipro,2026-04-22,7.1,0.0,14.5
dnipro,Dnipro,2026-04-23,6.9,3.7,28.7
dnipro,Dnipro,2026-04-24,5.9,1.5,23.2
dnipro,Dnipro,2026-04-25,9.7,0.0,17.1
dnipro,Dnipro,2026-04-26,10.0,4.4,30.7
dnipro,Dnipro,2026-04-27,5.9,1.1,28.0
dnipro,Dnipro,2026-04-28,7.6,0.0,19.3
dnipro,Dnipro,2026-04-29,7.7,0.0,9.1
dnipro,Dnipro,2026-04-30,6.7,0.1,10.8
dnipro,Dnipro,2026-05-01,6.8,1.4,12.6
dnipro,Dnipro,2026-05-02,8.1,0.1,11.4
dnipro,Dnipro,2026-05-03,9.9,0.0,6.6
dnipro,Dnipro,2026-05-04,12.8,0.0,11.1
dnipro,Dnipro,2026-05-05,16.0,0.0,12.5
dnipro,Dnipro,2026-05-06,18.0,0.0,16.1
dnipro,Dnipro,2026-05-07,20.2,0.0,12.9
dnipro,Dnipro,2026-05-08,19.4,0.0,13.2
dnipro,Dnipro,2026-05-09,19.9,0.0,10.6
dnipro,Dnipro,2026-05-10,18.6,4.8,17.1
dnipro,Dnipro,2026-05-11,15.2,3.5,15.2
dnipro,Dnipro,2026-05-12,17.2,0.0,14.1
dnipro,Dnipro,2026-05-13,16.4,8.7,14.0
dnipro,Dnipro,2026-05-14,14.4,3.5,11.8
dnipro,Dnipro,2026-05-15,14.8,0.0,12.8
dnipro,Dnipro,2026-05-16,17.8,0.3,11.1
dnipro,Dnipro,2026-05-17,16.5,4.0,12.5
dnipro,Dnipro,2026-05-18,17.9,0.1,10.6
dnipro,Dnipro,2026-05-19,20.4,1.1,18.6
dnipro,Dnipro,2026-05-20,20.9,0.6,19.3
dnipro,Dnipro,2026-05-21,22.8,0.0,21.6
dnipro,Dnipro,2026-05-22,24.7,0.0,14.8
dnipro,Dnipro,2026-05-23,22.6,0.8,21.4
dnipro,Dnipro,2026-05-24,20.4,2.1,14.4
dnipro,Dnipro,2026-05-25,20.3,2.7,15.7
dnipro,Dnipro,2026-05-26,18.4,0.3,26.8
dnipro,Dnipro,2026-05-27,17.5,5.4,23.8
dnipro,Dnipro,2026-05-28,13.9,2.5,18.8
dnipro,Dnipro,2026-05-29,13.2,0.7,15.4
dnipro,Dnipro,2026-05-30,11.5,6.9,10.2
dnipro,Dnipro,2026-05-31,12.2,1.5,8.6
dnipro,Dnipro,2026-06-01,14.0,2.9,13.1
dnipro,Dnipro,2026-06-02,19.0,0.0,10.1
dnipro,Dnipro,2026-06-03,19.4,0.0,16.6
dnipro,Dnipro,2026-06-04,19.6,0.3,16.3
dnipro,Dnipro,2026-06-05,22.0,1.3,11.1
dnipro,Dnipro,2026-06-06,24.2,0.0,8.6
dnipro,Dnipro,2026-06-07,24.6,1.0,10.8
dnipro,Dnipro,2026-06-08,22.1,5.7,16.2
dnipro,Dnipro,2026-06-09,22.5,0.1,11.4
dnipro,Dnipro,2026-06-10,22.3,4.5,16.1
dnipro,Dnipro,2026-06-11,22.6,1.2,11.6
dnipro,Dnipro,2026-06-12,23.4,1.2,7.3
dnipro,Dnipro,2026-06-13,19.9,0.0,17.2
dnipro,Dnipro,2026-06-14,19.4,0.1,14.2
dnipro,Dnipro,2026-06-15,19.1,4.3,18.0
dnipro,Dnipro,2026-06-16,19.2,1.2,16.6
dnipro,Dnipro,2026-06-17,20.0,2.2,17.5
dnipro,Dnipro,2026-06-18,20.1,2.3,7.7
dnipro,Dnipro,2026-06-19,20.4,0.0,12.8
dnipro,Dnipro,2026-06-20,22.5,0.1,11.1
dnipro,Dnipro,2026-06-21,22.0,0.0,16.8
dnipro,Dnipro,2026-06-22,24.6,0.0,15.6
dnipro,Dnipro,2026-06-23,24.7,0.3,11.6
dnipro,Dnipro,2026-06-24,25.2,0.1,9.2
dnipro,Dnipro,2026-06-25,24.3,0.4,15.5
dnipro,Dnipro,2026-06-26,21.7,0.8,19.1
dnipro,Dnipro,2026-06-27,21.9,0.0,15.0
dnipro,Dnipro,2026-06-28,24.4,0.0,19.9
dnipro,Dnipro,2026-06-29,25.0,0.0,12.3
dnipro,Dnipro,2026-06-30,27.3,0.1,15.1
dnipro,Dnipro,2026-07-01,26.3,0.0,10.9
dnipro,Dnipro,2026-07-02,27.8,0.0,12.9
dnipro,Dnipro,2026-07-03,29.3,0.0,12.0
zaporizhzhia,Zaporizhzhia,2025-12-01,6.8,2.6,14.8
zaporizhzhia,Zaporizhzhia,2025-12-02,6.7,0.0,8.6
zaporizhzhia,Zaporizhzhia,2025-12-03,5.8,0.0,9.9
zaporizhzhia,Zaporizhzhia,2025-12-04,5.1,0.0,9.9
zaporizhzhia,Zaporizhzhia,2025-12-05,2.5,0.0,15.9
zaporizhzhia,Zaporizhzhia,2025-12-06,3.8,0.0,18.5
zaporizhzhia,Zaporizhzhia,2025-12-07,3.6,0.0,23.1
zaporizhzhia,Zaporizhzhia,2025-12-08,2.1,0.0,22.0
zaporizhzhia,Zaporizhzhia,2025-12-09,2.2,0.1,10.9
zaporizhzhia,Zaporizhzhia,2025-12-10,2.4,3.4,9.5
zaporizhzhia,Zaporizhzhia,2025-12-11,4.7,2.3,16.2
zaporizhzhia,Zaporizhzhia,2025-12-12,6.9,5.0,20.3
zaporizhzhia,Zaporizhzhia,2025-12-13,0.8,2.3,25.1
zaporizhzhia,Zaporizhzhia,2025-12-14,-1.8,2.0,9.9
zaporizhzhia,Zaporizhzhia,2025-12-15,-0.1,1.6,9.2
zaporizhzhia,Zaporizhzhia,2025-12-16,1.9,0.0,8.6
zaporizhzhia,Zaporizhzhia,2025-12-17,2.4,0.0,9.7
zaporizhzhia,Zaporizhzhia,2025-12-18,6.0,0.0,13.5
zaporizhzhia,Zaporizhzhia,2025-12-19,2.9,0.0,7.3
zaporizhzhia,Zaporizhzhia,2025-12-20,0.9,0.1,6.4
zaporizhzhia,Zaporizhzhia,2025-12-21,1.1,0.1,7.4
zaporizhzhia,Zaporizhzhia,2025-12-22,2.5,0.0,13.4
zaporizhzhia,Zaporizhzhia,2025-12-23,1.7,0.3,7.6
zaporizhzhia,Zaporizhzhia,2025-12-24,-3.3,0.6,16.3
zaporizhzhia,Zaporizhzhia,2025-12-25,-6.3,0.0,10.3
zaporizhzhia,Zaporizhzhia,2025-12-26,-3.4,2.9,18.8
zaporizhzhia,Zaporizhzhia,2025-12-27,-0.5,0.6,15.7
zaporizhzhia,Zaporizhzhia,2025-12-28,-1.1,7.6,19.9
zaporizhzhia,Zaporizhzhia,2025-12-29,-2.0,1.7,22.3
zaporizhzhia,Zaporizhzhia,2025-12-30,-2.8,0.2,18.8
zaporizhzhia,Zaporizhzhia,2025-12-31,-5.8,0.1,17.6
zaporizhzhia,Zaporizhzhia,2026-01-01,-8.3,0.0,13.6
zaporizhzhia,Zaporizhzhia,2026-01-02,-0.4,0.0,26.9
zaporizhzhia,Zaporizhzhia,2026-01-03,3.2,15.0,26.7
zaporizhzhia,Zaporizhzhia,2026-01-04,0.2,3.1,15.3
zaporizhzhia,Zaporizhzhia,2026-01-05,-0.1,0.0,15.0
zaporizhzhia,Zaporizhzhia,2026-01-06,2.1,4.6,18.0
zaporizhzhia,Zaporizhzhia,2026-01-07,4.3,8.9,16.2
zaporizhzhia,Zaporizhzhia,2026-01-08,6.6,11.2,25.7
zaporizhzhia,Zaporizhzhia,2026-01-09,-1.3,0.2,23.4
zaporizhzhia,Zaporizhzhia,2026-01-10,0.6,2.7,14.3
zaporizhzhia,Zaporizhzhia,2026-01-11,-5.7,12.3,26.1
zaporizhzhia,Zaporizhzhia,2026-01-12,-11.9,0.0,10.3
zaporizhzhia,Zaporizhzhia,2026-01-13,-8.2,0.0,7.8
zaporizhzhia,Zaporizhzhia,2026-01-14,-7.9,1.6,8.7
zaporizhzhia,Zaporizhzhia,2026-01-15,-5.8,1.4,16.5
zaporizhzhia,Zaporizhzhia,2026-01-16,-10.1,1.4,19.4
zaporizhzhia,Zaporizhzhia,2026-01-17,-12.6,0.0,18.0
zaporizhzhia,Zaporizhzhia,2026-01-18,-10.2,0.0,19.4
zaporizhzhia,Zaporizhzhia,2026-01-19,-10.4,0.0,15.3
zaporizhzhia,Zaporizhzhia,2026-01-20,-9.8,0.0,10.8
zaporizhzhia,Zaporizhzhia,2026-01-21,-7.4,0.0,13.0
zaporizhzhia,Zaporizhzhia,2026-01-22,-4.2,0.0,14.1
zaporizhzhia,Zaporizhzhia,2026-01-23,-5.9,0.1,15.9
zaporizhzhia,Zaporizhzhia,2026-01-24,-7.0,0.3,12.9
zaporizhzhia,Zaporizhzhia,2026-01-25,-6.8,0.9,10.3
zaporizhzhia,Zaporizhzhia,2026-01-26,-8.5,0.0,21.6
zaporizhzhia,Zaporizhzhia,2026-01-27,-5.3,0.9,20.0
zaporizhzhia,Zaporizhzhia,2026-01-28,1.9,1.5,12.9
zaporizhzhia,Zaporizhzhia,2026-01-29,3.2,8.0,16.5
zaporizhzhia,Zaporizhzhia,2026-01-30,3.6,7.0,13.7
zaporizhzhia,Zaporizhzhia,2026-01-31,-2.6,4.4,16.9
zaporizhzhia,Zaporizhzhia,2026-02-01,-10.7,0.1,17.5
zaporizhzhia,Zaporizhzhia,2026-02-02,-11.7,0.0,15.2
zaporizhzhia,Zaporizhzhia,2026-02-03,-12.1,0.0,13.0
zaporizhzhia,Zaporizhzhia,2026-02-04,-10.4,0.0,10.6
zaporizhzhia,Zaporizhzhia,2026-02-05,-8.4,0.4,15.7
zaporizhzhia,Zaporizhzhia,2026-02-06,-4.2,2.9,16.3
zaporizhzhia,Zaporizhzhia,2026-02-07,2.0,4.2,12.8
zaporizhzhia,Zaporizhzhia,2026-02-08,-1.3,1.0,16.7
zaporizhzhia,Zaporizhzhia,2026-02-09,-7.6,0.0,18.7
zaporizhzhia,Zaporizhzhia,2026-02-10,-8.4,0.0,7.9
zaporizhzhia,Zaporizhzhia,2026-02-11,-4.8,0.0,11.8
zaporizhzhia,Zaporizhzhia,2026-02-12,2.2,0.7,17.7
zaporizhzhia,Zaporizhzhia,2026-02-13,4.6,0.7,13.2
zaporizhzhia,Zaporizhzhia,2026-02-14,3.2,21.9,13.9
zaporizhzhia,Zaporizhzhia,2026-02-15,3.8,2.9,24.4
zaporizhzhia,Zaporizhzhia,2026-02-16,2.2,3.3,30.7
zaporizhzhia,Zaporizhzhia,2026-02-17,-1.8,3.1,15.1
zaporizhzhia,Zaporizhzhia,2026-02-18,1.3,11.1,22.9
zaporizhzhia,Zaporizhzhia,2026-02-19,-1.9,1.3,25.6
zaporizhzhia,Zaporizhzhia,2026-02-20,-0.4,2.0,19.1
zaporizhzhia,Zaporizhzhia,2026-02-21,-2.6,0.0,12.2
zaporizhzhia,Zaporizhzhia,2026-02-22,0.6,0.0,12.3
zaporizhzhia,Zaporizhzhia,2026-02-23,0.7,0.0,13.0
zaporizhzhia,Zaporizhzhia,2026-02-24,1.4,9.0,14.0
zaporizhzhia,Zaporizhzhia,2026-02-25,1.5,0.9,14.9
zaporizhzhia,Zaporizhzhia,2026-02-26,1.6,1.7,21.0
zaporizhzhia,Zaporizhzhia,2026-02-27,1.5,0.0,16.1
zaporizhzhia,Zaporizhzhia,2026-02-28,1.8,0.0,9.7
zaporizhzhia,Zaporizhzhia,2026-03-01,4.3,0.0,10.9
zaporizhzhia,Zaporizhzhia,2026-03-02,5.1,0.0,13.1
zaporizhzhia,Zaporizhzhia,2026-03-03,2.9,0.0,17.7
zaporizhzhia,Zaporizhzhia,2026-03-04,3.0,0.0,14.8
zaporizhzhia,Zaporizhzhia,2026-03-05,4.8,0.0,19.9
zaporizhzhia,Zaporizhzhia,2026-03-06,2.7,0.4,17.9
zaporizhzhia,Zaporizhzhia,2026-03-07,2.1,0.0,9.5
zaporizhzhia,Zaporizhzhia,2026-03-08,4.1,0.0,11.3
zaporizhzhia,Zaporizhzhia,2026-03-09,5.3,0.0,12.5
zaporizhzhia,Zaporizhzhia,2026-03-10,6.6,0.0,7.4
zaporizhzhia,Zaporizhzhia,2026-03-11,7.2,0.0,10.4
zaporizhzhia,Zaporizhzhia,2026-03-12,8.1,0.0,10.3
zaporizhzhia,Zaporizhzhia,2026-03-13,7.7,0.0,14.5
zaporizhzhia,Zaporizhzhia,2026-03-14,6.8,0.0,16.9
zaporizhzhia,Zaporizhzhia,2026-03-15,7.4,0.0,21.6
zaporizhzhia,Zaporizhzhia,2026-03-16,6.5,0.0,17.3
zaporizhzhia,Zaporizhzhia,2026-03-17,5.3,0.4,11.2
zaporizhzhia,Zaporizhzhia,2026-03-18,4.1,1.5,12.3
zaporizhzhia,Zaporizhzhia,2026-03-19,5.9,0.0,13.3
zaporizhzhia,Zaporizhzhia,2026-03-20,7.8,0.0,16.2
zaporizhzhia,Zaporizhzhia,2026-03-21,7.6,0.0,19.0
zaporizhzhia,Zaporizhzhia,2026-03-22,7.6,0.0,17.4
zaporizhzhia,Zaporizhzhia,2026-03-23,8.1,0.0,13.8
zaporizhzhia,Zaporizhzhia,2026-03-24,6.5,3.0,14.4
zaporizhzhia,Zaporizhzhia,2026-03-25,8.3,1.1,10.7
zaporizhzhia,Zaporizhzhia,2026-03-26,11.5,0.0,10.4
zaporizhzhia,Zaporizhzhia,2026-03-27,11.2,0.2,9.7
zaporizhzhia,Zaporizhzhia,2026-03-28,11.7,0.0,8.6
zaporizhzhia,Zaporizhzhia,2026-03-29,14.4,5.1,17.8
zaporizhzhia,Zaporizhzhia,2026-03-30,13.6,0.6,15.9
zaporizhzhia,Zaporizhzhia,2026-03-31,11.4,0.0,11.7
zaporizhzhia,Zaporizhzhia,2026-04-01,11.8,1.8,9.6
zaporizhzhia,Zaporizhzhia,2026-04-02,12.0,0.0,10.3
zaporizhzhia,Zaporizhzhia,2026-04-03,12.3,0.0,8.2
zaporizhzhia,Zaporizhzhia,2026-04-04,13.4,0.4,12.9
zaporizhzhia,Zaporizhzhia,2026-04-05,11.9,0.0,19.0
zaporizhzhia,Zaporizhzhia,2026-04-06,12.6,2.6,20.0
zaporizhzhia,Zaporizhzhia,2026-04-07,8.0,0.7,15.5
zaporizhzhia,Zaporizhzhia,2026-04-08,6.1,3.8,10.3
zaporizhzhia,Zaporizhzhia,2026-04-09,5.7,2.3,9.0
zaporizhzhia,Zaporizhzhia,2026-04-10,6.2,0.5,15.7
zaporizhzhia,Zaporizhzhia,2026-04-11,6.3,0.4,14.1
zaporizhzhia,Zaporizhzhia,2026-04-12,7.9,0.1,12.1
zaporizhzhia,Zaporizhzhia,2026-04-13,8.2,1.8,11.0
zaporizhzhia,Zaporizhzhia,2026-04-14,10.5,0.1,24.5
zaporizhzhia,Zaporizhzhia,2026-04-15,11.9,0.0,18.3
zaporizhzhia,Zaporizhzhia,2026-04-16,12.1,0.0,8.7
zaporizhzhia,Zaporizhzhia,2026-04-17,12.8,0.0,8.7
zaporizhzhia,Zaporizhzhia,2026-04-18,10.5,5.3,14.1
zaporizhzhia,Zaporizhzhia,2026-04-19,8.9,3.8,15.0
zaporizhzhia,Zaporizhzhia,2026-04-20,8.5,4.5,16.1
zaporizhzhia,Zaporizhzhia,2026-04-21,4.3,20.0,17.7
zaporizhzhia,Zaporizhzhia,2026-04-22,7.0,0.0,13.0
zaporizhzhia,Zaporizhzhia,2026-04-23,7.7,3.4,27.6
zaporizhzhia,Zaporizhzhia,2026-04-24,6.5,0.1,22.8
zaporizhzhia,Zaporizhzhia,2026-04-25,10.1,0.0,15.7
zaporizhzhia,Zaporizhzhia,2026-04-26,10.7,4.1,32.6
zaporizhzhia,Zaporizhzhia,2026-04-27,6.4,0.0,27.1
zaporizhzhia,Zaporizhzhia,2026-04-28,9.2,0.7,22.3
zaporizhzhia,Zaporizhzhia,2026-04-29,9.2,0.2,12.3
zaporizhzhia,Zaporizhzhia,2026-04-30,8.1,0.0,10.8
zaporizhzhia,Zaporizhzhia,2026-05-01,7.5,0.3,14.1
zaporizhzhia,Zaporizhzhia,2026-05-02,8.9,0.0,12.0
zaporizhzhia,Zaporizhzhia,2026-05-03,10.7,0.0,9.7
zaporizhzhia,Zaporizhzhia,2026-05-04,13.6,0.0,17.3
zaporizhzhia,Zaporizhzhia,2026-05-05,15.8,0.0,14.0
zaporizhzhia,Zaporizhzhia,2026-05-06,17.4,0.0,14.0
zaporizhzhia,Zaporizhzhia,2026-05-07,18.7,0.0,12.2
zaporizhzhia,Zaporizhzhia,2026-05-08,18.9,0.0,11.9
zaporizhzhia,Zaporizhzhia,2026-05-09,19.5,0.0,11.9
zaporizhzhia,Zaporizhzhia,2026-05-10,19.2,0.0,15.8
zaporizhzhia,Zaporizhzhia,2026-05-11,15.1,8.1,15.9
zaporizhzhia,Zaporizhzhia,2026-05-12,17.4,0.0,13.2
zaporizhzhia,Zaporizhzhia,2026-05-13,16.6,7.6,15.0
zaporizhzhia,Zaporizhzhia,2026-05-14,14.1,2.9,12.7
zaporizhzhia,Zaporizhzhia,2026-05-15,14.7,0.0,9.6
zaporizhzhia,Zaporizhzhia,2026-05-16,17.7,0.0,10.5
zaporizhzhia,Zaporizhzhia,2026-05-17,15.7,10.5,10.7
zaporizhzhia,Zaporizhzhia,2026-05-18,17.7,0.0,10.5
zaporizhzhia,Zaporizhzhia,2026-05-19,20.1,8.4,12.4
zaporizhzhia,Zaporizhzhia,2026-05-20,20.6,2.8,15.7
zaporizhzhia,Zaporizhzhia,2026-05-21,22.3,0.0,21.0
zaporizhzhia,Zaporizhzhia,2026-05-22,24.8,0.0,15.9
zaporizhzhia,Zaporizhzhia,2026-05-23,23.0,0.4,13.4
zaporizhzhia,Zaporizhzhia,2026-05-24,20.6,1.3,12.5
zaporizhzhia,Zaporizhzhia,2026-05-25,20.6,1.4,16.9
zaporizhzhia,Zaporizhzhia,2026-05-26,19.7,0.0,25.7
zaporizhzhia,Zaporizhzhia,2026-05-27,19.0,5.0,29.5
zaporizhzhia,Zaporizhzhia,2026-05-28,14.5,0.8,19.5
zaporizhzhia,Zaporizhzhia,2026-05-29,12.7,3.0,13.3
zaporizhzhia,Zaporizhzhia,2026-05-30,11.2,4.2,16.3
zaporizhzhia,Zaporizhzhia,2026-05-31,12.3,1.1,11.4
zaporizhzhia,Zaporizhzhia,2026-06-01,14.2,0.3,13.5
zaporizhzhia,Zaporizhzhia,2026-06-02,18.1,0.0,15.3
zaporizhzhia,Zaporizhzhia,2026-06-03,18.6,0.0,16.1
zaporizhzhia,Zaporizhzhia,2026-06-04,19.8,1.0,9.7
zaporizhzhia,Zaporizhzhia,2026-06-05,22.3,0.6,10.1
zaporizhzhia,Zaporizhzhia,2026-06-06,24.1,0.3,6.6
zaporizhzhia,Zaporizhzhia,2026-06-07,24.2,0.0,12.5
zaporizhzhia,Zaporizhzhia,2026-06-08,21.8,4.5,14.4
zaporizhzhia,Zaporizhzhia,2026-06-09,21.5,7.5,23.5
zaporizhzhia,Zaporizhzhia,2026-06-10,21.4,2.0,13.2
zaporizhzhia,Zaporizhzhia,2026-06-11,21.5,0.4,8.1
zaporizhzhia,Zaporizhzhia,2026-06-12,22.7,1.4,8.7
zaporizhzhia,Zaporizhzhia,2026-06-13,20.7,2.9,16.3
zaporizhzhia,Zaporizhzhia,2026-06-14,19.8,0.0,15.5
zaporizhzhia,Zaporizhzhia,2026-06-15,20.5,0.1,21.9
zaporizhzhia,Zaporizhzhia,2026-06-16,19.9,1.0,13.9
zaporizhzhia,Zaporizhzhia,2026-06-17,21.1,0.0,16.1
zaporizhzhia,Zaporizhzhia,2026-06-18,19.4,1.1,14.7
zaporizhzhia,Zaporizhzhia,2026-06-19,20.8,0.0,12.9
zaporizhzhia,Zaporizhzhia,2026-06-20,22.6,0.0,9.2
zaporizhzhia,Zaporizhzhia,2026-06-21,22.9,0.0,17.1
zaporizhzhia,Zaporizhzhia,2026-06-22,24.8,0.0,13.2
zaporizhzhia,Zaporizhzhia,2026-06-23,25.5,0.3,12.1
zaporizhzhia,Zaporizhzhia,2026-06-24,25.6,0.1,10.8
zaporizhzhia,Zaporizhzhia,2026-06-25,25.3,0.0,15.6
zaporizhzhia,Zaporizhzhia,2026-06-26,23.0,0.3,17.7
zaporizhzhia,Zaporizhzhia,2026-06-27,22.7,0.0,14.3
zaporizhzhia,Zaporizhzhia,2026-06-28,25.3,0.0,19.4
zaporizhzhia,Zaporizhzhia,2026-06-29,25.4,0.0,11.7
zaporizhzhia,Zaporizhzhia,2026-06-30,28.0,0.0,14.8
zaporizhzhia,Zaporizhzhia,2026-07-01,27.3,0.0,11.8
zaporizhzhia,Zaporizhzhia,2026-07-02,28.5,0.0,10.1
zaporizhzhia,Zaporizhzhia,2026-07-03,29.6,0.0,8.9
lviv,Lviv,2025-12-01,4.1,1.2,11.0
lviv,Lviv,2025-12-02,3.7,0.0,10.2
lviv,Lviv,2025-12-03,4.7,0.1,11.8
lviv,Lviv,2025-12-04,4.8,0.6,12.8
lviv,Lviv,2025-12-05,7.1,0.0,21.5
lviv,Lviv,2025-12-06,2.0,0.0,20.9
lviv,Lviv,2025-12-07,1.5,0.5,14.3
lviv,Lviv,2025-12-08,4.0,0.0,14.8
lviv,Lviv,2025-12-09,6.5,5.1,21.7
lviv,Lviv,2025-12-10,7.5,0.1,16.1
lviv,Lviv,2025-12-11,6.4,1.3,17.4
lviv,Lviv,2025-12-12,5.8,0.8,19.4
lviv,Lviv,2025-12-13,3.2,0.2,18.0
lviv,Lviv,2025-12-14,3.4,0.9,23.9
lviv,Lviv,2025-12-15,2.1,0.0,19.1
lviv,Lviv,2025-12-16,1.6,0.0,13.2
lviv,Lviv,2025-12-17,3.9,0.0,19.5
lviv,Lviv,2025-12-18,3.8,0.0,15.0
lviv,Lviv,2025-12-19,1.7,0.0,14.1
lviv,Lviv,2025-12-20,2.9,0.4,13.2
lviv,Lviv,2025-12-21,2.8,0.5,7.7
lviv,Lviv,2025-12-22,0.6,0.0,8.7
lviv,Lviv,2025-12-23,-0.2,0.0,13.7
lviv,Lviv,2025-12-24,-4.2,0.0,19.7
lviv,Lviv,2025-12-25,-6.6,0.0,13.0
lviv,Lviv,2025-12-26,-3.9,0.0,21.0
lviv,Lviv,2025-12-27,-0.4,0.8,31.9
lviv,Lviv,2025-12-28,-0.3,2.7,35.0
lviv,Lviv,2025-12-29,-1.5,0.4,25.4
lviv,Lviv,2025-12-30,-3.6,2.1,29.5
lviv,Lviv,2025-12-31,-4.8,3.2,25.4
lviv,Lviv,2026-01-01,-3.1,1.0,34.6
lviv,Lviv,2026-01-02,0.1,5.3,28.6
lviv,Lviv,2026-01-03,-2.3,0.0,23.7
lviv,Lviv,2026-01-04,-3.4,0.0,17.1
lviv,Lviv,2026-01-05,-4.6,2.7,16.0
lviv,Lviv,2026-01-06,-3.0,4.8,13.3
lviv,Lviv,2026-01-07,-4.4,8.5,13.2
lviv,Lviv,2026-01-08,-5.8,12.1,22.5
lviv,Lviv,2026-01-09,-8.3,0.9,28.5
lviv,Lviv,2026-01-10,-11.4,0.0,19.9
lviv,Lviv,2026-01-11,-6.8,2.9,22.2
lviv,Lviv,2026-01-12,-7.4,2.8,25.6
lviv,Lviv,2026-01-13,-8.6,0.2,13.1
lviv,Lviv,2026-01-14,-4.9,4.2,13.5
lviv,Lviv,2026-01-15,-0.3,1.1,16.4
lviv,Lviv,2026-01-16,-7.1,0.0,22.7
lviv,Lviv,2026-01-17,-10.2,0.0,17.5
lviv,Lviv,2026-01-18,-12.7,0.0,15.5
lviv,Lviv,2026-01-19,-12.2,0.0,14.9
lviv,Lviv,2026-01-20,-10.7,0.0,15.2
lviv,Lviv,2026-01-21,-8.8,0.0,14.8
lviv,Lviv,2026-01-22,-10.6,0.0,11.2
lviv,Lviv,2026-01-23,-3.5,1.3,14.2
lviv,Lviv,2026-01-24,-2.6,6.5,13.9
lviv,Lviv,2026-01-25,-2.1,2.3,25.1
lviv,Lviv,2026-01-26,0.3,0.1,25.7
lviv,Lviv,2026-01-27,0.9,1.5,10.5
lviv,Lviv,2026-01-28,0.9,0.8,16.4
lviv,Lviv,2026-01-29,-0.9,0.0,16.3
lviv,Lviv,2026-01-30,-2.6,0.5,18.4
lviv,Lviv,2026-01-31,-11.7,0.0,18.9
lviv,Lviv,2026-02-01,-15.8,0.0,16.2
lviv,Lviv,2026-02-02,-14.0,0.0,14.3
lviv,Lviv,2026-02-03,-9.2,0.2,15.8
lviv,Lviv,2026-02-04,-3.8,4.3,16.7
lviv,Lviv,2026-02-05,0.7,0.8,20.8
lviv,Lviv,2026-02-06,0.6,0.5,17.4
lviv,Lviv,2026-02-07,-0.3,1.4,9.7
lviv,Lviv,2026-02-08,-3.1,3.6,15.2
lviv,Lviv,2026-02-09,-7.9,0.0,17.7
lviv,Lviv,2026-02-10,-5.7,0.0,18.7
lviv,Lviv,2026-02-11,-0.2,0.0,20.3
lviv,Lviv,2026-02-12,3.4,0.5,19.1
lviv,Lviv,2026-02-13,3.3,1.3,18.8
lviv,Lviv,2026-02-14,1.5,0.5,12.0
lviv,Lviv,2026-02-15,-3.9,5.6,18.9
lviv,Lviv,2026-02-16,-8.6,0.0,14.5
lviv,Lviv,2026-02-17,-5.4,0.2,13.9
lviv,Lviv,2026-02-18,-4.5,0.0,10.6
lviv,Lviv,2026-02-19,-2.7,1.0,15.3
lviv,Lviv,2026-02-20,-7.4,0.0,13.8
lviv,Lviv,2026-02-21,-4.0,0.1,22.0
lviv,Lviv,2026-02-22,2.8,1.2,22.3
lviv,Lviv,2026-02-23,4.1,3.4,23.8
lviv,Lviv,2026-02-24,2.7,1.2,21.0
lviv,Lviv,2026-02-25,-0.2,1.6,19.2
lviv,Lviv,2026-02-26,-0.8,0.0,13.1
lviv,Lviv,2026-02-27,0.2,0.0,16.2
lviv,Lviv,2026-02-28,2.4,0.0,15.7
lviv,Lviv,2026-03-01,5.4,0.0,16.8
lviv,Lviv,2026-03-02,3.3,1.5,13.5
lviv,Lviv,2026-03-03,3.3,0.0,15.7
lviv,Lviv,2026-03-04,5.9,0.0,19.3
lviv,Lviv,2026-03-05,3.6,0.0,15.6
lviv,Lviv,2026-03-06,4.1,0.0,11.5
lviv,Lviv,2026-03-07,4.3,0.0,6.9
lviv,Lviv,2026-03-08,5.0,0.0,12.2
lviv,Lviv,2026-03-09,6.8,0.0,16.7
lviv,Lviv,2026-03-10,7.9,0.0,15.0
lviv,Lviv,2026-03-11,9.0,0.0,15.6
lviv,Lviv,2026-03-12,9.0,0.0,13.6
lviv,Lviv,2026-03-13,7.9,0.0,19.3
lviv,Lviv,2026-03-14,7.9,0.0,26.1
lviv,Lviv,2026-03-15,7.1,0.0,24.7
lviv,Lviv,2026-03-16,7.3,0.0,18.4
lviv,Lviv,2026-03-17,6.6,0.9,14.1
lviv,Lviv,2026-03-18,5.7,0.0,19.6
lviv,Lviv,2026-03-19,5.1,0.6,12.4
lviv,Lviv,2026-03-20,6.5,0.0,16.1
lviv,Lviv,2026-03-21,5.3,0.0,12.5
lviv,Lviv,2026-03-22,7.1,0.0,16.9
lviv,Lviv,2026-03-23,6.6,0.0,9.9
lviv,Lviv,2026-03-24,7.3,0.0,9.1
lviv,Lviv,2026-03-25,8.2,0.0,15.8
lviv,Lviv,2026-03-26,10.2,0.4,20.2
lviv,Lviv,2026-03-27,8.6,1.8,18.8
lviv,Lviv,2026-03-28,10.6,8.2,17.9
lviv,Lviv,2026-03-29,10.1,8.7,17.1
lviv,Lviv,2026-03-30,9.7,0.9,16.8
lviv,Lviv,2026-03-31,6.4,7.2,24.0
lviv,Lviv,2026-04-01,4.9,5.2,19.1
lviv,Lviv,2026-04-02,9.3,0.3,14.8
lviv,Lviv,2026-04-03,9.7,0.1,16.5
lviv,Lviv,2026-04-04,9.8,0.0,19.1
lviv,Lviv,2026-04-05,12.0,0.0,22.7
lviv,Lviv,2026-04-06,8.7,1.9,28.2
lviv,Lviv,2026-04-07,5.7,5.5,28.3
lviv,Lviv,2026-04-08,3.4,4.4,26.1
lviv,Lviv,2026-04-09,2.2,1.7,19.5
lviv,Lviv,2026-04-10,1.9,0.1,8.6
lviv,Lviv,2026-04-11,2.1,0.3,14.5
lviv,Lviv,2026-04-12,5.0,0.0,11.6
lviv,Lviv,2026-04-13,5.7,0.0,18.3
lviv,Lviv,2026-04-14,9.3,0.0,22.0
lviv,Lviv,2026-04-15,11.1,0.0,11.2
lviv,Lviv,2026-04-16,11.9,0.1,15.2
lviv,Lviv,2026-04-17,10.6,0.4,19.4
lviv,Lviv,2026-04-18,9.7,0.7,21.0
lviv,Lviv,2026-04-19,11.1,0.0,12.5
lviv,Lviv,2026-04-20,7.3,6.2,17.1
lviv,Lviv,2026-04-21,6.5,0.0,13.5
lviv,Lviv,2026-04-22,7.9,0.5,19.1
lviv,Lviv,2026-04-23,9.5,0.0,32.3
lviv,Lviv,2026-04-24,9.0,0.0,24.7
lviv,Lviv,2026-04-25,12.8,0.0,23.4
lviv,Lviv,2026-04-26,7.4,1.7,36.6
lviv,Lviv,2026-04-27,6.9,0.0,26.3
lviv,Lviv,2026-04-28,6.1,0.0,14.8
lviv,Lviv,2026-04-29,4.4,0.0,16.6
lviv,Lviv,2026-04-30,4.8,0.0,13.3
lviv,Lviv,2026-05-01,8.0,0.0,15.0
lviv,Lviv,2026-05-02,10.7,0.0,14.4
lviv,Lviv,2026-05-03,15.6,0.0,14.2
lviv,Lviv,2026-05-04,18.4,0.0,17.8
lviv,Lviv,2026-05-05,19.7,0.0,20.4
lviv,Lviv,2026-05-06,20.4,0.0,26.3
lviv,Lviv,2026-05-07,18.6,1.8,24.5
lviv,Lviv,2026-05-08,13.8,2.6,12.6
lviv,Lviv,2026-05-09,11.8,0.3,13.6
lviv,Lviv,2026-05-10,11.9,0.0,8.8
lviv,Lviv,2026-05-11,15.6,0.0,17.5
lviv,Lviv,2026-05-12,13.2,5.9,22.8
lviv,Lviv,2026-05-13,9.3,0.0,19.6
lviv,Lviv,2026-05-14,11.8,0.0,11.4
lviv,Lviv,2026-05-15,14.1,0.0,12.5
lviv,Lviv,2026-05-16,15.8,4.5,15.7
lviv,Lviv,2026-05-17,16.1,0.1,14.1
lviv,Lviv,2026-05-18,13.7,0.1,15.7
lviv,Lviv,2026-05-19,14.8,0.9,12.2
lviv,Lviv,2026-05-20,15.5,2.6,20.2
lviv,Lviv,2026-05-21,16.5,0.9,18.9
lviv,Lviv,2026-05-22,16.7,0.0,18.1
lviv,Lviv,2026-05-23,16.8,0.0,14.9
lviv,Lviv,2026-05-24,19.0,0.0,11.8
lviv,Lviv,2026-05-25,19.4,0.1,19.1
lviv,Lviv,2026-05-26,20.4,0.0,23.8
lviv,Lviv,2026-05-27,18.5,5.0,29.1
lviv,Lviv,2026-05-28,13.5,0.2,22.8
lviv,Lviv,2026-05-29,12.8,0.0,23.3
lviv,Lviv,2026-05-30,16.6,1.6,22.2
lviv,Lviv,2026-05-31,15.1,2.5,16.9
lviv,Lviv,2026-06-01,15.6,2.3,12.1
lviv,Lviv,2026-06-02,14.8,4.1,12.1
lviv,Lviv,2026-06-03,17.5,2.1,11.2
lviv,Lviv,2026-06-04,18.5,0.9,14.1
lviv,Lviv,2026-06-05,19.6,2.2,14.6
lviv,Lviv,2026-06-06,16.8,1.7,12.6
lviv,Lviv,2026-06-07,17.0,4.2,10.3
lviv,Lviv,2026-06-08,17.8,0.2,17.0
lviv,Lviv,2026-06-09,19.6,0.0,15.0
lviv,Lviv,2026-06-10,20.1,0.6,15.9
lviv,Lviv,2026-06-11,17.2,0.6,22.2
lviv,Lviv,2026-06-12,12.6,10.5,12.7
lviv,Lviv,2026-06-13,15.2,5.1,21.3
lviv,Lviv,2026-06-14,15.0,0.9,22.3
lviv,Lviv,2026-06-15,14.0,0.5,23.1
lviv,Lviv,2026-06-16,15.6,0.4,26.1
lviv,Lviv,2026-06-17,17.0,1.2,18.5
lviv,Lviv,2026-06-18,19.3,0.0,15.8
lviv,Lviv,2026-06-19,21.9,1.7,13.4
lviv,Lviv,2026-06-20,22.6,0.0,12.1
lviv,Lviv,2026-06-21,25.0,0.0,12.1
lviv,Lviv,2026-06-22,23.7,2.5,17.1
lviv,Lviv,2026-06-23,22.6,0.3,15.6
lviv,Lviv,2026-06-24,23.0,0.0,15.5
lviv,Lviv,2026-06-25,23.6,0.0,13.9
lviv,Lviv,2026-06-26,25.5,0.0,15.3
lviv,Lviv,2026-06-27,26.7,0.0,10.9
lviv,Lviv,2026-06-28,29.3,0.0,14.1
lviv,Lviv,2026-06-29,30.6,0.3,13.9
lviv,Lviv,2026-06-30,28.0,2.1,21.5
lviv,Lviv,2026-07-01,27.5,2.2,13.0
lviv,Lviv,2026-07-02,22.1,3.9,18.7
lviv,Lviv,2026-07-03,19.8,0.7,22.8
kramatorsk,Kramatorsk / Donetsk North,2025-12-01,3.6,0.5,20.9
kramatorsk,Kramatorsk / Donetsk North,2025-12-02,3.7,0.0,11.2
kramatorsk,Kramatorsk / Donetsk North,2025-12-03,2.4,0.1,10.6
kramatorsk,Kramatorsk / Donetsk North,2025-12-04,2.7,0.0,12.6
kramatorsk,Kramatorsk / Donetsk North,2025-12-05,1.5,0.0,14.7
kramatorsk,Kramatorsk / Donetsk North,2025-12-06,2.0,0.0,18.9
kramatorsk,Kramatorsk / Donetsk North,2025-12-07,1.5,0.0,25.6
kramatorsk,Kramatorsk / Donetsk North,2025-12-08,0.3,0.1,25.9
kramatorsk,Kramatorsk / Donetsk North,2025-12-09,0.3,0.9,17.4
kramatorsk,Kramatorsk / Donetsk North,2025-12-10,1.1,4.0,10.5
kramatorsk,Kramatorsk / Donetsk North,2025-12-11,2.4,1.2,20.2
kramatorsk,Kramatorsk / Donetsk North,2025-12-12,5.2,4.4,28.7
kramatorsk,Kramatorsk / Donetsk North,2025-12-13,-1.8,1.8,30.2
kramatorsk,Kramatorsk / Donetsk North,2025-12-14,-5.0,0.3,14.8
kramatorsk,Kramatorsk / Donetsk North,2025-12-15,-3.8,1.7,10.8
kramatorsk,Kramatorsk / Donetsk North,2025-12-16,0.1,0.0,12.7
kramatorsk,Kramatorsk / Donetsk North,2025-12-17,0.7,0.3,14.1
kramatorsk,Kramatorsk / Donetsk North,2025-12-18,2.3,1.0,15.3
kramatorsk,Kramatorsk / Donetsk North,2025-12-19,1.6,0.0,9.3
kramatorsk,Kramatorsk / Donetsk North,2025-12-20,-1.1,0.0,6.9
kramatorsk,Kramatorsk / Donetsk North,2025-12-21,-1.2,0.2,10.7
kramatorsk,Kramatorsk / Donetsk North,2025-12-22,0.7,0.3,18.3
kramatorsk,Kramatorsk / Donetsk North,2025-12-23,-0.2,0.5,13.5
kramatorsk,Kramatorsk / Donetsk North,2025-12-24,-7.2,0.4,16.1
kramatorsk,Kramatorsk / Donetsk North,2025-12-25,-8.1,0.0,14.5
kramatorsk,Kramatorsk / Donetsk North,2025-12-26,-3.9,4.5,24.2
kramatorsk,Kramatorsk / Donetsk North,2025-12-27,-1.0,0.9,18.0
kramatorsk,Kramatorsk / Donetsk North,2025-12-28,-2.1,6.4,22.7
kramatorsk,Kramatorsk / Donetsk North,2025-12-29,-2.3,1.8,21.7
kramatorsk,Kramatorsk / Donetsk North,2025-12-30,-3.8,1.2,23.9
kramatorsk,Kramatorsk / Donetsk North,2025-12-31,-6.9,0.3,21.6
kramatorsk,Kramatorsk / Donetsk North,2026-01-01,-7.9,1.2,18.2
kramatorsk,Kramatorsk / Donetsk North,2026-01-02,-2.9,0.0,32.3
kramatorsk,Kramatorsk / Donetsk North,2026-01-03,2.3,10.6,35.8
kramatorsk,Kramatorsk / Donetsk North,2026-01-04,-0.1,4.1,19.3
kramatorsk,Kramatorsk / Donetsk North,2026-01-05,-1.8,0.0,18.2
kramatorsk,Kramatorsk / Donetsk North,2026-01-06,-0.1,4.2,21.4
kramatorsk,Kramatorsk / Donetsk North,2026-01-07,2.4,0.0,21.0
kramatorsk,Kramatorsk / Donetsk North,2026-01-08,4.2,8.5,28.0
kramatorsk,Kramatorsk / Donetsk North,2026-01-09,-0.2,2.9,28.0
kramatorsk,Kramatorsk / Donetsk North,2026-01-10,-0.2,6.2,24.8
kramatorsk,Kramatorsk / Donetsk North,2026-01-11,-0.8,7.1,33.3
kramatorsk,Kramatorsk / Donetsk North,2026-01-12,-9.6,0.0,15.8
kramatorsk,Kramatorsk / Donetsk North,2026-01-13,-7.9,0.0,8.6
kramatorsk,Kramatorsk / Donetsk North,2026-01-14,-6.6,0.0,9.0
kramatorsk,Kramatorsk / Donetsk North,2026-01-15,-7.7,4.8,21.0
kramatorsk,Kramatorsk / Donetsk North,2026-01-16,-11.4,0.4,21.1
kramatorsk,Kramatorsk / Donetsk North,2026-01-17,-12.7,0.0,21.0
kramatorsk,Kramatorsk / Donetsk North,2026-01-18,-10.5,0.0,20.1
kramatorsk,Kramatorsk / Donetsk North,2026-01-19,-11.7,0.0,15.0
kramatorsk,Kramatorsk / Donetsk North,2026-01-20,-9.7,0.0,11.6
kramatorsk,Kramatorsk / Donetsk North,2026-01-21,-9.2,0.0,16.3
kramatorsk,Kramatorsk / Donetsk North,2026-01-22,-7.9,0.0,17.1
kramatorsk,Kramatorsk / Donetsk North,2026-01-23,-9.3,1.6,19.7
kramatorsk,Kramatorsk / Donetsk North,2026-01-24,-11.1,4.5,18.1
kramatorsk,Kramatorsk / Donetsk North,2026-01-25,-11.1,0.4,14.2
kramatorsk,Kramatorsk / Donetsk North,2026-01-26,-13.1,0.0,20.0
kramatorsk,Kramatorsk / Donetsk North,2026-01-27,-9.0,0.3,23.3
kramatorsk,Kramatorsk / Donetsk North,2026-01-28,-1.1,0.7,24.7
kramatorsk,Kramatorsk / Donetsk North,2026-01-29,2.1,1.6,20.7
kramatorsk,Kramatorsk / Donetsk North,2026-01-30,2.8,6.0,16.4
kramatorsk,Kramatorsk / Donetsk North,2026-01-31,-2.1,6.8,17.0
kramatorsk,Kramatorsk / Donetsk North,2026-02-01,-13.1,0.6,18.3
kramatorsk,Kramatorsk / Donetsk North,2026-02-02,-13.4,0.0,15.2
kramatorsk,Kramatorsk / Donetsk North,2026-02-03,-13.7,0.0,13.1
kramatorsk,Kramatorsk / Donetsk North,2026-02-04,-12.5,0.0,8.4
kramatorsk,Kramatorsk / Donetsk North,2026-02-05,-11.7,0.0,19.4
kramatorsk,Kramatorsk / Donetsk North,2026-02-06,-6.8,0.2,20.8
kramatorsk,Kramatorsk / Donetsk North,2026-02-07,-0.3,11.3,18.6
kramatorsk,Kramatorsk / Donetsk North,2026-02-08,-2.1,5.1,19.2
kramatorsk,Kramatorsk / Donetsk North,2026-02-09,-10.0,0.4,20.5
kramatorsk,Kramatorsk / Donetsk North,2026-02-10,-10.5,0.0,10.4
kramatorsk,Kramatorsk / Donetsk North,2026-02-11,-8.4,0.0,12.7
kramatorsk,Kramatorsk / Donetsk North,2026-02-12,-0.8,0.0,27.4
kramatorsk,Kramatorsk / Donetsk North,2026-02-13,2.5,2.7,20.2
kramatorsk,Kramatorsk / Donetsk North,2026-02-14,3.8,8.3,32.6
kramatorsk,Kramatorsk / Donetsk North,2026-02-15,3.3,1.2,22.0
kramatorsk,Kramatorsk / Donetsk North,2026-02-16,2.7,4.2,39.7
kramatorsk,Kramatorsk / Donetsk North,2026-02-17,-2.6,1.0,17.5
kramatorsk,Kramatorsk / Donetsk North,2026-02-18,-1.6,6.9,28.4
kramatorsk,Kramatorsk / Donetsk North,2026-02-19,-2.1,2.9,31.2
kramatorsk,Kramatorsk / Donetsk North,2026-02-20,-2.7,5.7,16.1
kramatorsk,Kramatorsk / Donetsk North,2026-02-21,-7.4,0.0,13.6
kramatorsk,Kramatorsk / Donetsk North,2026-02-22,-5.5,0.0,17.3
kramatorsk,Kramatorsk / Donetsk North,2026-02-23,-2.7,0.0,14.8
kramatorsk,Kramatorsk / Donetsk North,2026-02-24,0.6,5.4,17.0
kramatorsk,Kramatorsk / Donetsk North,2026-02-25,1.7,12.7,15.6
kramatorsk,Kramatorsk / Donetsk North,2026-02-26,-0.0,6.4,17.3
kramatorsk,Kramatorsk / Donetsk North,2026-02-27,-3.1,0.0,15.8
kramatorsk,Kramatorsk / Donetsk North,2026-02-28,-1.7,0.0,10.2
kramatorsk,Kramatorsk / Donetsk North,2026-03-01,2.6,0.0,13.1
kramatorsk,Kramatorsk / Donetsk North,2026-03-02,4.1,0.0,18.2
kramatorsk,Kramatorsk / Donetsk North,2026-03-03,1.6,0.5,19.5
kramatorsk,Kramatorsk / Donetsk North,2026-03-04,2.1,0.1,20.7
kramatorsk,Kramatorsk / Donetsk North,2026-03-05,3.0,0.4,25.0
kramatorsk,Kramatorsk / Donetsk North,2026-03-06,1.4,0.5,22.0
kramatorsk,Kramatorsk / Donetsk North,2026-03-07,0.3,0.0,13.3
kramatorsk,Kramatorsk / Donetsk North,2026-03-08,3.3,0.0,16.1
kramatorsk,Kramatorsk / Donetsk North,2026-03-09,3.5,0.0,10.9
kramatorsk,Kramatorsk / Donetsk North,2026-03-10,5.4,0.0,15.7
kramatorsk,Kramatorsk / Donetsk North,2026-03-11,6.5,0.0,12.6
kramatorsk,Kramatorsk / Donetsk North,2026-03-12,6.9,0.0,14.2
kramatorsk,Kramatorsk / Donetsk North,2026-03-13,5.6,0.0,18.1
kramatorsk,Kramatorsk / Donetsk North,2026-03-14,5.2,0.0,22.0
kramatorsk,Kramatorsk / Donetsk North,2026-03-15,5.9,0.0,28.5
kramatorsk,Kramatorsk / Donetsk North,2026-03-16,4.5,0.9,23.5
kramatorsk,Kramatorsk / Donetsk North,2026-03-17,4.5,0.0,12.0
kramatorsk,Kramatorsk / Donetsk North,2026-03-18,4.4,1.3,13.8
kramatorsk,Kramatorsk / Donetsk North,2026-03-19,6.2,1.3,15.1
kramatorsk,Kramatorsk / Donetsk North,2026-03-20,6.7,0.0,20.2
kramatorsk,Kramatorsk / Donetsk North,2026-03-21,6.3,0.0,23.5
kramatorsk,Kramatorsk / Donetsk North,2026-03-22,4.5,0.0,21.8
kramatorsk,Kramatorsk / Donetsk North,2026-03-23,5.6,0.0,18.5
kramatorsk,Kramatorsk / Donetsk North,2026-03-24,5.5,2.5,13.3
kramatorsk,Kramatorsk / Donetsk North,2026-03-25,8.6,0.0,15.3
kramatorsk,Kramatorsk / Donetsk North,2026-03-26,9.2,1.6,13.3
kramatorsk,Kramatorsk / Donetsk North,2026-03-27,10.0,3.6,6.8
kramatorsk,Kramatorsk / Donetsk North,2026-03-28,11.2,0.1,11.7
kramatorsk,Kramatorsk / Donetsk North,2026-03-29,13.7,0.4,20.8
kramatorsk,Kramatorsk / Donetsk North,2026-03-30,12.5,0.4,15.4
kramatorsk,Kramatorsk / Donetsk North,2026-03-31,11.4,5.5,15.1
kramatorsk,Kramatorsk / Donetsk North,2026-04-01,11.0,1.8,15.0
kramatorsk,Kramatorsk / Donetsk North,2026-04-02,11.9,0.5,13.5
kramatorsk,Kramatorsk / Donetsk North,2026-04-03,12.3,0.1,12.1
kramatorsk,Kramatorsk / Donetsk North,2026-04-04,12.1,1.9,11.4
kramatorsk,Kramatorsk / Donetsk North,2026-04-05,10.7,0.0,26.0
kramatorsk,Kramatorsk / Donetsk North,2026-04-06,11.2,2.4,24.3
kramatorsk,Kramatorsk / Donetsk North,2026-04-07,6.8,0.3,19.4
kramatorsk,Kramatorsk / Donetsk North,2026-04-08,4.9,1.3,14.1
kramatorsk,Kramatorsk / Donetsk North,2026-04-09,5.0,1.1,11.2
kramatorsk,Kramatorsk / Donetsk North,2026-04-10,3.9,1.1,20.0
kramatorsk,Kramatorsk / Donetsk North,2026-04-11,5.1,0.1,17.4
kramatorsk,Kramatorsk / Donetsk North,2026-04-12,7.1,0.5,9.4
kramatorsk,Kramatorsk / Donetsk North,2026-04-13,8.2,0.5,16.6
kramatorsk,Kramatorsk / Donetsk North,2026-04-14,6.8,6.4,31.2
kramatorsk,Kramatorsk / Donetsk North,2026-04-15,8.5,0.1,19.0
kramatorsk,Kramatorsk / Donetsk North,2026-04-16,11.7,0.0,10.3
kramatorsk,Kramatorsk / Donetsk North,2026-04-17,13.5,0.0,16.9
kramatorsk,Kramatorsk / Donetsk North,2026-04-18,11.8,3.6,14.5
kramatorsk,Kramatorsk / Donetsk North,2026-04-19,8.3,5.4,20.1
kramatorsk,Kramatorsk / Donetsk North,2026-04-20,6.1,0.8,19.4
kramatorsk,Kramatorsk / Donetsk North,2026-04-21,2.6,13.9,16.8
kramatorsk,Kramatorsk / Donetsk North,2026-04-22,5.3,0.4,18.1
kramatorsk,Kramatorsk / Donetsk North,2026-04-23,7.0,4.8,33.4
kramatorsk,Kramatorsk / Donetsk North,2026-04-24,3.0,5.5,35.4
kramatorsk,Kramatorsk / Donetsk North,2026-04-25,7.4,0.0,21.1
kramatorsk,Kramatorsk / Donetsk North,2026-04-26,10.6,4.9,35.0
kramatorsk,Kramatorsk / Donetsk North,2026-04-27,5.1,0.0,32.4
kramatorsk,Kramatorsk / Donetsk North,2026-04-28,6.8,0.3,26.0
kramatorsk,Kramatorsk / Donetsk North,2026-04-29,6.6,0.0,13.5
kramatorsk,Kramatorsk / Donetsk North,2026-04-30,6.0,0.2,14.3
kramatorsk,Kramatorsk / Donetsk North,2026-05-01,6.2,0.1,12.2
kramatorsk,Kramatorsk / Donetsk North,2026-05-02,7.1,0.0,12.5
kramatorsk,Kramatorsk / Donetsk North,2026-05-03,8.7,0.0,13.7
kramatorsk,Kramatorsk / Donetsk North,2026-05-04,11.3,0.0,13.9
kramatorsk,Kramatorsk / Donetsk North,2026-05-05,14.1,0.0,13.6
kramatorsk,Kramatorsk / Donetsk North,2026-05-06,16.6,0.0,15.9
kramatorsk,Kramatorsk / Donetsk North,2026-05-07,18.9,0.1,14.9
kramatorsk,Kramatorsk / Donetsk North,2026-05-08,20.2,0.0,12.3
kramatorsk,Kramatorsk / Donetsk North,2026-05-09,19.4,0.0,11.3
kramatorsk,Kramatorsk / Donetsk North,2026-05-10,19.5,0.0,15.2
kramatorsk,Kramatorsk / Donetsk North,2026-05-11,15.7,4.3,21.4
kramatorsk,Kramatorsk / Donetsk North,2026-05-12,16.9,0.2,14.5
kramatorsk,Kramatorsk / Donetsk North,2026-05-13,17.1,4.5,14.4
kramatorsk,Kramatorsk / Donetsk North,2026-05-14,15.9,0.8,21.5
kramatorsk,Kramatorsk / Donetsk North,2026-05-15,15.0,1.3,14.2
kramatorsk,Kramatorsk / Donetsk North,2026-05-16,16.0,0.0,10.6
kramatorsk,Kramatorsk / Donetsk North,2026-05-17,17.3,4.8,17.2
kramatorsk,Kramatorsk / Donetsk North,2026-05-18,18.3,0.0,15.5
kramatorsk,Kramatorsk / Donetsk North,2026-05-19,20.3,6.8,20.8
kramatorsk,Kramatorsk / Donetsk North,2026-05-20,21.6,0.8,25.4
kramatorsk,Kramatorsk / Donetsk North,2026-05-21,24.0,0.0,28.4
kramatorsk,Kramatorsk / Donetsk North,2026-05-22,24.5,0.0,18.3
kramatorsk,Kramatorsk / Donetsk North,2026-05-23,22.6,5.9,17.0
kramatorsk,Kramatorsk / Donetsk North,2026-05-24,19.9,2.1,17.3
kramatorsk,Kramatorsk / Donetsk North,2026-05-25,19.1,1.4,22.7
kramatorsk,Kramatorsk / Donetsk North,2026-05-26,16.6,0.2,32.5
kramatorsk,Kramatorsk / Donetsk North,2026-05-27,14.5,9.6,21.6
kramatorsk,Kramatorsk / Donetsk North,2026-05-28,12.1,2.1,22.9
kramatorsk,Kramatorsk / Donetsk North,2026-05-29,11.6,0.2,19.9
kramatorsk,Kramatorsk / Donetsk North,2026-05-30,10.6,5.7,14.9
kramatorsk,Kramatorsk / Donetsk North,2026-05-31,10.6,1.9,12.5
kramatorsk,Kramatorsk / Donetsk North,2026-06-01,11.8,2.4,19.0
kramatorsk,Kramatorsk / Donetsk North,2026-06-02,16.9,0.0,13.6
kramatorsk,Kramatorsk / Donetsk North,2026-06-03,19.4,0.0,12.7
kramatorsk,Kramatorsk / Donetsk North,2026-06-04,20.0,0.0,16.6
kramatorsk,Kramatorsk / Donetsk North,2026-06-05,20.6,0.3,16.6
kramatorsk,Kramatorsk / Donetsk North,2026-06-06,22.2,0.2,11.9
kramatorsk,Kramatorsk / Donetsk North,2026-06-07,23.3,0.0,12.0
kramatorsk,Kramatorsk / Donetsk North,2026-06-08,22.9,1.6,16.2
kramatorsk,Kramatorsk / Donetsk North,2026-06-09,22.1,1.6,11.8
kramatorsk,Kramatorsk / Donetsk North,2026-06-10,21.6,1.5,9.9
kramatorsk,Kramatorsk / Donetsk North,2026-06-11,22.3,0.8,16.4
kramatorsk,Kramatorsk / Donetsk North,2026-06-12,22.6,0.1,6.0
kramatorsk,Kramatorsk / Donetsk North,2026-06-13,20.1,8.5,15.1
kramatorsk,Kramatorsk / Donetsk North,2026-06-14,18.3,0.3,15.1
kramatorsk,Kramatorsk / Donetsk North,2026-06-15,18.1,6.5,27.5
kramatorsk,Kramatorsk / Donetsk North,2026-06-16,18.4,0.4,17.0
kramatorsk,Kramatorsk / Donetsk North,2026-06-17,19.0,0.2,18.4
kramatorsk,Kramatorsk / Donetsk North,2026-06-18,18.6,0.2,13.2
kramatorsk,Kramatorsk / Donetsk North,2026-06-19,19.7,0.2,14.1
kramatorsk,Kramatorsk / Donetsk North,2026-06-20,21.5,0.0,15.8
kramatorsk,Kramatorsk / Donetsk North,2026-06-21,20.4,0.0,25.8
kramatorsk,Kramatorsk / Donetsk North,2026-06-22,22.8,0.2,18.7
kramatorsk,Kramatorsk / Donetsk North,2026-06-23,23.6,0.4,15.7
kramatorsk,Kramatorsk / Donetsk North,2026-06-24,23.4,0.0,15.9
kramatorsk,Kramatorsk / Donetsk North,2026-06-25,20.2,6.4,17.4
kramatorsk,Kramatorsk / Donetsk North,2026-06-26,19.5,2.5,18.6
kramatorsk,Kramatorsk / Donetsk North,2026-06-27,20.2,0.0,15.2
kramatorsk,Kramatorsk / Donetsk North,2026-06-28,21.1,1.1,22.6
kramatorsk,Kramatorsk / Donetsk North,2026-06-29,22.4,0.0,17.2
kramatorsk,Kramatorsk / Donetsk North,2026-06-30,22.2,4.7,14.2
kramatorsk,Kramatorsk / Donetsk North,2026-07-01,23.8,0.0,11.4
kramatorsk,Kramatorsk / Donetsk North,2026-07-02,25.8,0.0,12.0
kramatorsk,Kramatorsk / Donetsk North,2026-07-03,27.8,0.0,11.7
